cat,F0,F1,F2,F3,F4,F5,F6,F7,F8,Sx,Sy,Sz
general_aleatoire,-0.501839638,1.18617177,1.80285716,-1.26626086,0.927975655,1.11876392,0.39463377,0.387400627,-1.37592554,3.03541803,1.06562281,-0.68920207
general_aleatoire,-0.216669083,-1.3760221,-1.60010052,-1.76766562,-0.163004637,1.46470451,-0.665165663,0.404459953,-1.42853284,2.73543429,1.86552036,1.21706522
general_aleatoire,0.832290173,0.603553772,-1.91766214,-1.77435374,1.87963939,0.887995005,1.32977033,1.75421071,-1.15064359,3.24933505,2.67172337,0.823141932
general_aleatoire,-1.99688506,-1.27270031,1.96884608,-1.26638198,0.46992588,-0.783031225,0.446612597,0.0990257263,-1.971735,3.51926565,1.74948823,0.756592214
general_aleatoire,-0.272220135,-1.90775037,-0.835083485,0.099098444,0.447411537,-0.400556326,-1.44202471,-1.81333756,-0.831421614,3.15067887,0.784855127,-0.545469403
general_aleatoire,1.89502192,-0.534552813,-1.06891465,-0.175720215,-1.63757443,1.14070368,0.473543882,-1.20130491,-0.47015214,2.455019,2.14980364,0.522313714
general_aleatoire,0.0569376945,1.93292332,0.369658232,-0.132948637,-1.81419849,1.4397614,0.430179358,0.72123003,-1.31790352,3.03542185,1.55660522,0.251547545
general_aleatoire,-0.198003054,-1.73979378,-1.94694018,1.795542,1.76880693,1.86252809,0.253152847,1.23358917,-0.458334208,3.98715377,1.21841085,-1.04513252
general_aleatoire,-0.781544924,-1.93613505,-1.60931158,-1.07642484,0.736932039,-1.03589821,-0.239390135,0.733053923,-1.51184726,2.81237721,2.05737591,0.679893196
general_aleatoire,0.439986467,-0.019292593,1.33277965,-1.86244607,-1.30654144,1.63728142,-0.435757637,-0.964880228,-1.2710557,2.86396408,2.01716065,0.54031688
general_aleatoire,0.650089025,1.02144551,-0.753155708,-0.299376726,0.0802719593,-1.16823339,0.186841011,0.270801306,-1.26058221,2.03178167,1.01299882,-0.192500308
general_aleatoire,-1.87474704,1.87833834,1.36913896,1.1005311,-0.200983524,1.75799561,-0.419399261,1.57930923,1.70663524,3.70862103,2.22206807,0.388261378
general_aleatoire,0.391599894,0.909087896,1.6874969,-0.693836927,-1.64603019,0.281775713,-1.21606874,0.0833368301,-1.81909108,2.83326387,1.82586086,-0.728949904
general_aleatoire,1.84468794,-0.698678732,1.3781352,-0.445291042,0.989280224,-0.914603949,0.158768415,1.31494999,0.347004652,2.70458817,1.46727145,0.459099382
general_aleatoire,-0.572986841,1.86102104,-0.876262188,0.428136826,0.170784235,-0.896003485,-1.43630314,-0.81490612,1.20878792,2.59986472,1.68228102,0.416749775
general_aleatoire,-1.33893228,-1.70179749,-1.93745446,1.94754767,-0.3063941,1.08897901,-0.420474052,-1.20513749,-0.826047421,3.60433745,1.67943525,0.12263003
general_aleatoire,-1.97791171,-1.94368076,1.26184559,-1.20463061,0.827429295,0.84536767,0.9160285,1.16070199,1.08508134,3.25616455,1.95370364,-1.03772688
general_aleatoire,0.423839808,-1.70382142,1.70520329,-0.566137314,0.60430789,-1.53652382,1.65983868,1.45241356,1.40015411,3.13184834,2.45554137,0.15431878
general_aleatoire,0.493192434,-0.202197313,-0.676408052,-1.61835957,-1.74576664,-0.516727209,-0.756070852,0.675364971,-0.699266911,2.44389892,1.21687126,0.859513521
general_aleatoire,0.663689375,0.918424606,0.365190983,0.550229788,-0.901113033,1.54885077,0.24497366,-0.11114049,-0.468292713,1.89555275,1.1909138,0.459689915
general_aleatoire,-1.52162313,1.88684821,0.852978945,1.39565516,1.04314017,0.886918068,0.245108604,-1.05606055,1.0838685,2.66954279,1.95244789,-1.35548043
general_aleatoire,-0.975726843,-0.0248177052,-1.83826566,0.0909311771,0.842651367,-0.28983593,-1.55643678,-1.89832354,-0.242654085,2.75921988,1.88050926,-0.263843983
general_aleatoire,-1.56843448,-1.19312334,-1.87428331,1.5830543,0.545641422,-0.0985193253,-0.742576122,0.253102064,0.0342826843,3.00086904,1.28400588,-0.415605575
general_aleatoire,0.782064199,1.63026571,-1.4426744,-1.00283122,0.417669296,-0.358468533,0.159364223,1.0222044,-1.18775511,2.79021049,1.15088367,-0.174844787
general_aleatoire,-1.0848074,1.77141428,-1.6920805,0.395461798,-0.840994358,0.779139519,-1.35511494,1.52187133,1.71879053,3.06903958,2.51560092,0.0893766209
general_aleatoire,0.497416019,1.23248148,-0.817465305,0.533614874,-1.5780232,1.48584223,-0.173861742,1.2146883,-1.12623835,3.10455418,0.742405891,0.0446791425
general_aleatoire,-1.25371981,-0.333960295,1.57023597,1.53312087,0.157368898,-0.702620029,1.22976041,-1.51164842,1.58436513,2.71951008,2.41927195,-0.277266294
general_aleatoire,-0.574808836,-0.727986336,1.62731361,-1.55979252,-0.911471128,-1.08825946,0.590760469,-0.291568995,-1.99791861,2.80553389,2.03408766,0.611322641
general_aleatoire,1.27205896,-0.589724779,1.44292212,-0.780874968,-1.97219157,-1.34137678,0.0429890156,0.136357546,-0.330356121,2.699229,1.76785266,0.254886985
general_aleatoire,-0.060680151,-1.11156893,0.769743919,-1.52053857,-0.922350883,-0.649539471,-1.02349806,1.77163863,-1.32683587,2.74091077,1.94356787,-0.270443738
general_aleatoire,-0.707188368,-1.12494326,0.0751624107,0.232407808,0.812075615,-0.384655476,-0.545481682,-1.74043107,1.88712811,2.95024848,0.893877208,-0.132750139
general_aleatoire,-0.984338522,1.84978914,-1.01249576,-0.992871046,0.785217047,-0.0110061169,0.849082232,-0.796486855,-1.40765238,2.67590117,1.75319266,-0.347787142
general_aleatoire,-0.860638142,1.99096179,-1.85245228,-0.93287611,0.438257217,1.90645981,0.0107159615,-0.355852127,-1.79408503,3.32241154,2.2070179,-0.518906593
general_aleatoire,-1.86779714,-0.885414362,-0.619715214,1.63306332,0.537405252,-1.04175258,0.722821712,-1.42042065,0.123738289,2.69577575,1.59474671,1.20107174
general_aleatoire,-0.0421891212,-0.20886755,1.94260168,0.21157217,-1.03177905,0.370786667,0.688542128,-1.67658687,1.04647827,2.71271253,1.43337047,0.180858999
general_aleatoire,-0.521382332,-1.04944992,-1.03136039,0.912865162,1.21255898,-0.528867483,-0.118797541,0.529223204,1.93369246,2.42500472,1.78048146,-0.0529669039
general_aleatoire,0.534118652,-0.404702425,0.143098593,1.26572728,-1.63884115,1.19338036,1.34120989,-1.39713001,-0.716879845,2.94130754,1.33200765,0.144099712
general_aleatoire,0.0327949524,-1.25392604,0.783251047,-1.83689952,1.4334352,0.363571644,-0.696164608,0.710257292,-1.11903596,2.71249723,1.48992991,0.64173919
general_aleatoire,-1.93364882,0.844598055,0.0483720303,1.23800397,-1.09401703,-0.605336189,0.580691099,-1.61529398,-1.30253434,3.19215488,1.41523063,0.029732585
general_aleatoire,1.76209283,0.763750792,-0.409712076,-0.45305872,0.0710053444,1.74691987,1.35084033,-1.44991636,0.702760458,2.31481194,2.1211834,1.29665327
general_aleatoire,-0.635734797,0.940864325,-1.5461061,-1.16371369,1.69877434,0.16579175,1.50935721,0.78313756,-0.968233585,2.48135924,2.10723782,1.08569109
general_aleatoire,-1.08579993,0.63993597,-1.30018044,1.26888871,1.92867327,0.220803022,0.0665433407,0.118602276,-0.956683397,2.33851886,1.93454933,0.616561115
general_aleatoire,-1.03259087,1.98501468,-1.62758899,1.86167717,1.5888629,0.233173609,1.60167217,1.53054523,0.532405615,3.38018012,2.72166157,-0.242050514
general_aleatoire,-1.24517179,-0.643880844,-0.884514809,-0.603161812,0.801431179,0.90382266,1.38664436,1.5884409,1.42529702,3.07273126,1.24848402,0.21772033
general_aleatoire,1.54834557,-0.381967545,1.11950207,1.55108023,0.56812644,1.4037137,-1.66344023,1.74253988,-1.35348535,3.69601059,1.56562603,-0.13896051
general_aleatoire,1.14136243,1.59421659,0.675952911,0.425716162,0.322746277,-1.96321201,-0.510869026,-1.59411407,1.76053357,3.10337567,2.12669015,-0.434349716
general_aleatoire,0.654006958,1.89465523,-1.97975373,-0.864316225,-1.35676789,-0.778544664,0.194935083,-0.0575451851,0.767580748,2.93582702,1.77127028,-0.0698137656
general_aleatoire,-0.206303596,0.60784483,1.97782969,-1.10292292,-1.29629922,0.848716736,-1.92769861,-1.05100369,-0.0244252682,2.79522657,2.12835646,-0.647326887
general_aleatoire,-0.698401213,-1.28470922,0.98596549,-0.53412509,0.598531485,0.976681948,1.3968935,0.883759499,0.630451441,2.14808345,1.5147959,-0.963716269
general_aleatoire,-0.767756939,0.273234367,0.17016077,-1.62530112,0.0352561474,-0.529136896,0.545330286,-0.939190626,-0.998152733,1.93632519,1.42816043,0.0516823195
general_aleatoire,-1.02404165,0.359483242,1.89204216,1.91557121,-0.427609205,-0.0530314445,1.56818604,1.62439513,0.524554491,2.78230667,2.2396915,1.10831594
general_aleatoire,-0.262422562,1.179245,-0.599686384,0.0105483532,0.580413342,0.307615519,0.675696135,-0.0299293995,1.45667005,1.83077657,1.21111643,0.10737507
general_aleatoire,-1.21902823,-1.07925916,0.889808416,-0.00322651863,-0.876910686,0.288016796,-1.90273619,1.07421589,0.581889153,2.48034215,1.80412304,0.0225434955
general_aleatoire,-1.82558513,-1.29155731,1.97820187,1.76183414,-0.120222092,1.81571412,-0.88175869,1.65945745,1.53397608,3.24868011,2.52779055,2.06645274
general_aleatoire,-0.519365311,0.990875006,-1.93817377,1.81228733,1.71327424,-0.676998854,-0.287263632,0.211059809,1.86661911,3.11632895,2.14886117,-0.984040141
general_aleatoire,0.289169788,1.85447979,1.92132616,1.41203761,-1.69861507,-0.82220459,-0.777212143,-0.45960927,-1.23635602,3.43996549,1.80172753,0.183478445
general_aleatoire,1.4045465,-0.926100731,-0.732312202,-0.0588805676,-1.32202911,-0.509252548,0.227205038,-0.421234369,1.74461889,2.15991807,1.71922672,-1.01441061
general_aleatoire,1.37685251,0.784119129,1.72006726,0.280244589,-1.71833563,-1.61129403,-1.16432524,0.460028887,0.684573889,3.09998226,1.82416368,-0.441744536
general_aleatoire,1.96021533,-0.565412998,-1.43966413,-0.983345509,0.0733184814,-0.818837881,1.50949216,-0.709797144,0.963074446,2.80850077,1.89738631,-0.315829933
general_aleatoire,1.39467907,0.788062811,-1.45351481,0.809936285,0.835643768,-0.562035561,0.211279869,-0.825632811,-0.813959599,2.50591111,1.20744824,0.0194088463
general_aleatoire,1.2374444,-0.320876598,1.24045348,-0.975172281,1.46828914,0.446054697,1.65296221,-1.67362332,0.0453693867,3.12996387,1.48828256,-0.049517896
general_aleatoire,-1.97926068,0.00606513023,0.511577606,1.19318056,-1.22290421,0.599855661,-1.71623635,0.807867289,-0.412864923,3.0790236,1.31246626,-0.154409349
general_aleatoire,1.18317056,-1.79692602,1.56002116,1.5464685,-0.648019552,-1.88953304,-0.497668266,0.31545949,-1.62407231,3.09958887,2.56297755,-0.502817214
general_aleatoire,-0.246103525,0.313120365,0.688104391,-1.85623097,-0.687389374,-0.137608051,-1.3798337,0.17057848,1.9273634,2.73324299,1.65131295,0.139455929
general_aleatoire,-0.853835106,1.35573387,0.363332987,1.44161844,-1.87799907,-0.998994589,-1.8506074,-1.84466124,1.29040217,3.04460144,2.91555357,0.15749526
general_aleatoire,-0.786937952,-0.55923748,0.148329496,-1.49175811,-0.693395138,0.0889728069,1.31147599,1.07997417,-0.913828373,2.64214873,0.630968928,0.101972543
general_aleatoire,-1.13671613,1.86100721,0.49156189,-0.170939445,-1.65861034,1.3680923,-1.79327321,-1.22248006,0.125418425,2.86211562,2.16889668,-1.21621859
general_aleatoire,-0.354584455,0.162540436,0.798048735,0.549719572,-1.4465878,0.904365301,-1.46901846,1.90340829,1.87814736,3.21380663,1.72570455,0.0593431927
general_aleatoire,0.0652012825,0.858380318,-0.708174229,-1.83573008,1.18074465,-0.404716492,-0.916671038,-0.265917063,-0.244114399,2.38338447,1.12138247,-0.450563639
general_aleatoire,0.97617054,-1.68617463,-0.996557951,-1.89859724,-1.26266551,1.85059357,-1.67650819,1.34392047,-0.28674221,3.20860386,2.59133816,1.04964983
general_aleatoire,0.783896685,0.753999472,-0.364188433,-1.76722574,-1.30682278,1.66085482,-1.37425184,-0.230591297,-0.999028444,3.01048017,1.64958251,-0.246247485
general_aleatoire,-1.04085064,0.196906567,-1.62450695,0.858383656,-1.26853609,0.64078927,1.73845577,-0.880264521,0.553082228,2.99580717,1.12321401,-0.619924009
general_aleatoire,1.81946111,0.0667848587,0.951587439,0.628445148,0.217416048,-0.257308483,0.446882963,0.920157194,-0.32159996,2.13782382,1.09596872,0.327445358
general_aleatoire,-1.80913568,-1.00907612,0.264148712,-0.576109409,-1.36541438,1.03138423,-1.51934147,-1.9424262,-0.632481337,3.44613099,1.25522959,-0.806860328
general_aleatoire,-1.53570962,-1.63280392,-1.81598949,-1.62337208,-1.83708501,-0.754346848,1.4218421,1.91804194,0.814631224,4.53293324,0.83347255,0.15332292
general_aleatoire,-1.29867911,-0.103304863,-1.93135571,-1.60866356,1.0534575,-0.0335366726,1.22765183,-0.106112957,-0.61478281,2.68851089,1.84334648,0.629604042
general_aleatoire,-1.30719256,-0.14130497,-0.264593601,0.599094629,-0.405981064,-1.80776453,0.463400364,1.7965827,0.540374517,2.29736686,1.71846461,-1.04590428
general_aleatoire,1.54672146,-1.818784,-0.956425667,-0.501549721,-1.93878198,0.503439426,1.7337451,0.0125448704,0.00415945053,2.94355679,2.15460253,-0.760368109
general_aleatoire,1.42595935,0.157509565,0.634774446,0.735854864,-1.34826231,0.463404655,-1.71772504,1.77556634,0.569676876,3.01484346,1.33381319,-0.771072686
general_aleatoire,1.77700639,-1.89395499,1.46879554,0.343102217,0.545614243,1.76092076,1.2037971,0.301896572,0.708673239,3.27932215,1.74823022,-0.80663389
general_aleatoire,-0.447320461,0.293467999,0.573152781,-1.48599863,-0.166988611,1.24481654,0.182466984,1.28255773,1.76585913,2.57721305,1.59150279,0.148212865
general_aleatoire,0.503758669,-0.455589533,1.28170729,1.84476209,0.605938911,1.6214025,-1.1732626,-1.2168355,-0.904155493,3.25755119,1.21808612,-0.287613511
general_aleatoire,-1.72255492,-1.14164352,-1.59688807,-0.490963697,-1.92711282,-1.84414768,-1.62222838,0.473015308,0.732027054,3.61868715,2.08958602,0.325962663
general_aleatoire,-0.653783321,-1.71524549,0.622890472,-0.72409749,-0.458413601,1.3795011,0.726454496,-1.90691233,-0.637501955,2.61973095,1.99697471,-0.338433206
general_aleatoire,1.25787377,-0.957221985,-0.872581005,-0.0158503056,-1.52734089,0.771561384,0.786948442,-0.60665369,0.515771151,2.17264557,1.53023136,-0.616105795
general_aleatoire,1.74659252,1.50988793,-1.8432548,0.940284014,-0.328216076,1.21392369,1.87032199,-0.871861935,0.191887379,3.04358101,2.38708472,0.725888968
general_aleatoire,-1.29024196,-0.306116343,1.00245881,0.274080992,1.22733879,0.303698063,1.9620204,0.926590919,-0.349529505,2.74308634,1.25016272,-0.424152315
general_aleatoire,-1.48924112,-0.511927843,-0.999934435,1.10565162,0.32217598,-0.636785984,1.46846628,1.72302914,0.247466564,2.92349792,1.10432899,-0.794742525
general_aleatoire,1.43365097,-1.04561257,-0.284024,0.719378948,1.00348425,0.959635019,1.01817131,-1.04705548,-1.58750463,2.74935722,1.55263913,-0.598524511
general_aleatoire,-0.489084482,1.61021161,0.13730979,0.0210094452,-0.0137553215,1.30582976,-0.441527843,-0.719801664,-0.809459448,1.90492058,1.42949367,-0.502765238
general_aleatoire,1.58209276,-1.60006046,-0.443193436,-1.7860589,-1.95664954,1.83416581,1.62152767,1.38857245,-1.63485336,4.20170879,2.28336048,0.0664663538
general_aleatoire,-0.580379248,-0.722745657,1.82720351,1.80024767,0.707079411,1.80242848,-0.0699162483,0.293751478,-0.0278975964,2.79698348,1.83818996,0.278158844
general_aleatoire,0.527348757,-1.66686249,-0.206218004,-1.63318348,-0.827157021,0.409763575,-0.685341835,0.21481204,0.690073729,2.00608516,1.84570026,-0.423660874
general_aleatoire,-1.14908862,1.00949788,1.78477812,1.16631603,1.12518406,1.15847254,-1.54614162,-1.6351757,1.72371626,3.19964576,2.47550917,-1.07841861
general_aleatoire,-0.02231884,1.89699268,-1.76976514,1.98372483,0.198115349,-1.77651548,-0.233878136,0.948142052,1.55081654,3.38339376,2.07516122,-1.21104264
general_aleatoire,0.183662891,-0.596340179,0.823325872,-1.53173208,1.87460756,-1.42803335,0.752120018,1.04604244,1.34785533,3.00751209,1.79193926,-0.432761669
general_aleatoire,0.472872019,1.4674747,-1.59550953,1.35392284,-1.66357279,-0.29563427,0.8038764,-1.10969448,-1.70894814,2.86157775,2.40697122,0.653243184
general_aleatoire,-0.413393736,1.28744006,1.56758761,0.824968815,-1.41358089,-1.67460489,0.0533046722,-1.6606493,-1.06708789,3.62951159,0.674936414,-0.197973892
general_aleatoire,1.94655824,0.325221539,-0.502917051,1.45255399,-0.517431498,1.52143979,1.25119805,-1.05325937,1.78899407,3.32772303,1.89272606,0.243743449
general_aleatoire,1.63077474,1.94400406,0.367554903,1.01351261,-0.599127054,-0.494961739,0.832724571,-1.66599727,-0.0733320713,2.74511623,1.98885274,-0.433565944
general_aleatoire,1.1085875,-0.488049746,0.233616829,0.820337296,-0.30311203,-1.00510359,1.62541747,-0.678989887,-1.55521011,2.80520177,0.97395581,-0.0272002071
general_aleatoire,-0.262192726,-0.0294997692,-0.985271454,-1.95458555,-0.379191875,-0.125357628,0.28589201,-1.77478695,0.963895321,2.12534642,2.0043571,-0.804010332
general_aleatoire,-1.52472854,1.06877923,-1.52989507,1.2911613,0.596841097,0.976846457,0.984179497,0.724157572,0.333474874,2.87146544,1.45130193,0.19452323
general_aleatoire,-1.0499742,1.84869003,-0.399108648,-0.500517845,-0.0891406536,-0.857151747,-1.66843486,1.47439647,0.11348033,3.05968142,0.950997889,0.61393106
general_aleatoire,-1.10561681,-0.254656792,1.85289001,1.20843697,-1.95138216,1.9116025,1.87951517,0.224020004,-1.82736039,3.66937304,2.65373182,0.241439834
general_aleatoire,-0.709254503,1.56457233,-1.82639694,0.110804319,1.69857311,1.97185898,1.67646265,-1.70481396,-0.988039494,3.39218092,2.66637683,1.07191145
general_aleatoire,0.215416908,0.781644344,1.87721014,-1.69826198,0.0923912525,-1.33513832,0.517594337,-1.13276362,0.782994747,2.81500697,1.53632438,0.857960224
general_aleatoire,-0.822024345,-0.18183589,1.98332548,0.51023221,0.787700176,0.337257147,-0.463192701,1.6046319,0.948402643,2.52117872,1.63026643,0.558271527
general_aleatoire,-1.81821465,1.66101718,-0.87614727,1.83480954,1.80164576,-1.76854444,1.56105494,-0.421912909,-0.177373171,3.23990679,2.95133376,0.108237676
general_aleatoire,-1.57297587,0.480530262,-0.657359838,-0.890475273,-1.32128048,-1.24751544,0.587393284,-0.145206451,-0.446926594,2.29888272,1.49852693,-0.517417967
general_aleatoire,-0.586591244,-1.08242106,0.33462429,-0.936248302,-1.68906164,-0.558619738,1.89757919,-0.960200787,1.94484282,2.93942857,2.27143669,0.418073863
general_aleatoire,-0.187036753,0.792646646,-1.87073636,0.144385338,-0.880946159,-0.761889696,-0.355173349,1.25517988,0.411127329,2.08102846,1.75311327,0.0829477087
general_aleatoire,0.738924503,-0.916169643,-1.34953237,-1.46725965,1.64370871,-1.69519854,1.29014874,1.76212716,1.79919958,3.25451851,2.62437248,1.20930374
general_aleatoire,-0.33344388,0.902877808,0.324650288,0.453660727,1.67670608,-0.327028036,-1.66900635,1.73091388,1.50664592,3.08575845,1.6387763,0.00161530543
general_aleatoire,1.46425533,0.20635128,-1.81912541,-1.34066296,-1.8945322,-0.354979753,-0.494146585,1.11040902,1.24221325,2.73112798,2.54821968,0.276190162
general_aleatoire,-0.0785198212,1.94910431,1.94114399,-1.3983326,-0.493044138,0.376522779,0.998313189,-0.476436615,-0.428042412,2.84420037,1.76182282,0.356025457
general_aleatoire,1.87965751,1.31665683,1.36847568,0.276325703,1.35331464,-1.74595284,-0.125227451,-1.85271263,-0.340722084,3.02970529,2.347579,-0.984717309
general_aleatoire,-1.46459174,-0.906371832,-1.94531226,-1.77449822,-1.69856381,1.45888948,0.766857386,1.25160384,0.137384892,3.29999423,2.44986844,0.441294253
general_aleatoire,1.99887061,0.999642849,1.98654723,1.65266299,0.221726656,0.340598106,1.07594943,0.904483318,1.77906275,3.97162271,1.09734178,0.021905968
general_aleatoire,1.0283246,1.39858937,-0.48859787,-1.01060772,-1.03566074,-0.197823524,-1.17981887,-1.48336244,-0.99423027,2.98396182,1.01956165,-0.150277004
general_aleatoire,1.81620407,-0.901072979,0.424698353,-1.17108941,-1.08542895,1.51288247,0.686802626,1.0279963,0.47251296,2.36324096,1.99917197,-1.13994074
general_aleatoire,-1.81241417,-0.567349195,-0.925310135,-1.54576969,-1.91126108,0.686292648,-0.00733947754,0.0812306404,-0.0951573849,2.98310637,1.44672847,-0.00303357723
general_aleatoire,1.08927345,1.32548594,0.0806539059,-0.768891096,1.40872598,1.26554275,0.207627296,1.87189484,0.243751764,2.85118651,1.56552994,-0.391920358
general_aleatoire,-1.64636731,1.50661421,1.16727114,-0.386068583,0.359823465,-1.46393919,-0.0798163414,-1.88486934,-0.317857027,2.89489412,1.61407197,1.19961226
general_aleatoire,1.02054882,1.13867283,0.481238127,0.557445288,0.816318989,1.2201786,-1.14814353,1.61260414,-1.45451427,2.54310155,2.06769109,-0.572073638
general_aleatoire,0.469054699,-1.94182158,1.92185068,-0.597649813,0.432351351,0.359670639,0.546577215,-0.431023836,0.219262362,2.8331511,0.910595059,-0.185321927
general_aleatoire,-0.250100374,-1.63599181,1.61663461,0.905587912,-0.606978178,0.189785004,0.0559577942,-0.196358442,1.13461185,2.554106,0.994344056,0.627624035
general_aleatoire,1.64188504,-0.413829088,-0.808162212,0.488346577,0.094408989,1.44945478,0.790567398,1.79808235,1.1858871,2.57036257,1.85285842,-1.04549432
general_aleatoire,-1.41170621,-0.162612915,1.70635033,1.36836553,-0.0315349102,1.07567096,-0.967022657,-1.73505616,-0.163457155,2.48999214,1.98667419,-1.33671618
general_aleatoire,-1.81655502,1.92013025,0.483222723,-0.0295276642,-0.610346556,-0.684993744,-1.16347694,0.533603191,0.318599701,3.00802112,0.7827847,0.376644313
general_aleatoire,-1.03941774,-0.633747339,-1.69654679,0.149053574,-1.48448133,-0.159523487,-1.48781681,0.33906436,-1.3923893,2.83481169,1.66765022,0.248483717
general_aleatoire,-0.398798227,-1.44469142,0.790670156,0.563498974,-1.27973104,-1.27247977,0.786005735,-0.617331028,-0.353355169,2.16556454,1.6162641,0.517264903
general_aleatoire,1.58715343,1.49727035,-0.104153633,0.0609440804,0.670230865,1.89244127,-1.31072068,0.407741547,-1.23084402,2.64387584,1.92986929,-1.22095191
general_aleatoire,-1.10460377,-1.83652568,1.28716254,-1.32425976,-0.619669676,-0.885638714,-0.609523296,-1.29195809,-1.87278128,2.92707253,2.36054683,0.761461079
general_aleatoire,-1.64519,0.194861174,-1.51745653,0.137693882,-0.156885147,-0.576034069,-1.17466521,1.57686901,-0.542920589,2.77885151,1.29591751,-0.427061349
general_aleatoire,-1.48500657,0.013669014,-0.679602146,0.761579275,-0.713669062,-1.8427515,-1.63083768,1.19764137,-0.0754184723,2.64147544,1.97799373,-0.601800144
general_aleatoire,0.511601448,0.751138687,-1.6729641,0.0466279984,1.49431443,-1.37208939,1.68348956,-0.490856171,-1.75568819,3.23732257,1.84329081,0.148567468
general_aleatoire,-1.98961997,-0.892489433,1.47320437,1.22480512,-1.66193199,0.993038654,0.389112234,-1.26191616,1.94502783,3.39831233,2.42220664,0.533954322
general_aleatoire,-1.1626029,0.146362543,-0.518111706,1.69616699,-0.0619082451,-1.05553389,0.473018885,1.03982162,-0.524345636,2.25885963,1.21752203,-0.794721186
general_aleatoire,0.125062943,-0.149861336,0.882064104,0.989883661,-1.75063467,-1.85326719,-1.40904379,-0.990252256,-1.4675324,3.15044212,1.75356221,-0.643985033
general_aleatoire,0.853398323,0.748661995,1.58082724,1.37776256,0.0467095375,0.998464823,0.128453732,-1.8781116,-1.57131219,3.16530395,1.62846887,-0.164035484
general_aleatoire,1.46885991,-0.210350752,-0.583413363,0.130468845,-0.411344767,-1.03011799,-1.58052349,-0.923027277,0.949620724,2.54423165,1.04388249,-0.691770077
general_aleatoire,-0.490863562,-1.27086449,-1.9197154,0.255860329,-0.711683512,1.36283994,-1.15420818,-1.64318275,-0.690010786,3.05585837,1.6856308,0.547156274
general_aleatoire,0.141342163,-1.52095151,-1.06713438,1.56210899,-0.628292561,0.374369621,-0.104120255,0.716409206,-0.57958293,2.06698179,1.57400763,-0.746473372
general_aleatoire,1.15668488,0.595291138,-0.00623130798,-0.0816717148,-1.65231895,0.336797714,0.148426056,0.947289705,0.347364426,2.07609248,1.0290271,-0.462152094
general_aleatoire,0.230968952,0.981757879,0.346141577,-0.273361921,0.257833958,-1.48967886,-0.484909534,-0.864896536,-0.650212765,1.81756008,1.25687718,0.141605347
general_aleatoire,-0.547670841,1.59858942,0.583668947,0.430220842,0.283113003,-1.02258754,-0.57561326,-0.00700926781,1.9460609,2.46679473,1.58645201,-0.153803557
general_aleatoire,-0.678606272,0.423099041,1.7347672,-1.05109286,-1.9698627,-1.59287024,-1.09866881,-1.38856363,-0.538572788,3.41446066,1.71403754,0.0101556042
general_aleatoire,-1.01616931,-0.048760891,-1.35727453,1.40327001,-1.25373197,-1.64844966,-0.859619379,1.22345948,-1.30650568,2.54415345,2.45560551,-0.75868845
general_aleatoire,-1.77738619,1.58706164,1.36925602,-1.67906523,-1.79345822,0.0980453491,-1.92703009,-0.358412743,0.787845612,3.40063381,2.54849863,0.0392701477
general_aleatoire,1.92951441,1.98902202,-1.5518446,1.58644104,-0.408577681,0.303993464,1.87788153,1.66958237,1.4620285,3.85114551,2.19491196,-1.29077923
general_aleatoire,-1.97880006,1.26828814,1.90026855,-0.968388796,-0.0370049477,-1.31644988,0.891584158,0.674572706,1.28344584,3.11764073,2.1961596,-0.402262777
general_aleatoire,1.71750379,0.873828888,0.227051497,0.140146732,0.286450624,-0.0935220718,-0.880083799,1.35433006,1.0779717,1.96664667,1.9327389,0.20734556
general_aleatoire,-1.17968988,-1.25182509,1.87197614,-0.705283165,0.843809843,-0.298254251,-1.20197248,0.0304412842,0.944988728,2.86169577,1.37902498,-0.0952885672
general_aleatoire,-1.03036118,0.11935997,-1.54065275,0.828920364,0.442480087,1.07111788,-0.845477819,-1.65083933,0.324952841,2.36862159,1.84322262,-0.132490486
general_aleatoire,0.0244157314,-1.38254929,1.72805715,-0.0754396915,-0.717431307,0.130357504,0.375532389,-1.79270601,-0.523078203,2.53877568,1.60910308,0.171601877
general_aleatoire,-0.65358305,-0.182928324,-1.46234131,0.19441247,-1.74650025,0.195687771,1.95984077,-1.19307828,-0.710584641,2.66903734,1.61363769,-1.32935464
general_aleatoire,0.738286018,1.23949766,-1.64852762,-0.981437445,-1.44470096,0.726010799,-1.98915648,1.04091144,-1.53321576,3.15548277,2.3543036,0.517406166
general_aleatoire,0.38255477,-0.107335329,-0.113695383,0.424407482,-0.352636576,1.17715764,-0.604526997,-1.57320309,1.71811652,2.61627936,0.834327757,0.335104078
general_aleatoire,1.40290976,1.32247758,0.983897924,1.86010742,-0.365926981,-1.50281119,1.73175216,0.923469782,1.9637177,3.46398592,2.4268651,-0.597141683
general_aleatoire,1.7533617,-1.17999291,-1.27506781,-0.483085871,-1.73401499,1.70579767,0.964482546,0.886386156,0.297892332,2.71981382,2.3043077,-1.15750158
general_aleatoire,-1.80762148,1.36731505,1.12605786,-1.44091058,1.31176353,1.18106914,1.00200748,-1.19349074,1.19814849,3.51682234,1.75182998,-0.154834762
general_aleatoire,-1.34537625,1.30053067,-1.34293699,-1.25438023,1.25829887,-1.0572331,0.660788774,0.53503418,0.0922615528,3.09516025,0.844777882,0.131047249
general_aleatoire,1.63146448,-0.564678192,-0.735213757,1.50880194,0.353226662,-0.43021965,0.73192811,1.26639771,-0.192205667,2.50213051,1.4173882,-0.119149581
general_aleatoire,-0.243460417,0.855129719,-0.492222309,1.59866977,-0.149281025,0.496406078,-0.794488668,0.159124136,0.990437508,1.8420949,1.24506414,-0.742463708
general_aleatoire,-0.245021343,0.010881424,0.309944868,-1.07114935,-0.578550339,1.59829807,-0.434071779,-0.464435339,0.127429724,2.09820104,0.448191673,-0.099454172
general_aleatoire,0.174211264,-1.73352361,1.62588835,-1.08389854,0.496951818,0.171397209,-1.532408,-0.273887634,1.75932837,2.95724916,1.96866345,-0.166455433
general_aleatoire,-0.668736935,0.510832071,0.922196388,-0.660377741,0.774870396,-1.44291186,-1.33307719,1.17610073,1.51451635,2.65998054,1.74757731,-0.0408306047
general_aleatoire,0.48029089,-0.0183055401,0.133844137,0.965843439,1.57557011,0.292603254,1.15438867,1.99077034,-1.39330053,3.1101234,1.07234299,-0.405092269
general_aleatoire,1.00961232,-0.753111839,0.827921629,-1.00604367,1.11428761,0.975785017,-1.42748809,-1.86587048,-1.18182182,2.77525091,1.92248726,0.997892499
general_aleatoire,0.279558659,0.856256247,1.04983473,-0.0240740776,1.50706244,1.0185411,-0.631673098,-1.58833599,1.28502917,2.4157145,1.96445477,0.317940533
general_aleatoire,0.145925283,-1.55747318,-0.484713793,1.38580894,-0.171999216,-1.49004555,0.415831327,-0.410851002,0.00915336609,2.23679471,1.43729794,0.353513449
general_aleatoire,1.18918133,0.159442425,-1.40033031,-0.0545701981,-1.08299446,-0.364179373,0.889010191,1.08752775,0.880146027,1.94738758,1.83282065,-0.552397728
general_aleatoire,-1.95118785,0.564590454,0.393770695,0.775793552,0.262033224,0.170897722,0.864716291,-0.992803812,0.396117449,2.41991711,0.890211642,-0.471700609
general_aleatoire,-0.61721611,1.30719519,-1.27360916,1.83629894,1.63380218,-0.629903078,0.333567142,-1.0905962,-0.396594524,2.76128674,1.73137367,0.992709517
general_aleatoire,-0.305612564,-0.151976824,-0.848281622,1.78913331,0.459800959,-1.38659453,1.64740944,0.344919205,-1.44353533,3.21201468,0.876741827,0.046309296
general_aleatoire,0.0235545635,-1.59682178,0.445816755,-0.975938082,-1.92755938,0.904382229,1.48849559,0.371851444,1.72847295,2.80973172,2.31018782,-0.587321758
general_aleatoire,-1.59114957,0.260532618,1.67500186,0.786603212,1.1603384,1.68999743,-1.90790963,0.828954458,0.60546875,3.14903688,2.10929775,0.744844854
general_aleatoire,-1.38984394,1.08498645,0.30515337,-0.502258539,0.426860094,-1.72431397,-0.303477526,-1.69071579,0.945776939,2.51886749,1.65795493,1.16675448
general_aleatoire,-1.58301234,1.737468,1.36175847,1.70227385,1.64274478,-0.196642637,-1.50875688,-1.54704785,-1.05637598,3.31715226,2.69070649,0.745894253
general_aleatoire,1.93936467,-1.33791804,1.35559225,-1.25471663,-1.50134945,1.34996295,1.68336749,-0.671414375,1.47958541,3.6113224,2.30076194,-0.422012329
general_aleatoire,-0.754223108,0.0753521919,-1.09041762,0.365101576,0.431577444,-0.403989315,-0.482777357,-1.78095365,0.976998568,2.2368834,1.24075782,0.250151813
general_aleatoire,-0.659211159,-1.17768097,1.21141362,1.15115952,-1.98147202,0.414885998,-0.666003466,-1.54293084,-0.407325268,2.85381532,1.48433948,-1.16410041
general_aleatoire,-0.341981888,0.149582386,1.45407248,1.67942238,1.69184089,-0.614616156,-0.13719964,-0.612187386,-0.0766522884,2.57310677,1.42306447,-0.260139078
general_aleatoire,0.950004816,1.67381883,-0.191128254,0.3482728,-1.10158086,-1.86861348,-0.190242052,1.65099764,-1.43657207,2.68305993,2.30565214,0.937060118
general_aleatoire,-1.00709438,-1.29445219,0.310527802,-0.00652909279,-1.33794689,-0.324298382,-1.86448359,1.65938354,-0.754107475,2.77700138,1.84358394,-0.607930839
general_aleatoire,-0.550424576,1.12198281,0.322353363,-0.889651537,0.529057026,-1.11961126,-1.9476223,-1.14927697,0.654149294,2.36448884,1.65878177,1.09098685
general_aleatoire,0.0606946945,-1.28785634,1.90216517,1.8442812,-0.164044142,-1.40534925,0.229221344,-0.34150362,1.44252801,3.05345082,1.83960438,0.475528032
general_aleatoire,-1.65860152,0.140278816,1.98749685,-1.26214862,0.00878000259,-0.80161643,0.38154006,-0.760252476,-1.73169422,3.10886002,1.66228282,0.500592232
general_aleatoire,-0.410727739,0.99984169,-0.292844534,-1.16037774,1.19912791,1.59221697,-0.60245204,-1.17944145,-0.127072811,2.44093251,1.36069417,-0.730900288
general_aleatoire,-1.23724914,0.499903917,-1.85380149,-0.489096403,-0.111732244,1.34625912,0.259364367,0.349814415,-1.73716545,2.97273111,1.28176332,0.0933738574
general_aleatoire,-0.823821306,1.10211039,0.856236696,-0.186844826,0.110590696,0.0975608826,0.137823343,-0.236949205,-0.0756483078,1.65814984,0.0905896276,0.0795311481
general_aleatoire,-0.396947861,-0.0119524002,0.238561153,1.06142497,-1.37903905,-1.58807421,-1.27228761,-0.66254878,1.44714236,2.80108309,1.43075383,0.154133454
general_aleatoire,-1.6979866,1.78446174,1.01298475,-0.506762743,-0.910792589,-0.917021513,1.58972144,0.575998068,0.106313705,2.80434752,1.97156835,-0.373796701
general_aleatoire,-0.365063429,1.20299888,-1.89845467,1.91572571,-1.37538981,1.35915542,0.863888741,1.4679749,0.635695696,3.37074399,1.84779131,-1.05958903
general_aleatoire,-0.368062019,-1.89161611,0.206890345,-1.11211157,-0.98444581,-1.075701,-1.2155478,0.68757081,0.0220313072,2.37250233,1.67176211,-0.804227889
general_aleatoire,-1.92115808,0.380195856,-1.58356571,-0.642915249,1.19966412,0.277773857,-1.28582144,1.54984188,0.610984325,2.9590621,1.97105443,-0.245587289
general_aleatoire,0.226886272,-1.04726911,0.883252382,-1.6022346,1.22125983,-1.02731133,1.95491505,0.88906765,0.412789583,2.8289156,1.93201709,-0.299097776
general_aleatoire,1.42278576,1.22740054,1.32087922,1.85059714,-0.411266088,1.77763867,0.672340393,-1.43567276,-1.18006301,3.31533217,2.08585906,0.770008326
general_aleatoire,-0.374430895,-0.827409267,-0.704039812,1.58534312,-1.65230012,-1.94799232,0.532963037,-1.6579659,0.943618298,3.18227458,1.84164298,0.873701513
general_aleatoire,-1.16845512,1.39251232,-1.89387131,-1.50889254,-1.27425838,1.50577617,0.332166195,0.571702242,-0.314301968,3.13032198,1.93445265,0.232206285
general_aleatoire,0.815784454,1.57068682,1.64249587,1.2697742,0.499044895,-0.632730722,-0.656536579,-0.962306499,1.30042911,2.46143246,2.16316843,-0.634285569
general_aleatoire,-0.481230497,-0.547763348,0.36117959,-1.86308765,-0.927745581,1.32261801,0.496595621,-0.619231462,-0.362353563,2.60339952,0.852401912,0.0167717282
general_aleatoire,1.09533787,0.208188534,-0.548968554,-0.255494118,1.44427204,-0.822137117,-1.12195802,1.79381299,1.89818883,2.96886301,1.71173346,0.840880513
general_aleatoire,1.05442309,1.11903501,-1.4395473,-1.54304838,1.47387171,0.263106346,-0.0502753258,1.94146919,1.57820868,2.98687363,2.10350966,1.40544343
general_aleatoire,-0.115738392,1.19942093,-1.27157164,-0.299146175,-0.0608866215,-1.91012287,0.0498304367,-0.925290585,0.966747761,2.71085644,1.11996627,0.0290680937
general_aleatoire,0.166536808,0.795383215,0.533912659,-0.389799833,-0.968449354,-1.12790775,-1.44257593,0.580216646,1.33972073,2.36113858,1.37612498,0.226447761
general_aleatoire,-0.3131845,1.93760872,-1.47089529,0.102760553,1.6022892,-1.31328297,0.764887333,-0.910770893,0.732735395,3.42940259,0.711104333,-0.0594550446
general_aleatoire,-1.92643738,1.29033542,1.65719509,0.118646622,-1.52899575,1.26021767,0.306065798,-0.00763702393,-0.903779268,2.94865608,2.05781651,-0.209393784
general_aleatoire,-1.73129845,0.216711998,-0.379007816,0.605681419,-0.0101406574,1.3189671,0.880810261,-1.17431498,-1.57368517,2.33934569,2.07013607,-0.409826189
general_aleatoire,-1.95601678,-1.43992591,-1.45245767,-0.945264816,1.60007453,-0.934006453,1.49556017,0.928738117,0.389652252,3.3372333,2.05302739,0.483929902
general_aleatoire,-0.997077465,0.402067423,0.532392025,0.660146475,-0.0229046345,-1.29851508,0.293177366,1.65764761,1.35242772,2.44867325,1.36149836,-0.612252653
general_aleatoire,-0.324918032,-0.382474184,-0.467446089,1.08364534,0.0756707191,-0.311855793,-1.81213617,-0.584514618,-1.33486676,2.51066971,0.901564837,-0.196759284
general_aleatoire,1.83450866,0.952134371,-1.2625165,-1.66880536,-1.63865232,0.412608385,1.08394361,-1.01860356,-1.72700119,3.48358536,2.1344564,-0.100088112
general_aleatoire,-0.442817688,1.34831595,-0.845225096,-0.251226425,-0.57730937,1.66205454,0.87618351,0.886131287,-0.811513186,2.55556321,1.01952958,0.726918757
general_aleatoire,0.441618443,0.265618324,1.79722714,-0.0957984924,-0.413402557,0.654684544,1.8163476,1.74731874,-1.45999503,3.05183291,1.79863834,0.198343173
general_aleatoire,0.930288315,-0.0649802685,-1.14023852,-0.92035532,-1.87526751,0.159370899,-0.950943947,-1.35194468,0.380311489,2.75564742,1.35668766,0.0370946229
general_aleatoire,1.36611843,-1.79429698,1.38563132,-0.0145351887,1.82094502,0.387371302,-1.38131166,-0.663024664,0.493330002,2.92295003,1.78498292,1.15458286
general_aleatoire,1.08364868,-0.103050947,-1.57360721,-0.622465134,-1.69944906,-0.593839407,0.912755013,-0.348825932,-0.018034935,2.07200503,1.8335253,-0.767786443
general_aleatoire,0.819702148,0.753609419,0.393144131,-0.260690689,-0.161273956,-1.0143919,-1.69626641,1.27640915,-1.68893886,2.85505342,1.1663245,0.603963494
general_aleatoire,1.19766331,-1.99064255,0.778785706,1.8707974,-0.91141963,-1.97898483,0.360922575,-1.58762503,-0.556104422,3.47192883,2.12756467,-0.793575883
general_aleatoire,-0.741613865,-1.63367176,1.22972083,1.66925406,1.84839511,-1.45272565,1.16005421,1.80094934,0.762240887,3.91563511,1.63601792,0.453733951
general_aleatoire,-0.215976954,0.0852024555,-1.25946832,-1.65317917,0.167603731,1.83268309,1.49178314,1.03356957,0.928899527,2.61589003,2.18126297,0.561902821
general_aleatoire,0.555797338,1.22624445,1.0361433,0.635133266,0.896413088,0.76910615,0.548926115,1.3967824,1.92230701,3.22465777,0.462733924,-0.140354738
general_aleatoire,-1.00132799,1.61345506,-0.0423002243,0.58665967,-1.11516237,0.772700787,1.95067191,-1.79361701,1.77623725,3.85728216,0.987308204,0.341038913
general_aleatoire,0.679669857,-1.84229279,-1.82333827,0.822300673,0.353055,1.70099306,1.99741387,-1.27769876,0.223226309,3.20371079,2.50220037,-0.148315176
general_aleatoire,0.271780729,-0.107159615,1.66195297,-0.748580694,-1.86421609,-1.51790977,0.789680958,0.924094677,-0.810604095,2.77377653,1.85218608,0.444247693
general_aleatoire,-1.22960401,1.69758463,-1.538872,1.88423276,-0.312949419,1.77706575,1.18136716,-0.103143215,0.980257988,3.80468655,1.20625079,0.0676130727
general_aleatoire,1.44817042,-1.78046966,1.37819743,-0.179425478,-0.723598242,0.0897381306,1.31566167,0.578186512,-1.85196948,2.90804315,2.1117413,0.55626303
general_aleatoire,0.600669384,0.385079384,-0.541211128,-1.07996488,0.242708683,-1.51773262,-0.0757524967,-1.69218731,1.53999329,2.7348454,1.38027322,-0.432464421
general_aleatoire,0.785155058,0.121060371,-0.640500307,-0.235871553,0.899066925,-0.382058382,-1.73857474,0.289710999,-0.738838673,2.03736782,1.09303343,-0.598463237
general_aleatoire,1.21590781,0.157964945,0.153605938,1.16289258,0.646620512,-0.724990129,0.95142293,0.503565311,0.0806722641,2.10255671,0.709205747,0.254168391
general_aleatoire,1.54391098,-0.292732,0.463452578,1.50666142,-1.0681622,-0.329975843,-1.90239692,-0.152228832,1.48039532,3.09839129,1.38425529,-0.72228229
general_aleatoire,1.96136522,-1.91492248,-1.99905014,1.49880648,-1.25810838,0.115748405,-0.464144468,1.75627065,1.73035955,4.38264275,1.44951105,-0.58151418
general_aleatoire,1.19513273,-1.7198813,1.99173641,-1.96205831,-0.597152948,-1.78926468,1.068753,-1.64582658,-0.392276525,3.6874752,2.22325158,1.10707664
general_aleatoire,-1.84961295,-0.0804977417,-0.0808749199,0.510021687,0.323028803,1.4947083,-0.913252354,1.93633366,-0.406850576,2.46462631,1.72874296,1.31099987
general_aleatoire,1.07309365,-1.63320279,-0.328933001,-0.654518366,-0.314572096,0.090076685,0.950329065,0.929087162,-1.0448916,1.98773408,1.79678822,0.375677913
general_aleatoire,-1.9866147,-1.55810356,-0.130757093,-0.581511497,-0.811988592,-0.851044178,1.41128707,-0.814767599,0.862213135,2.86764669,1.63917303,0.775810301
general_aleatoire,-1.06556916,0.356434107,-1.83162737,-0.890937567,-1.92850447,1.64135623,1.95088935,-1.81959748,-0.288907528,3.25044847,2.43534255,-1.59008002
general_aleatoire,-1.56212974,-0.462693453,-0.433479548,0.718589067,-1.50224996,-1.1269846,1.82566261,1.7998445,1.19195724,3.34390712,1.91898215,-0.120407432
general_aleatoire,1.14538002,-0.964069605,-1.64235616,0.354216814,-0.329677105,1.929322,1.51647305,1.53679585,1.77892804,3.42330718,1.84259236,-1.26765001
general_aleatoire,0.403193712,-0.130393982,1.61489582,0.453645468,1.95673943,-1.33186436,0.973411083,1.96467447,-1.74005437,3.8120718,1.32661092,-0.373386472
general_aleatoire,-1.07331324,-0.393679142,1.77092695,1.35130286,0.598586559,-1.07772326,0.430947065,1.32256985,0.0507538319,2.81545925,1.28841448,0.373684347
general_aleatoire,-1.51864505,-1.07732081,-1.81221867,-1.29388809,-0.46363759,-1.11805534,-1.8530724,-1.25424719,1.82908082,3.2392242,2.76697588,-0.306616783
general_aleatoire,1.11833787,1.30482268,-0.599498987,1.20307875,-1.76862931,0.519111633,1.87641048,-1.13470411,1.53514338,3.36614084,1.85085917,-0.752407491
general_aleatoire,0.0730414391,1.71100903,0.38909626,1.97963119,0.10012579,-1.30441904,-0.959066629,-0.415032148,0.0609915257,2.53023934,1.81239676,0.351630211
general_aleatoire,1.03295374,-0.0352547169,0.784082413,1.98534298,-1.38441658,1.58974457,1.26333237,-0.146477222,-1.10223794,3.15075016,1.6358422,0.545610964
general_aleatoire,0.491749525,-1.10472965,0.991486311,0.147897482,-1.86053944,0.371759653,1.57968569,0.320344687,1.44050717,2.57021475,2.02069688,0.225488663
general_aleatoire,-1.63405275,-0.170271635,1.50984335,-0.435321093,-0.937599897,-0.908162594,-1.48194051,-0.0932927132,1.5549922,3.11098766,1.34744239,0.0333598517
general_aleatoire,-1.82249355,1.82260585,1.4087739,1.44851041,-1.8583107,1.23806429,-0.683794737,0.620967865,1.72635794,3.70542073,2.41055655,0.069886066
general_aleatoire,0.203429461,0.940850496,-1.65205312,-0.874436378,-0.366187334,-0.989403725,-0.509246111,-1.97967148,-0.960984945,2.48286343,2.01574659,-0.638429523
general_aleatoire,0.782856941,0.893680334,-1.80486584,-0.0164971352,0.130409956,-1.67581534,1.84848785,-1.11926723,-1.56212473,3.33727241,1.72658086,-0.69723624
general_aleatoire,0.733034849,1.57791972,-1.69547677,1.96590114,1.40482759,-1.753932,-0.0194139481,1.53162503,-0.0776538849,3.88406086,1.32249761,-0.577712417
general_aleatoire,0.0643160343,0.369631052,1.62605476,1.2987237,0.285275698,-0.608763218,0.64844799,0.712064505,0.175115585,1.82377398,1.55911028,0.353109092
general_aleatoire,0.262927771,1.45797133,-0.93188715,0.93563962,1.51451993,0.0850410461,1.18970394,1.47264314,0.633807182,2.93394971,1.2714628,-0.0274859145
general_aleatoire,-1.01885796,1.40232682,-1.37063742,1.46917677,-1.35839963,0.833451748,-0.66396451,1.34805322,-1.04523993,3.54183817,0.592229545,-0.192042232
general_aleatoire,0.789885759,1.72036123,0.720562935,-1.57666373,0.474445343,0.795962811,1.0108664,-1.24311399,-1.36557961,2.85096669,1.92854667,-0.178842232
general_aleatoire,1.52654839,1.5234828,1.8452611,1.48737407,-0.138120174,-1.8830111,1.5162859,1.303267,-1.97941947,3.5753653,2.88519812,0.800969958
general_aleatoire,-1.48452067,1.27978754,-0.659524679,-1.08549953,0.974032879,1.6348052,-1.35696054,-1.99551964,1.27186799,2.87814236,2.50898433,-1.39235485
general_aleatoire,0.224726915,1.32853651,1.02654314,0.0298707485,-0.965246677,-1.97445655,-1.22746873,-0.851847649,-1.66360712,3.37638283,0.948797524,0.632541001
general_aleatoire,0.467707634,-0.694265842,1.92474461,0.239377022,0.527254105,-1.53662467,-0.960785866,-0.49321866,0.536022663,2.69822145,1.12107027,-0.135677218
general_aleatoire,-1.96371055,0.159941435,1.27471757,1.11938143,-1.48620534,-1.57207751,-0.866628408,1.04411149,-1.92628932,3.20787239,2.32971525,-1.12857378
general_aleatoire,0.165066242,-0.271037102,1.85196781,1.36048579,-0.632511377,-0.431395292,0.530487537,-1.28201079,1.72811222,2.81848621,1.64755273,-0.469716251
general_aleatoire,1.0147953,-1.58996129,1.1552279,1.74891376,-1.30498624,0.751542807,1.08341622,-1.728652,1.78919148,4.09353828,0.882949114,0.213127866
general_aleatoire,-0.796145916,-1.33448982,0.832688332,1.08393717,-1.73059773,0.834287882,0.328681707,-0.105704546,-0.616467953,2.51411057,1.37118828,-0.521856725
general_aleatoire,-1.76831818,0.48366189,-1.70122242,-1.8170321,1.40965843,1.48614717,1.96059346,1.89395571,0.704208851,3.33013201,2.7642684,1.71707785
general_aleatoire,1.87551141,-0.216166973,0.998607159,0.590294361,-1.47965527,0.377583265,1.03305268,-0.465551138,-1.90165234,2.41864586,2.1817286,1.23786664
general_aleatoire,-1.73749542,-1.91150594,1.28605175,-0.705559254,-0.512665987,-0.0454273224,1.27514243,1.08162951,-0.9899652,3.55135441,0.458366483,0.207608402
general_aleatoire,0.733181477,-1.99588227,-0.216389179,-1.36424708,-0.905493498,-0.125842571,1.98849797,1.77721453,-0.295274973,3.25128627,1.9528327,0.283258885
general_aleatoire,-1.59122562,-0.194452047,1.41683888,-1.34550476,0.108096361,1.17923808,1.30368304,0.774728775,-0.806502342,3.20033646,0.701517582,-0.0766369253
general_aleatoire,-1.11692166,1.35978866,-1.67047596,1.09129095,0.721997023,-1.07978535,0.618044853,-1.47465968,-0.906961918,2.60465121,1.94061255,1.26259947
general_aleatoire,1.47221708,1.80345416,1.85294652,-1.39576864,-1.87479091,-0.270660877,0.925080061,1.77446365,1.638098,4.44210863,1.1188339,-0.305435717
general_aleatoire,-0.321090937,1.42944026,0.554103613,1.85808182,-0.409622431,1.04037619,-0.903139353,-0.230805159,1.93591046,2.26769137,2.18510056,-1.36222708
general_aleatoire,-0.752192259,-0.362663984,-0.717029095,1.5763967,0.897690535,-1.0801816,0.983347893,-1.14758134,-1.19856358,2.43979001,1.6552738,0.834913194
general_aleatoire,-1.87546372,1.47249103,0.60666728,0.85969615,-0.525894642,0.25100112,1.45743299,-0.113870382,-0.107160568,2.92267656,0.74991864,0.420033097
general_aleatoire,0.172931194,1.87277365,-1.36301708,-1.25789809,-1.18519521,1.47449255,-1.63534212,1.10638738,-1.38536787,3.4466157,2.0709281,-0.453764379
general_aleatoire,1.08368731,-0.185225487,1.37913275,0.121417522,1.04409575,-1.92855263,0.504881144,1.18719125,-1.47502065,3.15835786,1.3376317,0.10206496
general_aleatoire,-0.823328257,-1.86989546,1.64734411,1.68339133,1.87004495,0.466601133,-1.25816464,1.18614912,-0.151610851,3.31320477,1.92550266,1.32843542
general_aleatoire,-0.0739107132,-1.99507284,-1.53076744,0.393308878,-1.49925685,0.429225683,0.742260933,-1.00984025,-0.278776646,2.93630838,1.28803205,-0.532200456
general_aleatoire,0.233650684,-1.19790125,-1.09783959,-0.0336220264,-1.35669827,-1.7431643,0.606077671,0.327885389,-0.696298361,2.75819588,0.914975047,0.300067097
general_aleatoire,-0.924026489,0.361055613,1.19023633,-0.267013073,-0.758552313,1.93740559,-0.179119587,-1.40167761,-1.95351791,3.09539342,1.53489637,-0.822639704
general_aleatoire,-0.141605616,-1.71021247,0.721826315,-0.430025816,-0.417819738,-0.0802447796,1.89879918,0.400082111,0.887550354,2.22715592,1.85046828,0.0253065601
general_aleatoire,-0.833349705,0.62793541,0.779927492,1.02823687,1.44048953,1.81059432,1.11940384,1.63127446,-1.84152484,2.76412249,2.60298467,0.998512089
general_aleatoire,0.897141218,-0.0779724121,0.996646404,-1.58027935,-1.41631174,-1.03182006,-1.58883047,1.94665027,0.283617973,2.60291409,2.57481766,-0.601284087
general_aleatoire,-1.43001795,-1.92652965,-0.00444746017,-0.070574522,0.472622871,-1.15860176,0.809859753,-0.615933895,0.238594532,2.43104148,1.37333071,0.789540172
general_aleatoire,1.10321879,-1.96091676,1.7649498,-0.694154978,-1.71033502,0.0708465576,0.136968613,-1.64853406,1.53013372,3.78062367,1.47834611,-0.434236735
general_aleatoire,-0.597492456,-1.66996598,-1.86718774,1.29805613,-1.68568611,-0.568794727,-0.412307024,-0.711621284,-1.46913719,3.34303784,1.74550354,-0.307036996
general_aleatoire,1.90986538,0.270163298,-1.19656372,0.757859707,0.77277565,1.20234656,1.28576279,-1.19939923,-1.83526611,3.23688436,1.86716485,0.515489995
general_aleatoire,-1.33006978,0.681541681,-1.5817287,1.80619979,0.545720816,-1.50312018,0.8259027,1.58488512,-1.87365556,3.50023246,2.16965389,-0.548200727
general_aleatoire,0.379106522,1.74484897,0.466418266,-1.79211497,0.451776505,0.165185213,-0.804656506,0.836241961,1.74080706,2.62708688,1.79934704,1.04248607
general_aleatoire,1.48387647,1.78940177,0.856347561,0.501218557,1.20691228,1.13369083,-0.642199278,0.44903183,1.25930023,3.02683687,1.47246265,-0.0170241073
general_aleatoire,-0.0624063015,-1.67954063,0.643280268,1.57926655,0.212005615,0.190369368,0.389903307,1.26919103,1.1353302,2.23607874,1.58507025,1.16326284
general_aleatoire,-0.190726995,-0.0763847828,0.57431078,-1.83698368,0.105610609,-1.34400225,0.926357985,-0.245571136,-1.67348027,2.34061027,1.94562769,0.138224497
general_aleatoire,0.899306059,-1.75859189,0.373114586,-1.01158714,0.601176739,-1.36182141,-0.0828843117,1.48713422,0.462967873,2.67969394,1.58672726,0.119186245
general_aleatoire,-1.12314415,-0.683930397,1.90346098,-0.119269848,-0.652416945,0.977116108,-1.27152848,1.48733091,1.15879393,2.9088614,1.84300292,0.246198416
general_aleatoire,-0.265378714,0.634830952,-1.82535338,-0.00721716881,-1.35330987,0.221454144,-1.91655564,0.876806974,0.613051891,2.29161716,2.05863309,1.0070858
general_aleatoire,-1.08618116,-0.670741558,1.98533559,0.169914484,1.89917254,-0.026892662,0.601302624,-1.67389417,-1.20183039,2.72744846,2.52442098,-0.0624405406
general_aleatoire,-0.386954784,0.720912933,-1.11775565,-1.71120644,-0.326400995,-1.87739015,-1.18568707,-0.96926856,1.36180949,2.81233668,2.13559246,0.456128597
general_aleatoire,-0.149508238,-1.30322671,1.47308993,1.84312201,0.908676147,-0.336370707,0.970825911,1.38498116,-0.2980268,2.95962596,1.47520864,0.490460485
general_aleatoire,0.515059233,-0.616260052,0.941401005,-0.51584506,1.07089543,1.95059824,0.0193793774,-1.83956337,0.173202038,2.48856688,1.90719056,0.577123106
general_aleatoire,1.46812582,0.055983305,0.314701557,0.35223341,-0.245538473,-1.88242245,0.90103054,-0.417939425,-0.053324461,1.9604907,1.73357511,-0.35496822
general_aleatoire,0.42475462,1.49369287,0.390894175,1.60280728,1.17182422,-0.313116312,0.620037317,-0.89268899,1.96853304,2.48677945,2.14571881,-0.934247911
general_aleatoire,0.369401217,-0.864582062,1.64945316,-0.563395977,-1.15735126,-0.46461153,0.491866112,-0.136748791,0.526240826,2.00068521,1.39211452,0.272457987
general_aleatoire,1.34399223,0.932451963,-1.05683184,-1.47372937,1.10400081,0.863299847,-0.378759384,1.63612986,0.40742135,2.60623503,2.02026391,0.202738151
general_aleatoire,-1.28126764,0.530162096,-1.04982686,-0.50860548,1.8855803,0.0504608154,-1.27609229,-0.347875357,1.41754031,2.25121784,1.93924904,-1.33104277
general_aleatoire,-1.72346902,-0.0308887959,-0.251338482,-1.01107574,-1.61042666,1.48299956,-0.379916906,-0.218779087,0.371673584,2.59259701,1.56141508,0.142383441
general_aleatoire,0.0592691898,0.317659378,-0.563066721,0.650485039,0.371803284,-1.61895418,-1.34590459,0.608492851,-0.435673952,1.88993502,1.54630375,0.111669108
general_aleatoire,-0.751407862,1.87764907,-0.403816223,-0.967466354,1.43194485,0.626946449,-1.96387839,-0.699239969,0.353650331,2.68739057,2.10554934,-0.669464886
general_aleatoire,1.09389234,0.394855738,-1.47650552,-0.413361073,1.87928414,-1.0518887,-0.184841871,-1.06130385,-1.05579829,2.47486258,1.86488473,-1.00704014
general_aleatoire,1.53483868,-1.7060132,-0.231902599,-1.32096839,-0.676442623,0.079095602,-0.204889774,-0.651987314,0.677561522,2.36591959,1.57450211,-0.615062952
general_aleatoire,1.3155334,-1.41697383,-0.276449919,-0.202264786,-1.00514293,0.351537466,0.468579769,1.79433322,0.82710886,2.60306096,1.36912954,-0.680099666
general_aleatoire,-0.989888906,-1.33183241,-0.562997103,-1.32952332,-0.482565641,-1.8533144,0.422152519,0.945607901,-0.573071957,2.75096607,1.52164769,0.153205052
general_aleatoire,0.655217886,0.134047508,-0.101476669,1.12716126,1.37668157,0.821542263,1.22268057,-0.214525461,0.341417313,2.18311357,1.04663837,0.307166249
general_aleatoire,1.4568646,1.47308493,0.232560873,-1.17663527,0.159623146,-1.55232167,-1.86324906,-0.921001673,1.94677186,3.21077776,2.28556895,0.862040877
general_aleatoire,-1.7716527,-1.50811696,0.124677896,-1.07547641,1.74642277,-1.79321265,-1.84262586,0.560011864,-1.51156044,3.53705287,2.5155251,0.0778187588
general_aleatoire,-1.10119534,-0.191204071,-1.27995849,1.73549986,-1.6457777,-0.735375643,-1.58676434,0.0289390087,0.338682652,2.87674856,1.70956469,0.764117897
general_aleatoire,-1.83370876,0.752831459,-1.40662742,-0.410484076,1.94652033,-0.080411911,1.86047459,0.743870735,-1.98024011,2.87168932,2.69232869,1.52071536
general_aleatoire,-1.93048096,1.80724692,-0.70747757,0.556479692,1.89239097,1.47167301,0.320448875,-0.181040764,-0.983101845,2.90199351,2.36830926,0.788387179
general_aleatoire,0.0623838902,0.086920023,-0.0446138382,-0.629386187,0.667456865,0.128979921,-1.44139504,-1.49703407,-1.88010573,2.80568385,0.917797744,-0.104937382
general_aleatoire,-1.46914148,-0.768280268,-1.4258306,0.818722963,1.75927901,-1.19258642,0.931595564,0.693729639,-1.35047245,2.83722568,2.17031145,0.61811161
general_aleatoire,1.87964797,-1.24660373,-1.62439728,0.923317671,0.690408468,-1.37534475,-0.224999189,-1.06175494,1.47256899,3.22434425,1.95279098,0.288332492
general_aleatoire,1.85338712,-1.29140091,-0.978774071,0.770503759,0.646529198,1.3524611,1.91452503,1.77845669,-0.502813101,2.93897915,2.38372731,-1.28956091
general_aleatoire,0.732991934,-1.92993617,-0.0113010406,-1.02341104,0.471388817,1.32350874,1.47561979,1.4584353,0.282438755,2.51462889,2.03397536,-1.09870672
general_aleatoire,1.07407737,-1.87845182,-1.54756093,1.7237947,1.18204141,0.758106947,1.67471099,0.706053495,0.402438164,3.02178502,2.52081418,0.00446437066
general_aleatoire,-1.13729954,1.76350141,0.635541677,1.3073554,-0.424542427,0.667886019,0.604931831,0.308740854,-1.57362795,2.4496944,1.76693809,0.978408039
general_aleatoire,-0.6057055,0.631381035,-1.36285043,1.99765468,0.41981554,-1.80715203,-0.727553844,1.90869665,1.46575451,3.23594499,1.96434283,-1.43054581
general_aleatoire,-0.372368336,1.97334766,1.48301363,1.00971103,1.12954187,-1.63807344,0.268064976,-0.845257759,0.953796625,2.56262589,2.41715693,-0.705055833
general_aleatoire,-1.56356168,1.51406217,0.60204649,-0.383438826,1.06076336,-0.69186759,1.70269918,0.67037344,-0.247310638,2.58027387,1.73008704,-0.78053081
general_aleatoire,1.23138356,1.60550237,1.04914045,1.51156449,1.19125438,-0.731217146,-0.257666826,1.47560239,1.27133679,3.06202626,1.9080621,0.525944591
general_aleatoire,-0.497311115,-1.51916385,-0.812523127,0.177956343,0.596298456,-1.97696543,-0.686475277,-0.701656818,0.520834923,2.23166203,1.9027828,-0.380716354
general_aleatoire,-0.534153938,0.439327002,-0.415309429,0.253755569,0.781868696,-0.478321314,-0.445767641,0.193998814,-0.205225706,1.1529057,0.710175931,-0.0152604245
general_aleatoire,0.385941744,-1.04982352,0.182747364,-0.506993055,-0.222322226,-1.09092164,-1.94133186,-1.7072165,0.348246813,2.67823029,1.25423372,-0.916335344
general_aleatoire,0.413794279,-1.32622266,0.672851086,0.570303679,0.477961302,1.03737712,-0.146023989,0.0017812252,-0.480856895,1.62101638,1.27558053,-0.102053925
general_aleatoire,0.169454575,1.45333457,1.80591416,0.0763270855,1.38866925,-0.0832726955,1.65694594,-1.89743185,1.25506496,3.01996684,2.4001472,-0.619180799
general_aleatoire,-0.635008812,-1.56432676,-0.479217529,-1.40403271,-0.404709101,0.106495142,0.32068944,-1.01572156,0.134410143,2.12311673,1.30607164,-0.406930655
general_aleatoire,-0.0932183266,0.431620359,-0.422538757,1.05953288,0.19765687,1.25194287,0.987502813,0.872492075,0.861963511,2.2247839,0.793781459,-0.0468726866
general_aleatoire,1.82209468,0.0849363804,-1.9270699,1.28957367,-1.21688819,-0.276551723,-1.96974874,1.58685708,0.589898825,3.74753022,1.72122931,0.023104297
general_aleatoire,-1.71487904,1.59212208,1.81863999,-1.02607083,0.618772268,1.70813799,-0.479701996,-1.75893044,-1.21138358,3.89702964,1.56283629,-0.546492994
general_aleatoire,1.73774409,-0.0832672119,-0.593509436,-1.22176671,-1.59431672,-1.33467364,-0.0565130711,0.469406843,-0.972893953,2.51774669,1.75976479,0.963894963
general_aleatoire,0.0923388004,-0.860508442,0.680383921,-0.770840168,1.71842337,1.21210337,0.129040718,0.15664506,0.323728085,2.28180146,1.05635035,-0.22756505
general_aleatoire,-0.754769325,-1.64149475,0.441334963,0.870543003,0.864602566,-0.400379181,-0.909504175,1.90690088,-0.345803738,2.74323893,1.47454703,-0.0896916613
general_aleatoire,1.292696,-1.5124557,0.0899240971,-1.27540278,-1.5071094,0.724471331,1.43766308,-1.27424669,1.19912434,2.96669745,2.02691174,-0.77998358
general_aleatoire,0.10065341,-1.26165962,0.836184978,-0.818886995,-1.57249236,1.17362881,0.269248724,-1.25908637,-0.973748922,2.59335589,1.55727112,0.526522696
general_aleatoire,1.67100978,1.85170746,-0.301890373,-0.0658175945,-1.65184426,1.22397017,1.26299453,0.200906038,-0.505961418,3.14614105,1.42913294,0.702956319
general_aleatoire,-1.82634997,0.105996609,0.53260541,-1.55078268,1.80561328,-1.98966408,0.406447172,0.55194068,1.27675533,3.27371597,1.80513215,-1.17414308
general_aleatoire,0.060700655,1.53682566,0.374154091,-1.08768106,1.1749754,-1.15182066,0.586423635,0.44392395,-1.30090642,2.29236436,1.46948028,-1.10219312
general_aleatoire,-0.355886221,-0.556910038,1.3594451,1.62356424,1.60009241,1.07977867,-0.586314678,0.226548195,-1.05251789,2.63644838,1.74201035,0.405581981
general_aleatoire,-0.977420092,1.12210202,-0.79175806,-0.900775909,0.927832127,1.29045725,1.40469694,-0.305047035,0.685698509,2.34913778,1.66663206,0.647449911
general_aleatoire,0.670199394,1.23811984,-1.61785889,1.0666244,0.495437145,-1.40118432,-0.192929506,-0.304220915,0.34643364,2.80439043,0.573530436,0.0477894768
general_aleatoire,-1.38806486,-1.32794333,-1.05905771,0.947494745,1.47703838,1.45118809,-0.108432293,-1.1330409,0.141432285,3.21562624,0.889375567,-0.42590788
general_aleatoire,-1.61714196,-1.28621626,-1.90544581,-0.750912905,0.567885876,-1.07901549,0.428375959,-1.17525554,0.186789513,2.97475648,1.62850988,0.22195816
general_aleatoire,0.551843166,-1.07221174,-0.9724648,-0.436376095,0.528061867,0.37790513,-1.76618171,-0.0129327774,-1.43290257,2.28892112,1.71619761,0.0149574336
general_aleatoire,1.95114207,-0.901839018,-1.45424104,0.388187647,0.780578136,0.703364849,-0.382725,-0.229132175,-0.287201643,2.62710023,1.16658068,-0.0932664052
general_aleatoire,-0.216836452,0.870390892,0.898067236,0.769744396,-1.93671584,1.96502376,-0.635639906,-1.48642302,1.2748282,3.39165616,1.26998591,-0.968658745
general_aleatoire,-1.58356142,0.41287756,0.89735508,-0.651091576,0.313547611,1.62209916,-0.903357506,1.09049082,-1.68232274,2.57204533,2.16835451,0.39379555
general_aleatoire,-0.940418243,-1.65736723,0.581159115,1.57676339,0.383002758,-1.23253083,-0.395248413,-0.706513882,-0.532175779,2.6591382,1.31932735,-0.497954279
general_aleatoire,-1.09337449,-0.625758171,-0.580014944,0.468622923,-1.72230482,-0.23036027,0.076239109,1.32745242,-1.72954988,2.45479393,1.60562861,-1.14790845
general_aleatoire,0.678410292,1.20142603,-1.72027373,-1.06515169,0.56067276,0.160047531,-0.91541028,1.52031612,0.371247768,2.25528741,2.07908654,0.464505553
general_aleatoire,0.603509426,0.720527649,0.131830931,-1.07668328,-0.702665091,-0.17256546,-0.667992353,-1.23870063,0.67794776,2.09502482,0.773872614,0.189011395
general_aleatoire,-1.79064465,1.97655725,-0.486094475,0.647356749,-0.548223019,0.231133461,1.98192191,0.922601938,-0.214590788,2.97933745,2.01580095,0.0887018517
general_aleatoire,-0.139177561,-0.665721893,-1.75943065,0.321899891,0.249187231,-1.6449306,1.83050108,1.84666276,-1.29878831,3.22857118,2.10410929,0.16268149
general_aleatoire,0.539839983,0.760019541,1.01935124,-1.19626546,-1.31808829,0.143310547,-0.36208868,-1.61329436,-0.309243679,2.57590723,0.959324062,0.609046459
general_aleatoire,-0.198516369,1.28722572,1.0246532,-1.99505329,-0.609714031,-0.796587706,0.659646749,1.92494535,1.18179965,3.21214986,1.70094967,-0.242643297
general_aleatoire,-0.100453854,1.70871115,-0.469894886,-1.06143188,-1.520684,-0.402736425,1.89665842,-1.39033604,-1.9198947,3.16040015,2.23000264,-1.00359523
general_aleatoire,1.96993399,0.948720694,1.70800376,1.07439899,0.159828424,-1.02537322,1.36813307,0.686233759,0.0838317871,3.0975852,1.62892604,0.174797252
general_aleatoire,-1.6282835,0.494342566,-0.971811056,-1.64350247,1.15160775,1.02108145,1.45874476,-1.48914623,0.433945417,3.29576492,1.49064136,-0.599774718
general_aleatoire,1.30427051,0.0273535252,1.12811232,-1.36278415,0.83497858,-1.74756408,-1.8553586,-1.52940392,-0.787486792,3.39953828,1.85113406,-0.029445095
general_aleatoire,-1.09057093,-0.94754982,-0.633302212,-0.559454441,-0.47636199,-1.64942908,-0.614712954,1.74783111,-1.0437789,2.37294412,2.04466796,-0.677880764
general_aleatoire,0.215208769,0.0388967991,-0.777902842,1.30114436,-0.412074089,-0.881186008,-0.211189985,1.76954794,0.402377129,2.13639164,1.34796453,-0.498860449
general_aleatoire,1.49334645,0.0627176762,-1.35294318,1.67756772,1.14510369,-0.0121462345,0.29834938,1.96863198,0.266301394,2.8237114,1.96022391,-0.640104175
general_aleatoire,1.40569973,-0.435829163,-1.16595817,0.00461196899,1.72238064,-0.411284924,-1.53453445,0.158930302,1.26979876,2.73370981,1.78295934,-0.0387337729
general_aleatoire,0.511800051,-0.477506876,0.69721508,1.51189709,0.129924536,1.47222662,0.885688066,1.22370148,-1.43488789,2.42627478,1.950436,-0.309850127
general_aleatoire,1.16012168,-1.15207005,-0.781283617,1.27494001,-1.67632294,-0.70988822,-0.388079405,-1.90842485,-1.305902,3.40372109,1.44282222,0.232467085
general_aleatoire,-1.38483548,0.77980423,-1.10554242,-0.615601301,1.82929134,1.90244079,0.292165518,0.563888073,1.73092294,3.1753974,2.09740043,-0.0991412178
general_aleatoire,1.28992224,0.300653219,-1.46990132,-0.0825824738,1.44805789,-0.745089293,1.69102859,0.425483704,-0.0517523289,2.53890514,1.5192157,0.92897135
general_aleatoire,-1.44320798,0.425011635,1.59304643,1.05923915,1.31732941,-1.30064559,-0.729874372,0.0102641582,1.81118989,3.33816767,1.31965172,-0.527911723
general_aleatoire,-0.405348063,1.30080295,-1.41450405,0.665227413,-0.529862404,-1.51295257,-1.7273109,-0.0870640278,-1.8967526,3.07676792,1.52069819,1.29589927
general_aleatoire,0.0244300365,-1.45933485,-1.06979465,1.85246038,-1.68013859,0.198117971,1.10689449,1.86328864,-1.51185989,3.00054288,2.34987617,-1.42339206
general_aleatoire,-0.270008564,0.377162933,-0.752735615,1.74579668,0.0245673656,1.50442076,-0.241953373,-0.888989687,-1.57734132,2.79078937,1.16850936,0.525727093
general_aleatoire,1.40579438,0.56330514,-1.9986701,-1.13584733,-1.92924881,0.478351593,0.410212517,0.600804329,-0.540807247,3.20002151,1.44688427,0.131621078
general_aleatoire,-1.39190078,-0.454156637,-1.75460172,0.257764339,1.12304616,-1.23287034,-0.160798311,-1.15297866,-1.76734495,3.01491666,1.58513284,0.972765505
general_aleatoire,-0.061593771,1.97946525,1.01701403,-1.76887798,0.477990866,0.780140877,-0.810580015,1.93471551,-0.278651476,3.11494589,1.62303722,-1.03106284
general_aleatoire,-1.04327965,-1.31734109,-1.43100262,-1.70148087,-1.51446033,1.13078403,-0.786899567,-0.938450575,-1.59581685,3.19117713,2.27953458,0.0743708611
general_aleatoire,-1.28893447,0.768645287,0.766472101,-1.75083303,0.472206593,0.0376884937,0.532758474,1.98678732,-1.08442163,2.39250469,2.32509589,-0.637525737
general_aleatoire,1.25588107,-1.06941795,0.460877657,-1.11678958,-0.774985552,-1.30498981,0.495583296,0.622894526,0.108165741,2.16445541,1.50919557,0.408511519
general_aleatoire,1.39206338,-0.295666695,0.897269726,-1.47715855,1.1683743,1.54641676,-0.380806446,-0.200861454,0.616302967,2.54698563,1.61535716,0.487366825
general_aleatoire,-1.22151017,-0.583055258,-0.528962612,0.102018356,-0.343481064,-0.0734608173,1.31015158,-1.29245162,0.934457302,2.22244978,1.24083924,0.163704813
general_aleatoire,-0.45168519,1.07721949,1.85528898,-1.95587516,-1.00567913,-0.33538413,-1.4647851,-0.0746235847,-0.325677633,2.67372441,2.15291929,-0.47875306
general_aleatoire,-1.92323112,1.16135073,-0.960747242,0.328592777,1.04115915,0.723899126,-1.45156121,-1.24122071,0.141240358,2.57490349,2.00368595,-0.842215657
general_aleatoire,0.475792646,-1.13919258,-0.705998421,-1.95151711,1.33721328,-1.0351944,0.517194986,1.90349483,-1.20457506,3.06850624,1.78081441,1.20229495
general_aleatoire,1.20614839,-1.74153352,1.83830643,-1.8294673,-0.0485839844,-0.514365911,-1.56105542,-0.936595678,0.191837788,3.12038255,2.25648856,0.0580255985
general_aleatoire,0.584360361,-0.182490826,-0.00266480446,1.37742829,-0.9359231,-1.60766983,-1.40304899,-0.0470354557,-1.49120116,2.37438941,2.07107687,-0.00232777116
general_aleatoire,-1.39980555,1.45864153,-0.701296329,-1.02608824,0.949428082,0.606842518,-0.0959277153,1.24274349,-0.496447086,2.68729162,1.05484569,0.606030941
general_aleatoire,0.456325054,-0.42209506,1.43826079,-0.162213087,-0.430425167,1.14006615,1.82488871,1.56833863,-1.4674201,3.11563993,1.47936797,-0.117496505
general_aleatoire,1.82133865,-1.59140205,1.14761353,0.634768486,-0.738372564,1.7713244,0.752538681,1.23553371,-0.249587536,3.23046851,1.41932976,-0.978414834
general_aleatoire,-1.6943326,-0.98131752,-0.882529259,1.36348629,1.72127533,-1.84629464,-0.987766504,1.6070478,1.12468147,3.0678134,2.32792544,-1.68397439
general_aleatoire,-0.154090166,1.30052876,0.548805714,-0.0181918144,0.637415648,-0.454604387,1.5804708,-0.199502468,0.546678543,1.7352432,1.44642043,-0.60245049
general_aleatoire,-1.09214139,0.455734253,1.55756354,-1.733392,-0.197521448,0.0736320019,1.52983761,-1.39932418,-1.57722616,3.38666534,1.37042952,0.560472965
general_aleatoire,0.949734926,1.95310092,0.0488874912,-0.22690773,0.720911026,-1.80867672,-1.83330846,-1.84791279,-1.66083217,3.6350925,2.20135832,0.189183787
general_aleatoire,0.984828949,0.865293503,0.636142015,-1.71166277,1.20852208,-1.71497321,-1.57853007,-1.95156622,-1.85771656,3.75111151,2.2453804,-0.306027532
general_aleatoire,1.82600546,0.0343170166,0.950033426,-0.449619293,-0.58699441,-0.152212381,-0.813857794,1.96635342,-0.601187229,2.56564736,1.76497841,-0.0238341521
general_aleatoire,1.88299966,1.09861398,1.76926136,0.645482302,1.13537049,-1.25921774,-0.580634594,-1.30356288,-0.351476431,3.06258869,1.91668427,-0.530179083
general_aleatoire,-1.60641742,0.198464155,0.641210794,1.32213759,1.05749059,-1.72514868,-0.939814329,-0.302812576,-1.91622019,2.87989664,2.11397362,0.870485842
general_aleatoire,-1.66952944,-1.67131352,0.058630228,1.87143993,1.59560323,-0.818221092,1.12993956,1.07689238,-1.08863044,3.89351249,0.86515075,-0.124215141
general_aleatoire,0.498654127,1.90396333,-0.47224164,0.669401407,-1.1772511,-1.95828938,-1.51445436,-0.978346109,0.460051775,2.58798385,2.4292767,0.793091953
general_aleatoire,-0.957146883,1.09853506,-1.72298288,0.575616837,1.83930588,0.121208429,-0.0869789124,-1.83219528,1.58325815,3.39405799,1.7306813,-0.420683622
general_aleatoire,1.87395501,-0.71113801,1.19485664,-1.49906588,-0.828711987,-0.102655649,1.91988111,-1.54417348,0.407526255,3.45152903,1.50860989,0.661168218
general_aleatoire,-0.0559380054,0.329690456,1.68118858,0.992292643,0.0830724239,1.24707913,0.465998888,0.625914335,-1.37344646,2.51441479,1.15110147,0.577004611
general_aleatoire,-1.48761702,-1.82505751,-0.646929979,-1.55676818,1.71233439,0.394126177,-1.1015377,-1.61995339,-0.511332035,3.25059724,2.23714161,-0.0349088944
general_aleatoire,-0.496028662,-0.271692514,0.200367689,-0.242380142,-0.445389032,0.451758146,-1.34526491,1.77230334,-0.904834986,2.4309535,0.818185687,0.1085096
general_aleatoire,-1.0372293,1.71326995,-1.51399469,0.703928947,-1.21011806,-0.0158088207,1.54769945,-1.94914055,0.583243132,3.72499895,0.936820686,-0.211931407
general_aleatoire,1.96966147,-0.856373072,0.685819626,1.26378775,-0.732310295,1.44547987,1.51707458,1.38605714,-0.966273546,2.97623348,2.31166959,-0.510597229
general_aleatoire,1.67570591,0.17606616,-0.991035938,0.544282913,1.02016759,-1.11574674,-0.157842159,1.913589,1.36799407,2.5395658,2.19646215,0.829049468
general_aleatoire,0.992767572,0.913962603,0.23125267,1.10578966,-1.27762175,0.624647141,-1.78456736,-1.29028511,-0.719760895,2.70501685,1.77660477,0.117459841
general_aleatoire,0.180107594,1.0127492,1.93867874,-0.922674894,1.74955225,0.158224821,-1.82730508,0.911788702,-1.34074092,2.8799336,2.51021671,0.355886698
general_aleatoire,-1.56822515,-1.47308493,0.741191864,0.903919458,-1.63251662,1.27114129,1.86051893,-1.14595461,-0.0464236736,2.92192888,2.4769361,-0.616986275
general_aleatoire,0.0234105587,-1.39729571,1.36281204,-0.630465508,0.931205988,-0.346334219,0.16894865,1.03273988,0.361390591,2.26176071,0.97075665,-0.602152169
general_aleatoire,0.97369504,0.0334420204,0.447762012,-0.809806347,-1.57627726,0.260087967,-1.39372253,0.755541086,-1.62497234,2.45641756,1.85212815,0.217363521
general_aleatoire,1.49329162,0.308691025,0.5451653,1.50855374,1.04448605,-0.264798164,-1.35971355,-1.35660744,-0.153770208,2.99202156,0.821748793,-0.380268842
general_aleatoire,0.232169151,-1.96267366,1.2470088,-1.01328468,0.966848135,0.905846834,1.52580309,1.96723962,-0.888391733,3.30351949,1.83791351,-0.969174981
general_aleatoire,-1.6032877,-1.22418475,-0.394022942,1.51926589,1.20028377,0.630241156,-1.18385768,-0.756284475,0.220339775,3.17563272,0.554627299,0.0157760289
general_aleatoire,0.969392061,0.93228507,1.26047349,0.463941574,0.459912777,-1.2479012,0.751536369,-0.578461885,-0.498960495,1.96380568,1.38843083,-0.863598466
general_aleatoire,1.13516712,0.154782534,0.216905832,0.0966365337,-1.97908163,1.39219093,1.04396296,1.35985589,-1.85875463,3.36988878,1.38271964,0.591506958
general_aleatoire,1.33072186,0.982934952,-1.95587373,-1.19007778,0.99818182,1.83229375,1.0347054,-0.528237104,0.713515282,3.2205894,1.61465645,1.10082626
general_aleatoire,-0.692273617,1.02505851,-1.40444803,1.3678813,-0.777583361,-0.118723869,1.506603,0.00820064545,1.98533726,3.11583519,1.32243252,-0.864013851
general_aleatoire,-1.50114393,-0.526762009,-0.458496571,-0.205557585,0.573460579,0.88828373,1.12159896,1.54478312,-1.13116384,2.46864915,1.38843083,0.8962093
general_aleatoire,0.372177124,-1.44870853,-0.433897257,0.652167797,-0.349512815,-1.99248052,0.782472372,-1.28650975,-1.98712707,3.40406847,1.25343609,-0.0161610059
general_aleatoire,-1.88371468,0.478357315,-1.33245969,-0.578027964,-1.27472305,1.17678928,-0.449305773,-1.62803745,-0.390691519,2.45254278,2.21293163,-0.994742513
general_aleatoire,0.352808952,1.49704981,-0.0761084557,0.040438652,0.569302082,0.893619061,-1.7405858,-1.58345079,0.319935083,2.75387788,1.07707191,-0.625384629
general_aleatoire,-1.09824514,0.245938301,0.811773539,0.242640257,-1.78878427,0.413950443,-0.0536093712,0.705871582,0.397475719,1.99078655,1.37070823,0.415483415
general_aleatoire,1.21995592,0.408582449,-0.920717239,-1.90826893,1.3001976,-0.711568117,-0.00697731972,0.545962572,-1.69176698,2.61848402,2.1039114,-0.467528075
general_aleatoire,-1.40400124,-1.76579642,0.781662464,-0.663046837,0.983700752,1.13958788,1.92787671,0.830723524,-1.16063213,3.32000637,1.75244272,-0.258051246
general_aleatoire,1.15445971,1.30052257,0.0690760612,0.0811862946,-0.239204168,-0.506149769,-1.41019011,-1.51049304,-0.687229156,2.77089334,0.622856379,0.160042688
general_aleatoire,0.942022324,-0.263922691,-1.05656981,-1.64559841,-0.514312029,-1.11755228,-1.7498312,0.392900944,1.20546746,2.68115878,1.94139683,0.0814450383
general_aleatoire,0.942652225,1.06635404,1.99338984,0.934463263,1.73245311,-0.802226067,0.570260763,-1.30607986,-0.315007925,2.71843839,2.00289178,-1.11636782
general_aleatoire,0.55021286,0.544709444,-0.0153346062,1.14260626,-1.28699017,-1.52665544,0.743644953,-0.36038065,1.96450567,2.57838941,1.78754175,-0.768775165
general_aleatoire,1.35920906,0.98887825,-0.464668274,0.95994544,0.287488937,1.80125093,0.351077318,-1.18825459,-1.26209521,2.48491406,1.72753763,1.12196314
general_aleatoire,0.26219964,-0.551058292,1.91858673,-0.66195488,-1.33882356,-1.89521337,0.801007748,-1.90323305,0.343240499,2.85235643,2.39988303,0.601832867
general_aleatoire,1.32678795,0.345916271,-0.90771699,0.790682316,0.0723149776,1.71846747,-0.805097818,1.1303277,1.76271677,2.79153037,1.63253081,-0.928820789
general_aleatoire,-1.77545571,-0.962813139,1.41091204,-0.281372786,-1.09783483,1.49092078,-0.492343426,1.36773419,-0.153068781,2.99697232,1.54054534,0.598822057
general_aleatoire,-1.25559449,-0.0763761997,1.2105732,-0.259278536,-0.167252541,1.74941301,-0.0681245327,0.824075937,-1.46608019,2.76402688,1.10679305,0.414464355
general_aleatoire,0.524682522,-1.67759395,-1.800632,0.911756992,1.61565328,-0.0141556263,1.63756061,-0.252597332,1.12085223,2.80617595,1.96352065,1.43017769
general_aleatoire,0.918032885,-1.9718833,1.06205153,-1.77087903,-1.36436749,-1.09910536,0.440900564,-1.47460246,-1.45858383,2.94777846,2.45809627,1.35250962
general_aleatoire,-0.404655933,1.00550032,1.69049215,0.627820492,-0.111758471,1.82645845,-1.94638968,-1.72416806,-0.869017363,3.26332641,1.86910331,-1.07176185
general_aleatoire,-1.77178121,-1.82162046,-0.871251822,-1.85484958,-0.953177452,-0.897120714,-1.01208496,-0.897550821,1.62501812,3.57130623,1.9553653,-0.51317209
general_aleatoire,1.1485064,-1.00181532,1.89933848,-0.912201166,-0.515171766,1.03759289,-0.284452677,-0.201040745,1.37915754,2.81356835,1.44225788,-0.362534374
general_aleatoire,1.10684204,-0.927443981,-1.7385354,-1.37447286,-0.0497152805,1.41235828,-1.86554575,-1.81399775,-1.74938726,3.37498951,2.70055532,0.376576573
general_aleatoire,0.478797674,1.62574959,0.247971296,-1.44301867,-0.616318226,0.129682541,-0.739242077,-0.355617762,1.08743072,2.24731612,1.30322981,0.720679641
general_aleatoire,-0.610626698,-1.65430164,1.59933329,-1.05286288,-1.91270661,0.929794788,0.65515852,0.193282127,1.85357761,3.39249897,1.9210254,-0.0434077382
general_aleatoire,-1.48804736,0.240672588,1.52854228,1.74728966,-0.426208735,-1.79096866,1.31147337,-0.324826956,1.15085196,3.32695842,1.76747108,0.0906690508
general_aleatoire,-0.959368944,0.497701645,0.923283815,-0.0220756531,1.9251883,1.91820335,-0.973879814,-1.42013979,0.616698265,2.96275449,1.92712235,-0.510618389
general_aleatoire,0.900622845,-1.20760965,-1.23523736,0.261320829,-0.646947622,-0.144270182,-0.765205145,1.88802123,1.78814387,3.38146591,0.345650882,-0.311018765
general_aleatoire,0.434108973,1.86942458,-0.601974726,-1.26793838,-1.54361701,-1.91185951,-1.39501286,0.880032063,-1.09873247,3.04828048,2.38468885,0.800109684
general_aleatoire,-0.328040361,-0.996133566,-1.64463925,1.40246415,0.735016346,0.244890928,0.180422068,0.0935635567,1.92206717,2.76608753,1.47232497,0.537144423
general_aleatoire,-1.54092455,-1.09036207,1.44055867,-0.384088516,0.891257048,0.170183182,-1.72932673,1.16679978,0.831340313,2.85235691,1.87049711,0.133394197
general_aleatoire,0.195354462,0.174152851,0.451600552,-1.6730988,-1.09541202,-0.166797638,1.38767481,-0.0612149239,-0.285477877,2.34679794,0.827263594,0.344245017
general_aleatoire,-1.3369019,-1.43616152,1.78279257,0.656751633,1.39990139,-1.13563824,0.676089287,-1.60975003,-0.150817871,3.31560349,1.66925752,0.0206847228
general_aleatoire,1.4479475,-0.352937937,-0.15935111,0.603893757,0.997134686,0.181727409,-0.837649822,-1.75090766,1.14788032,2.49046612,1.43099439,0.687966049
general_aleatoire,0.0500104427,-1.55225635,1.22561431,-0.576106548,-0.163040638,1.91224718,-1.79217386,1.17595863,1.14511275,2.90979242,2.2725842,0.451465607
general_aleatoire,-0.0109763145,-1.19454503,-0.640890121,-0.965516806,1.4885428,-1.3411746,0.179390907,-0.679139853,1.03369999,2.54845047,1.31608939,-0.346101165
general_aleatoire,1.02700591,1.01643062,0.0775432587,-1.92821741,-1.180475,-1.4949851,1.51132011,0.63851738,1.51832724,3.6913445,0.899868309,-0.0416338779
general_aleatoire,-1.35352087,1.48231363,-0.978026628,-1.0448153,1.78655171,-0.195042849,0.240728855,1.93995857,1.002918,3.27155924,1.84571743,0.157214552
general_aleatoire,1.08804989,0.231922865,-1.89133048,0.210054398,-1.73918176,-1.62339258,-0.144274712,-0.625347376,1.63688064,3.15835977,1.80473304,-0.614821196
general_aleatoire,-0.870276451,0.154807091,-0.437086582,-0.00875020027,1.19337654,-1.57810521,-0.512269497,0.627120256,-0.193212748,2.12807488,0.944918811,-0.398105741
general_aleatoire,1.28841257,-0.410474539,-0.478320122,-1.62636828,1.10244727,-0.235711575,1.85790658,-1.21756291,-1.18493438,3.36443162,0.939104795,-0.332170606
general_aleatoire,-1.25310683,0.0933184624,-1.62385559,-0.851448298,-0.573316336,1.17141747,1.02992749,0.310373306,-0.894233465,2.25197816,1.87121272,-0.16018796
general_aleatoire,0.538329601,-0.750603676,1.19165659,0.5706985,-0.416118145,-1.2166369,1.6603601,1.5878315,0.132115364,2.304492,1.71875477,1.13267982
general_aleatoire,0.0807619095,-1.36818075,-0.209588289,0.783596277,0.231280565,1.1730454,-1.33586287,-0.73295331,0.453892469,1.88529718,1.25351477,1.16963303
general_aleatoire,1.4287169,-0.54759717,1.62457299,1.58874536,-0.892382145,-1.32458329,1.93408585,0.0282042027,-1.43715405,3.24013782,2.21212578,0.685720146
general_aleatoire,0.392450333,-1.19193745,-1.86646581,-1.26310086,-0.545227528,1.57595873,0.9305408,0.617170095,1.28150988,2.93219399,1.78692377,-0.730057597
general_aleatoire,-1.39158297,-0.747352123,-0.23870635,1.19437289,0.461191893,1.87102342,-1.66614389,1.42749572,1.52966547,2.83175731,2.47656488,0.832709193
general_aleatoire,-1.52942419,1.21441412,0.958921194,0.020827055,-0.721332788,1.86850643,1.95366383,-0.328956127,-0.0585641861,2.80664968,2.02210259,0.841311097
general_aleatoire,1.93644118,-1.51026464,0.671679974,0.900742054,0.538685083,-0.70795536,-1.33618045,1.98831248,1.52771091,3.47180438,1.66843426,1.14897478
general_aleatoire,1.91912961,-0.290041447,0.624536037,-1.35106659,-1.48069429,-1.94956994,0.747443914,0.239022732,-1.62787819,3.18074799,1.95875704,1.13480914
general_aleatoire,0.109598398,-1.88254356,0.877414465,1.29183364,1.56103206,-1.16098833,-1.68237376,-0.483891726,0.925985813,3.32998753,1.61438096,0.0795418322
general_aleatoire,1.89382935,-1.25035238,-0.652638197,1.43270802,-0.814040899,1.27625394,1.67283177,0.163174868,-1.55700636,3.21314955,2.09772277,-0.666734874
general_aleatoire,0.840970993,1.0383296,-0.742599726,1.95226216,-0.11532855,1.60518384,1.28654742,0.606671572,-0.16293931,2.74173784,1.80325329,0.137890548
general_aleatoire,-0.74375701,-0.568807125,-0.982712269,-0.023150444,1.27702022,1.31299686,1.51928759,-0.659168005,0.101739645,2.17851138,1.7902174,0.00395496283
general_aleatoire,-1.30495381,-1.02264047,0.848056078,-1.54822731,1.30391264,-1.65128231,-1.59745026,0.876309633,-1.04050374,3.33175278,1.89367497,-0.0875128359
general_aleatoire,-0.319525242,-1.43211222,1.62143946,-0.608234406,0.95868516,-0.198596239,-1.23495841,0.9953053,0.455109596,2.3718822,1.7909832,-0.00281705661
general_aleatoire,0.604590178,-0.257978201,0.483714104,0.308998823,-0.590500355,0.952276468,1.36579013,1.22478342,-0.114851475,1.86900413,1.36877847,-0.170293644
general_aleatoire,1.37494922,1.91641974,-0.98410058,0.536568403,-1.87553763,-1.49494123,0.957178831,0.704710245,-1.57462525,3.1052804,2.5968883,0.278671682
general_aleatoire,-0.699584007,-0.740321875,0.745308638,-1.98473167,-1.72143555,0.726677895,-1.30047441,-1.33147216,1.42294884,3.73877454,0.730450988,-0.0195437074
general_aleatoire,0.621129513,-1.09128189,1.96697044,1.34816432,-1.70931673,-0.882895708,-1.69168806,0.571527481,-0.63847971,3.04105973,2.12647462,-0.889188349
general_aleatoire,0.776602268,1.46554589,0.0506188869,-1.13788056,-0.778757334,-0.558488846,-1.14942265,-1.72597837,-1.86724281,3.39322519,0.984104931,-0.520549893
general_aleatoire,1.05262113,-0.784214497,-0.366774797,0.61265111,1.0369947,1.75321913,1.61443114,1.48481774,-1.06894755,2.50854158,2.1598897,-1.17380571
general_aleatoire,1.06425905,1.22958398,1.15378928,-1.76362467,0.659939528,1.59538937,-0.958852768,0.603074074,1.62877989,3.19966197,1.92937994,0.206375003
general_aleatoire,1.49690676,0.682929039,-1.9992466,0.2417624,-1.32367587,-1.55604219,-0.440962553,-0.211777925,-0.48198843,2.89290905,1.67880571,0.469300002
general_aleatoire,-0.158566952,-1.09307861,1.45825434,-0.473552465,0.186592817,-1.48460531,-0.478397846,-0.348955631,1.90720129,2.9762547,0.754248083,-0.608819723
general_aleatoire,1.2094171,-1.5571177,-0.0837199688,-0.309806347,-1.92799973,-1.83190131,-0.314224005,0.959616423,-1.89129996,2.97918868,2.43987799,0.91180414
general_aleatoire,1.67230606,1.86497355,-0.879850864,-1.49018431,1.43336654,0.830753088,-0.831127167,1.89110518,1.64308047,3.37362218,2.67477012,0.667274296
general_aleatoire,1.30415606,1.01584744,0.797261477,1.2196269,1.35784364,-1.92797399,1.9271946,1.85124135,0.485377789,3.64029026,2.12830019,0.109992854
general_aleatoire,0.906683922,0.236739159,-0.780995846,0.512952328,1.31757855,0.130703449,-0.873915434,0.540356398,1.4910152,2.10243726,1.53231335,0.122086495
general_aleatoire,-0.20063138,-1.54967856,-1.12622738,0.814743757,-1.51901126,0.162793875,-1.72663641,-1.61386228,-0.946737051,3.12782288,1.74127746,0.612094343
general_aleatoire,-1.03242469,-1.81550574,-1.9503839,0.268682957,-0.124928236,-0.864686251,-0.794939041,1.2981391,0.393429756,3.05835629,1.29226124,-0.670698106
general_aleatoire,-1.70303655,-0.811048985,-1.09459424,-0.800323725,0.920984507,0.972772598,0.395233154,-1.80742884,-1.74203515,3.14984655,1.92788863,-0.103412449
general_aleatoire,1.6115799,1.50895762,1.40905547,1.50904703,0.671218634,-0.678368092,0.372886181,-0.638376713,1.56920981,2.90179944,1.99696386,-0.805110931
general_aleatoire,1.95611334,-1.25867939,0.504704475,-1.68412352,0.125266075,-1.04195952,1.35260868,1.17831302,-0.858838797,3.03594708,1.92172956,0.805344641
general_aleatoire,-1.86131907,-0.283269644,0.331227303,-0.928893328,1.98175001,1.15664315,1.42278433,0.293397188,0.0857825279,2.75020933,2.07180619,-0.210201293
general_aleatoire,0.635300159,-1.74543643,-0.990771055,1.32549405,-1.1190989,0.395913839,-0.0465016365,-1.54026818,0.950262785,2.79292774,1.44259405,0.996951044
general_aleatoire,-1.62457108,0.100958824,1.63850713,-1.86941743,0.676800966,1.47420597,1.31714702,-1.74125266,1.51591539,3.38526106,2.65288711,-0.165012255
general_aleatoire,1.82329774,0.287089348,-1.89943218,0.0697853565,0.777801752,-0.27829051,-1.6711719,-0.732213736,1.64270616,3.61673379,0.798039079,-0.108513087
general_aleatoire,-0.26161623,-0.142267227,1.09551859,-1.44990492,0.407693624,-0.636737347,1.57009315,-1.34070134,-0.226480007,2.51002026,1.28059447,0.580136955
general_aleatoire,-1.31767249,0.428358078,1.79243326,0.525230169,-0.219015598,0.366788626,1.15520883,0.810534954,0.558422089,2.26922011,1.57621443,0.510328114
general_aleatoire,-1.05026627,0.705705404,0.0494549274,-1.47322631,-1.5831008,-1.06326222,-0.461954832,1.14700127,-0.0493319035,2.46308923,1.67095077,-0.28847751
general_aleatoire,1.88306475,0.608896971,-0.949297667,1.80212402,-0.913725138,0.402604103,-0.108411551,0.974375486,1.93536115,2.75589466,2.08009791,-1.35923111
general_aleatoire,0.02506423,-0.924164295,0.536416054,-0.372112513,-1.71627116,1.56591988,-0.982433796,-1.98831606,-0.552587748,3.04397249,1.6049397,0.246859372
general_aleatoire,-1.84093618,-0.110026598,0.416286707,-1.81740522,1.62952065,-1.43990374,-1.04457355,-0.892742872,-0.12143302,3.07670641,1.89114976,0.682911634
general_aleatoire,1.88613057,-0.198138952,-0.674612045,-0.108114719,-0.0718359947,0.490078688,-1.21560931,-0.121025085,0.443120241,2.40188265,0.433152437,0.202292576
general_aleatoire,-0.210127592,-0.877267361,-0.102846384,-1.17202973,0.363469601,0.0662903786,0.148029804,-1.97797704,1.41654396,2.55016828,1.18477464,-0.606911182
general_aleatoire,-1.9693439,-1.80201268,-1.12372494,1.33326817,-1.8531146,1.37569833,-1.56789708,-0.860368013,-0.644557476,3.50441742,2.60131335,0.242328674
general_aleatoire,-0.148592234,1.21034265,-0.245846272,0.288194418,-1.12596083,0.0506708622,-0.41281271,-0.826044798,-1.82244897,2.14459872,1.56713593,0.140453085
general_aleatoire,1.72701478,-0.888711929,-0.411939859,1.26672864,-1.65162897,-0.861750841,0.46826601,1.27282667,-1.5446465,2.92575741,2.0632565,0.652218103
general_aleatoire,0.126397848,-0.619107485,1.51945066,0.0296475887,0.299118042,1.49689007,-1.88132715,-0.025813818,0.70168066,2.37713504,1.73506534,0.640486598
general_aleatoire,0.809035063,-1.82058597,1.97126722,-0.197612047,-1.47404361,1.71770668,-0.901073933,-1.33918428,-0.421695709,3.58025551,1.63613379,0.552583992
general_aleatoire,-0.44051075,-0.312687397,0.919441223,-0.355915785,1.52903414,1.63044381,0.683771849,0.856130362,-0.967307091,2.38424516,1.64581168,-0.0550363362
general_aleatoire,0.431620836,0.698431253,-0.762509346,-0.813089609,1.29516149,0.873716831,1.82024193,1.81613231,1.2847929,3.01114368,1.60065317,0.995337069
general_aleatoire,0.885573626,-1.9937396,1.45152187,0.545605421,-1.99158478,-1.79545856,0.870288372,-0.969571352,1.31835008,3.28804684,2.62659025,0.281443536
general_aleatoire,-1.76190138,-1.83776522,0.415181637,1.48639083,0.746359587,-0.973223209,-1.54204965,0.661168337,-0.46464467,3.20772624,1.615224,-0.70719707
general_aleatoire,1.20141935,-0.175054073,0.650657892,-0.523787975,-1.63086104,-1.51590014,0.385285854,-0.324208975,0.198334455,2.38837481,1.30516553,-0.120516956
general_aleatoire,1.0047121,1.60128498,-1.71596956,-0.383041143,-1.67928004,-0.715675831,-0.580914974,0.999403,1.76690269,2.78637171,2.57432055,0.25342831
general_aleatoire,-0.349298716,0.674290419,0.58438468,0.714679718,0.585800171,-0.552320242,1.55215621,0.374643087,0.39476943,1.81470299,0.977410972,-0.730807424
general_aleatoire,-1.95947528,0.00861430168,0.544384003,-1.44451475,1.6531477,-1.53704977,0.450293779,-1.38271379,1.49479437,3.39964724,2.02718472,0.0024226082
general_aleatoire,-1.3126061,0.895892143,0.551508188,-1.51776648,0.963924885,1.60981321,0.11996603,-1.7342248,1.3160708,2.89662552,2.21870899,-0.307968825
general_aleatoire,0.135869741,1.96505284,-1.43145156,1.28005052,-1.95317364,0.779529333,-0.311863184,0.129970789,-0.819837332,3.33503294,1.105618,0.656869054
general_aleatoire,-0.204587936,-0.0559980869,-1.66243052,0.308799505,-0.402525187,-1.82504392,1.64053845,-1.50798702,1.23209047,2.96371698,2.02208829,0.0884069726
general_aleatoire,0.23456955,-1.13579464,-0.62733078,-0.133569002,0.916693926,1.26689267,0.609166384,-1.73046184,1.38241744,2.39992332,1.92836308,-0.0150060747
general_aleatoire,-0.450429678,0.769971132,1.40736485,-0.280275822,-0.384408712,0.691866398,-1.68954158,-0.898475409,0.170137405,2.0426383,1.6602037,-0.493487835
general_aleatoire,-0.77474618,1.44696975,1.15594053,0.361142159,-0.21432209,-1.09488368,1.19352126,-0.463041544,1.2896893,2.24606133,1.86165953,-0.443746746
general_aleatoire,-0.19950676,1.43024921,0.317065239,1.66654086,1.03740406,-0.276059151,-1.60450554,-0.724532843,1.55860806,2.96244144,1.53949034,-0.705886066
general_aleatoire,0.328794956,-1.95076132,-0.515310526,-0.519790888,0.404296637,-1.89031887,0.822343349,-0.428103209,0.753619909,2.28733301,2.04153538,0.462353379
general_aleatoire,0.103250265,-0.501788616,0.0467255116,-1.33255935,-1.33748674,-0.277882814,0.582962036,-1.4296236,-1.82088637,2.59261155,1.65497577,0.380993545
general_aleatoire,1.56038809,1.04762721,-0.616490364,1.7865777,-1.38216114,-0.640924692,-1.8982091,0.0689573288,0.583289385,3.23811054,1.69668365,0.0974331275
general_aleatoire,-0.484359026,0.547609091,-1.9731586,-0.637583494,-0.456502199,-1.71315265,1.16688085,-0.361484528,0.38395524,2.83796358,1.02555871,-0.715212703
general_aleatoire,-0.755130053,-1.59496045,0.708482504,1.38855791,0.423116922,0.124341249,-0.541625261,1.36689329,-1.12842989,2.51699209,1.6821928,-0.0934700146
general_aleatoire,0.320885897,1.95214367,0.238753557,-0.183993578,-1.57896328,0.753096819,-1.33056116,-1.43778825,1.88810086,3.42494917,1.59903991,-0.424637109
general_aleatoire,-0.0576412678,-1.08605313,-1.88985324,1.9098084,0.0218203068,0.127650738,1.85606956,-1.45684385,-0.463173151,3.00725007,2.1830256,0.625525773
general_aleatoire,-1.60279131,-1.84401608,-1.16454387,-1.87617707,1.70254922,-0.448053122,-0.343399286,-1.35990047,-0.418262959,3.02838469,2.62942576,-0.0465623289
general_aleatoire,-1.90659165,-0.747174978,1.02485442,-1.4117527,-0.165908098,-0.0485954285,-0.843020916,-1.47980905,1.6003325,3.2698369,1.41298199,0.199632064
general_aleatoire,1.34192085,-1.53544426,-0.518412113,1.82367516,-0.500785828,-0.744133234,-0.103974342,1.55361462,-0.223489285,2.95681,1.50908852,-0.1086578
general_aleatoire,0.411771297,1.97943187,1.30682921,0.181524277,1.93605256,-1.64719319,-0.846378326,0.427509308,1.84454179,2.84214926,2.81654906,0.762035191
general_aleatoire,-1.39366293,-0.44207263,-1.87624955,-0.457952499,1.88296843,-0.638451815,1.09415555,0.165630341,1.92043591,3.30567145,1.94104624,-0.196234167
general_aleatoire,-1.38341999,-0.088486433,0.214845896,0.129029989,0.166819096,-1.32665229,1.04760718,-1.01237035,1.33459973,2.25934243,1.53359723,0.468301266
general_aleatoire,1.35419679,-0.238234758,-0.57525754,-0.790667057,1.3072598,-0.962660551,0.836054802,-1.22150469,-1.29131651,2.44591522,1.62446499,-0.848230779
general_aleatoire,-1.76940989,0.0297853947,-0.630208254,0.709549189,-0.919009447,-1.05985117,1.86566949,1.32275391,0.230835199,2.8174417,1.62559831,-0.838643134
general_aleatoire,0.17931056,-0.610892057,-1.33903193,0.321870327,0.331937551,-1.44321322,1.99885511,-0.223825216,-1.39791417,2.94245386,1.17587674,0.67376405
general_aleatoire,0.504937172,1.26702762,-0.0444087982,-1.17076421,-0.39288497,1.12955308,1.97539353,0.938311577,1.52125883,2.85677004,1.67513311,0.89042747
general_aleatoire,-0.798042536,0.493623734,-0.696707726,0.277509212,1.17008543,0.482641697,-0.154217958,-1.19475174,0.923271894,1.86009181,1.23630679,-0.600201905
general_aleatoire,-0.419449091,-1.40806341,-1.84216189,1.41023111,-0.0978159904,0.843538761,0.17209816,1.62777114,-1.08900118,2.56758356,2.04683566,-1.15981746
general_aleatoire,-1.47051072,1.85611534,0.372057915,1.63781834,0.396482229,0.888572931,-0.586157084,0.133546352,-0.166134357,2.59062052,1.74724865,-0.00496046152
general_aleatoire,1.47987652,-1.84807396,-1.47739077,0.983439922,1.16203904,0.197289705,-1.50071692,-1.76903582,1.17684245,2.92661858,2.8187921,0.63278693
general_aleatoire,0.723023415,-0.896929741,-0.132871866,1.50836229,-1.8621552,1.77616835,1.87843084,-1.40481615,1.79644847,4.26250553,0.803049266,-0.397302568
general_aleatoire,-0.149297714,0.0516095161,1.92394948,-1.62531042,-0.0663704872,1.01848483,1.45419002,-0.0322756767,0.354925871,2.49978542,1.84266615,0.0849787965
general_aleatoire,-0.790210247,-0.498680592,-0.034327507,-0.856865883,0.089776516,-1.1871078,0.250846624,1.04719257,-0.235105276,1.56836009,1.29086566,-0.338407844
general_aleatoire,-0.45383811,0.423021078,0.0451016426,1.67493868,-0.0306982994,-0.550927877,0.309115887,0.902865648,1.46230841,1.89779568,1.67034411,-0.392708838
general_aleatoire,1.57781005,1.92295718,-0.176083088,-0.369663239,-0.226176739,1.31007552,0.40846777,1.05811095,0.365626812,2.75418139,1.37496567,-0.257760823
general_aleatoire,0.294115782,1.22635722,1.82418847,-0.0940666199,-1.198102,1.98449159,-1.56294322,-1.76211381,1.41584778,3.45019031,2.31079221,-0.780712187
general_aleatoire,-1.98732877,-0.243400812,0.560793161,1.38787532,-0.806260586,1.57236075,-1.03847051,-1.75016975,-0.752403736,2.82863307,1.93462968,-1.52821803
general_aleatoire,1.53385901,-0.975809813,-0.206723928,-1.87683988,0.0417299271,1.886132,0.506369829,-1.11701822,1.70553041,3.05499697,2.34175849,-0.159881607
general_aleatoire,0.936118841,-1.92353582,1.05038548,-0.0926263332,1.71702957,0.750888109,-1.87780237,0.890827656,1.48819327,3.20078611,2.04148912,1.14975953
general_aleatoire,0.770129681,0.1089046,-1.46225953,0.530176401,-0.802417755,0.577881098,-0.565138102,1.27919102,1.21774864,2.28063583,1.39015031,-0.553962886
general_aleatoire,-0.666370869,-0.884960651,0.932204723,-1.15718031,0.11431241,1.82979202,1.17357588,-1.96454692,1.96218395,3.34783721,2.06361651,-0.645637155
general_aleatoire,1.99128342,-1.19739604,0.707285166,1.97859454,1.31387711,-1.6407516,-0.821522474,-1.99072981,-1.94273901,3.13915205,2.72025323,-2.32174087
general_aleatoire,-1.82335234,0.951478004,-0.632870436,1.33657837,0.531625271,0.961904526,-1.72388196,-1.42859888,-1.97733688,3.66945148,1.74908054,0.152134418
general_aleatoire,1.01371145,1.74836397,1.07569098,1.28770638,0.634161949,1.23673248,1.06446362,1.53769708,1.38368559,3.69052911,0.77390337,-0.156856611
general_aleatoire,0.800137043,0.454416275,-1.58238363,-1.64558125,-0.403599262,-0.0494887829,0.892597914,-1.68940282,-0.878662348,2.44953489,1.73767245,-1.27556431
general_aleatoire,-0.369827986,0.749625444,-0.371574163,-1.90200639,-1.73596072,-0.775450706,-0.60471797,0.196521282,-1.55600762,2.831213,1.61388195,-0.523805082
general_aleatoire,0.528359175,1.23294067,0.308162451,1.79075193,0.791024923,-1.71073413,-1.97564507,1.8204608,-1.59623528,3.16476989,2.62930012,1.22050142
general_aleatoire,0.090306282,1.47577691,-0.801737309,0.726994514,-1.69255185,-1.54827356,0.00249695778,1.36829758,1.17806196,3.04132104,1.56267476,-0.433297813
general_aleatoire,-1.03107524,0.828345776,-0.0869605541,-1.79909611,-1.41921401,-1.70839286,0.840440035,-0.388506889,0.667417526,2.99055576,1.48307359,0.293510139
general_aleatoire,-0.81883812,-1.15555024,-1.07046294,1.45360303,-0.875982046,-0.394776106,1.21393085,-0.829939842,1.71691203,2.61198449,1.82688427,1.06680942
general_aleatoire,-1.39068174,-0.379589319,-0.935328007,1.62444401,-1.91189241,-0.714017391,0.333029747,-0.0942521095,1.36892295,2.64428401,2.03601384,0.782972097
general_aleatoire,-1.09588408,0.195921659,0.561903954,-1.1229043,1.91592431,-1.86532331,0.413972378,-1.14148784,-0.568743706,2.97578502,1.51586008,0.781603038
general_aleatoire,-0.335514307,0.591269732,1.03844571,-1.50831747,-1.24862862,1.55463624,0.879165649,0.0123357773,1.46773386,2.64810205,1.73148954,0.84163785
general_aleatoire,-0.202601194,-0.184212685,0.343459129,1.28572774,0.499135256,0.21862936,-1.71289682,0.548363209,0.73046875,2.21731448,0.933247983,0.35191375
general_aleatoire,0.105113745,-1.03227329,-0.147309303,0.855810404,-1.06138635,1.29013896,-0.787223816,1.2158339,-0.8401196,2.58175302,0.867003918,0.0915270224
general_aleatoire,0.210003853,0.253155708,0.0806794167,-1.52018523,-1.42849636,1.66716671,1.1013844,0.882620573,-0.914362669,3.15845251,0.295320302,0.103911005
general_aleatoire,-0.394217491,-0.0132184029,-1.36550355,-0.862903833,1.52796865,-1.46468663,1.29511213,0.518230677,0.88688612,2.74101949,1.43615615,0.633634686
general_aleatoire,-1.78267193,-0.913811922,0.994580746,-0.39021349,-0.729652882,-1.58900714,-1.99946141,-1.24384212,0.044516325,3.19098091,1.89044976,-0.0507537052
general_aleatoire,1.13206649,-1.81259251,0.860154867,-0.895321846,0.373942852,0.827905893,1.58290672,-1.74924159,0.333065987,3.33966351,1.20471966,-0.0739383325
general_aleatoire,1.35735393,-0.132128,-1.98472047,-0.638517141,-1.01270461,1.76179385,0.963616133,-1.66913819,-0.734919548,3.23027158,2.03515625,0.119770832
general_aleatoire,1.72354937,-1.59243059,1.30685854,-0.559064388,-1.4802804,-0.918426991,0.259937286,1.37084746,1.46619177,2.69511628,2.68767071,-0.413415551
general_aleatoire,-0.746608496,0.287236452,1.15572977,1.6287992,1.56748843,1.77193522,-0.264730453,-0.310461998,1.63977242,3.06305456,1.82853901,-0.595706463
general_aleatoire,-0.490745544,-0.490727901,1.74528456,1.85631347,0.700560093,-1.64284205,-1.53590941,0.748076916,-1.8308332,3.26321197,2.39839673,0.18167007
general_aleatoire,-0.0247440338,0.258516073,-0.449404955,1.72068381,0.530847311,1.37699461,0.815428257,0.703390837,-1.98254704,2.50516129,2.04779673,0.170129925
general_aleatoire,-1.44353676,-1.33218765,-0.983074665,0.852184057,1.50204468,0.665541649,-1.26877117,1.86418986,-0.88624239,2.8657527,2.42999887,0.0568875037
general_aleatoire,1.04415107,-1.48159742,1.80309081,0.704432726,0.810161829,1.77592921,-0.807791233,-0.924128056,-1.57854033,3.33072782,1.93122602,0.134087667
general_aleatoire,-0.0983736515,1.12729526,0.537358761,0.576596737,1.99786496,-1.80725598,-1.58076787,-0.559798241,-0.00571703911,2.92845798,1.44015038,1.14963591
general_aleatoire,1.82719922,-0.459519625,0.00160455704,1.46328044,-0.2690835,-0.096129179,-0.169201612,-1.55609012,-1.16446924,2.42449951,1.92072713,-0.106292367
general_aleatoire,0.537696362,-0.525171518,1.08312225,-0.520747185,-1.98847508,-1.79058003,1.43582654,1.0702703,-1.25590801,2.77874851,2.26981854,1.03938723
general_aleatoire,-0.333982468,0.208277225,1.28871942,-0.336810112,1.40139198,0.878615141,-1.15202379,-0.51535368,0.629413843,2.06544471,1.43617916,0.570319951
general_aleatoire,1.47905254,-0.110872984,0.921985388,1.52062678,0.590852499,-1.13703752,1.18496227,0.711252689,1.01609206,2.55813813,1.737203,0.620263815
general_aleatoire,0.431008339,-1.85624552,-0.81879425,-0.421062708,-1.45359659,1.72322917,0.606559038,-1.49710298,0.954389811,3.02488256,1.89113164,-0.596148789
general_aleatoire,0.948386192,-0.737490654,1.89836717,0.579330206,-1.79120564,-0.419476509,0.728775501,0.852827311,-0.127383471,2.39840746,1.84825468,0.934547663
general_aleatoire,-1.20313907,0.316700935,1.56085992,-1.65863466,-0.850361824,-1.82797241,-0.528856277,0.66746664,-1.76763225,3.14054179,1.91944957,-1.04987109
general_aleatoire,1.29323769,-1.55395126,1.12806129,0.0634474754,0.175222874,-0.929629326,-1.60053277,1.34192085,0.752177715,2.91445565,1.64097226,-0.00874128193
general_aleatoire,-1.94122648,-1.03244448,-0.483623981,1.64427471,-0.650617838,1.35306144,-1.92268968,0.837531805,-1.50252652,3.76066065,1.59222329,0.0628533587
general_aleatoire,1.79538369,-0.34542942,-1.87431288,-0.0285418034,0.944801569,-0.38284111,-0.679028988,0.123750687,1.62426353,3.11691093,1.03290987,0.477906555
general_aleatoire,0.380526543,-0.933299303,-1.96030474,0.899425983,-0.143619537,1.51058793,1.85399675,-1.83337283,0.0761289597,2.88711643,2.53211713,0.165558606
general_aleatoire,-0.409409761,0.710168839,1.04923606,-0.752544641,-0.180324554,1.09596539,-0.930989504,1.09168577,-1.1207788,1.94890428,1.6490519,-0.60819155
general_aleatoire,0.0851840973,-1.47392702,1.90405512,1.42851806,-1.49779916,0.301421404,-1.93220949,-1.69446039,1.08063269,3.4361434,2.31347394,-0.890627623
general_aleatoire,-0.469678879,1.22862196,-0.529065609,-1.51917124,-1.27304339,-0.9376688,-0.257969618,-1.92979074,-0.671602726,2.89808917,1.57816815,-0.412213594
general_aleatoire,-0.826765776,-0.63278532,1.09256744,0.956106186,0.0718419552,-1.10694647,-0.607617855,0.567439795,-0.513042927,2.07081628,1.00475085,-0.280873358
general_aleatoire,0.282598495,-1.99458551,0.272369862,-0.800797939,0.652029276,0.585834742,0.193527937,1.89677763,1.51702023,3.03426528,1.26896417,-0.813372195
general_aleatoire,1.3882432,0.702320337,-1.90562034,0.187852859,1.59424233,1.31905246,1.13279343,0.424586058,1.12150431,2.66977692,2.23243499,0.9891662
general_aleatoire,-0.835423231,-0.168017149,-1.17162037,-0.407979012,-1.3906889,-0.788337231,1.59782076,-1.73722076,0.840541601,2.67464471,1.97391617,-0.219548672
general_aleatoire,-1.08705878,1.74951363,-1.01358557,0.413167,-0.0636918545,-0.106396675,0.989777565,-1.76113415,-0.104760885,2.97147918,0.78164345,0.327883661
general_aleatoire,0.686568975,-1.7686224,0.328835011,1.83115911,1.96083546,1.77089715,-1.043365,1.14075804,0.122949362,3.29885721,2.30520463,0.500260949
general_aleatoire,1.96531153,0.603829145,0.177929163,0.578364611,1.85107327,0.24517417,-1.69757986,1.10771203,-0.537277222,2.72321057,2.22834754,-0.309627026
general_aleatoire,-1.18007517,-1.09847498,0.902508736,-1.21666789,0.478938103,-1.43678832,1.58430028,0.489654541,1.38877773,2.83285475,1.9178679,-0.403680921
general_aleatoire,1.12528729,-0.739412069,0.31319356,-0.895050764,-1.41214919,1.92661309,1.24449492,0.109060526,0.543818712,2.56802225,1.82926214,-0.577644944
general_aleatoire,1.62568378,-0.447337389,-1.34447598,0.696521044,0.571275473,-0.960380316,1.23944068,-0.619231224,1.78958082,2.50370836,2.20868206,0.599857867
general_aleatoire,1.66994333,-0.650639534,-0.837982178,0.899924517,-0.120047092,0.15525198,1.56056452,-1.75748444,0.830885172,2.99288678,1.35073936,0.441871673
general_aleatoire,0.759998798,-1.75118732,0.760386229,-1.41078806,1.72242713,-1.96863365,-0.0107502937,0.523687124,-1.07899642,3.68489456,0.830800354,0.474298447
general_aleatoire,-0.209306479,-1.82174492,-1.46290064,-0.337431431,1.83173633,-0.792333364,0.118638754,1.04435301,-1.03242683,2.78758001,1.97097814,0.338891357
general_aleatoire,-0.582929134,0.00241422653,1.79628468,0.718481302,1.84924078,-1.69504333,0.483634233,-0.901184797,1.71464109,3.48586202,1.17425358,-0.91184181
general_aleatoire,1.22786188,1.04341722,-0.161340714,0.187438488,0.186308384,-1.2787683,-0.268736124,-0.165608406,-1.82440042,2.23442125,1.66217995,0.00940028857
general_aleatoire,0.243497849,-1.33700109,1.45584631,-0.217833519,-0.0746665001,-1.16325831,1.59069848,-1.80008411,0.697395802,3.08135605,1.32814443,0.608942449
general_aleatoire,1.3745985,-1.45200396,1.92476988,1.97992539,1.17257142,0.108930588,1.41513968,-0.432566881,-1.03209162,2.93993187,2.39928126,-1.36552811
general_aleatoire,0.636454821,1.84250784,-1.5644269,-1.2122972,0.546154499,1.80571914,-0.00705623627,1.97927713,-0.37330389,3.19254017,2.26628137,0.0671713129
general_aleatoire,0.846891165,1.81207991,1.92457485,0.0901587009,0.278158903,-1.12353015,-0.961833,-0.164146185,-0.252016544,2.90141201,1.04239357,0.750645816
general_aleatoire,1.6775496,0.374243736,-1.2956183,-1.70767379,-1.14417195,0.489372969,-1.94788194,1.92471123,-1.94323993,3.35904026,2.9102304,0.787381172
general_aleatoire,-1.23956943,1.31756639,1.17038035,0.9284904,1.63159513,-0.579835892,1.77480626,0.7932446,1.84054232,2.8826766,2.08704782,-1.73317242
general_aleatoire,-0.41917634,0.0858383179,1.8115871,1.90923142,1.86821055,1.02924061,-0.428824902,-1.3533144,1.41688752,2.98871779,2.5036993,-0.69398278
general_aleatoire,-0.0923995972,1.09235597,0.873324633,-0.760000467,-1.01063895,-1.07184076,0.562460661,-0.167061567,0.666401863,2.14793921,0.891668618,0.303244025
general_aleatoire,1.1253953,-1.3492012,1.84067106,0.260341167,1.05431604,1.08650756,1.42082787,-0.00441741943,0.412257195,2.78532767,1.5021168,-1.00454438
general_aleatoire,-1.95158768,1.34163117,-1.96384621,1.13768339,-0.571882725,-0.492058039,1.70477605,0.207961082,-1.08529305,3.21563673,2.21507287,-0.457556188
general_aleatoire,1.21901226,0.537454605,-1.81577325,-1.11169672,1.23231697,-0.713320255,-1.28844762,1.39216828,0.058734417,2.56784916,2.29218411,0.29816851
general_aleatoire,0.915445566,1.23310161,-1.61840296,-0.9847157,-0.285192013,-1.01677036,-1.88332105,-0.38894248,-0.0764396191,2.59332657,1.96440554,0.427100331
general_aleatoire,1.57857108,0.649735928,-1.99822903,-1.52598953,1.60553217,-0.844460249,-1.38477206,-0.408653736,1.96034527,3.58103919,2.36671829,0.169710025
general_aleatoire,1.67812395,1.81938791,1.97301984,-0.0212993622,-1.82035494,0.050880909,1.04403162,-0.0738027096,-0.513103962,3.37079859,1.4561857,1.10080874
general_aleatoire,0.541774511,-0.430167437,-1.63711333,1.0170598,-1.86952829,1.67370558,-1.7691884,1.80371428,-0.22253871,3.52772641,2.09543014,0.294613749
general_aleatoire,0.308490276,-0.897808313,-0.57151556,0.488158226,1.15019631,1.969769,-0.995994568,-0.454707384,0.256295919,2.50707626,1.1334331,0.602863967
general_aleatoire,0.295364857,-0.565686226,-0.337584496,0.62652421,1.38908648,-1.03840446,1.60894561,-1.23362827,1.5094223,2.77195787,1.47635674,0.668658078
general_aleatoire,1.67295623,1.89748883,-1.59278536,-1.88992333,0.0238316059,1.35926461,-1.11658907,1.00708866,-1.84428024,3.69256687,2.30087399,-1.04378402
general_aleatoire,-1.08522248,-1.85592484,1.82528019,-1.29911304,-1.40728831,1.46708131,0.718199492,-0.870085239,-1.10043931,3.73347569,1.4978168,0.275363535
general_aleatoire,1.80183649,-0.274477482,0.326488972,0.876639366,-0.253543377,0.253298521,0.320355177,-0.289992809,0.0667934418,2.10910034,0.250774771,0.0740341321
general_aleatoire,-0.694646358,1.03510499,1.35863853,-0.87001586,-1.4247427,-0.587798595,-0.279588699,1.57637715,1.61503005,3.16741419,1.29202282,0.0426908582
general_aleatoire,1.78582597,1.38339806,1.57023287,-0.396233082,-0.322208166,1.05243325,1.12146187,1.29264331,-0.0946571827,3.09341311,1.50205088,-0.221885696
general_aleatoire,1.55554962,-0.00984072685,0.178022861,-1.18127966,-1.18215656,0.364521027,-0.978763819,-1.25545645,-0.817221403,2.60037994,1.06723714,0.823616385
general_aleatoire,-0.673741341,0.375209808,1.42012072,-1.86876154,-1.1716969,0.544169664,-1.71536708,-0.542583227,-1.7239697,2.9390986,2.20299244,-0.700137019
general_aleatoire,-0.819032907,1.76313806,1.51798606,0.0276815891,-0.159990549,-0.362351894,-1.61978793,1.2435143,1.30698705,3.40489984,0.702637911,0.18062821
general_aleatoire,1.34330368,-1.80943513,-0.671236038,0.906996727,0.774471998,1.09562469,1.08449125,-0.589589596,0.618602514,2.5551281,1.85871005,0.273575723
general_aleatoire,1.29915142,-1.39361978,0.0626375675,1.50353217,-0.146825552,0.156378031,-1.81838703,-0.870110512,-0.839883327,2.78486896,1.70226467,-0.23736681
general_aleatoire,-0.299087286,1.72403979,-1.84971571,-0.43270421,-1.48853302,0.18680191,1.06218696,0.128086567,-1.99995351,3.23498344,1.67162013,-0.897832513
general_aleatoire,0.361724138,-0.333736897,-1.75467634,0.0900406837,-0.551295042,-1.78146243,0.892513037,1.89231253,-1.19775915,2.90369487,2.0419569,0.133332834
general_aleatoire,-1.0954988,-1.18568659,-0.783205271,-1.95963764,-0.784229994,-0.250072479,-1.07833338,1.53093743,-1.99410486,3.00519252,2.37939763,0.726240575
general_aleatoire,-1.79239631,0.917379141,-1.23552537,1.86738181,-0.759661913,-1.10282612,0.926898718,0.65218854,0.5625422,2.92213583,1.74191451,-0.942878485
general_aleatoire,0.967585087,-0.336224556,1.39370131,1.03627563,-0.30948329,0.438524008,-0.788276434,1.58416319,-0.698819637,2.57686782,1.03645134,0.508374631
general_aleatoire,1.27210689,0.850485325,-0.988745689,1.26711774,-0.914245844,-1.27354431,-1.49857426,-0.516236067,-0.652141333,2.55363703,1.67792332,0.991751552
general_aleatoire,1.60776067,1.99817562,1.22677398,-0.376995564,1.93943357,-1.11804628,1.01699281,1.04993153,-0.427219391,3.27914548,2.06643534,-0.729607522
general_aleatoire,0.169883966,0.362551212,-1.4015944,0.644056797,-0.477241278,-1.68617678,-0.342121363,0.177987814,1.01531863,2.52444363,0.645975649,0.00546193169
general_aleatoire,0.837283134,-1.91731453,-1.33071494,-0.923921585,1.12252665,0.0703849792,0.335091114,-0.924613237,1.808887,2.7899878,2.14355683,-0.356358558
general_aleatoire,0.51373601,-1.83031082,-0.0725302696,-0.938695669,-0.553158998,0.406215429,1.79683447,-0.813760519,0.528637886,2.51473045,1.56923974,-0.59604007
general_aleatoire,0.857696533,-1.48023462,1.03602099,0.240366697,-1.58993626,1.12292719,0.0554177761,0.833958626,0.0355620384,2.83659649,0.603049994,-0.369580656
general_aleatoire,-1.31164312,-0.522876978,1.88967991,1.73169923,-0.204745531,1.31002522,-1.36390018,0.788837433,-1.279217,2.98553681,2.31472564,0.411178321
general_aleatoire,0.85730648,-1.60706019,-0.153135538,1.21407223,1.68397808,-1.51187825,0.778381586,-1.49949908,0.915924072,3.11843443,1.88206542,0.602565467
general_aleatoire,1.40188622,1.44676352,-0.6215837,-0.903713703,-1.87656856,1.22828341,-1.79241896,-1.21903777,-1.43131828,3.54096389,2.10050726,0.297654241
general_aleatoire,-0.618632317,-1.14642668,-0.657558203,0.660584688,1.91410184,-1.37069511,1.42614889,-1.52450252,0.804679394,2.99168873,1.720348,1.09729862
general_aleatoire,1.05887651,0.908226967,0.684221029,0.248291016,-0.258703232,1.7883625,0.197238922,-0.0149650574,-0.75206399,2.14391637,1.29423833,0.272704422
general_aleatoire,-0.477929354,-0.0699985027,-1.34785867,0.0266904831,1.1448226,-0.451050997,0.937775612,1.62628865,-0.462579966,2.2434268,1.4511075,0.405411959
general_aleatoire,-1.93575263,-1.89922643,1.128685,1.35598922,-1.50246882,-1.9543283,1.19018936,0.81479907,0.463647604,3.31021452,2.69039512,0.802071273
general_aleatoire,1.88102841,1.3731122,-0.249354839,-1.60994291,-1.06010652,0.235922337,0.819483995,0.00435137749,1.26851249,3.09872031,1.38934219,0.0751062706
general_aleatoire,0.824772596,0.185721159,0.13716197,1.86814094,0.162938118,-1.79332519,-0.281616449,0.0191822052,-0.764662504,2.66508579,1.00778651,0.110177025
general_aleatoire,0.873815775,-0.0709426403,1.45056176,-1.52603078,-1.28297758,1.84605312,1.20001388,0.857642889,0.210828066,2.92533112,1.96285594,-0.255141079
general_aleatoire,1.80986834,-0.413785458,-1.09309053,-1.47314,1.51736403,1.46118283,1.23515987,-1.37090731,0.708609581,3.47981143,1.56232345,0.778762579
general_aleatoire,-0.760848761,0.500116587,-0.839818001,-0.733801365,1.48565602,1.26564312,0.690811872,0.00606179237,1.18672538,2.17661738,1.73734176,0.106526665
general_aleatoire,-1.71643376,-0.998128414,-0.748547554,0.499496222,1.74118829,0.286983728,1.40272093,1.33132148,1.92762256,3.66313696,1.14875627,-0.764119685
general_aleatoire,1.62434816,0.511973381,-1.9513731,-1.00995994,0.696079493,-1.34873986,-1.7926569,-1.25234246,0.19543457,3.14249897,2.01266432,-0.962384284
general_aleatoire,-1.92081738,-0.849469185,-0.437271595,-0.772893667,-1.23428941,-0.588165998,-0.353378296,0.485169649,1.7399776,2.63114166,1.7968179,0.552669883
general_aleatoire,-0.66380024,-0.277839184,0.930796146,1.51193786,-0.381890535,0.422019005,-1.7265873,-1.01147389,1.13503933,2.68311715,1.39909673,-0.360570103
general_aleatoire,-0.576581001,-0.856966734,-1.6643219,-0.268932581,-0.666149855,0.741775513,0.710163593,-0.670175552,-1.71155572,2.65851355,1.09871066,-0.714946151
general_aleatoire,-1.77365756,-1.17839456,-0.504315853,-0.474236012,1.77779412,1.9281981,0.566937447,1.13944721,0.685916424,3.22827744,1.88186121,0.138821408
general_aleatoire,0.933946848,0.529128551,-1.53523636,-1.20403147,1.12398338,-0.326664686,1.14107513,1.00375915,0.404410601,2.03316617,1.69615173,1.33841765
general_aleatoire,-1.59450865,1.961447,-0.888588905,-0.698984385,-0.894723654,1.76508975,-0.271924496,1.65892434,1.92147493,2.98408508,2.76011896,1.25658011
general_aleatoire,-1.95407748,-1.72999001,-0.199533939,0.0748038292,1.90841675,-1.28254128,-1.58751464,1.88270617,0.191138744,3.25417566,2.50615382,-1.1723963
general_aleatoire,-1.54678607,1.9158299,-0.385596037,0.221981525,0.951539755,-1.24073887,0.818217516,0.328732729,-0.309085608,2.65620589,1.53139412,-0.422201127
general_aleatoire,-1.18223786,-0.613903522,0.0788168907,-0.409550667,-1.7038312,-0.942895174,0.421930552,-1.17866826,0.0671596527,2.3324275,1.21796107,0.623495638
general_aleatoire,-0.0678412914,0.960645437,-0.925865173,0.522801876,-0.850153446,0.198425055,0.627024174,0.759115219,1.87414932,2.20984817,1.47975373,-0.478408307
general_aleatoire,-1.42423248,0.414548635,0.381438494,-1.69208217,-1.31155777,-1.69766569,1.70208859,1.80569267,-1.72666359,3.39279294,2.42131567,-1.25553346
general_aleatoire,-0.81083703,-0.278501034,-1.63173223,0.783189774,0.396178246,-0.167911291,0.494595051,-1.63161922,0.594019175,2.06162024,1.612041,0.778984666
general_aleatoire,0.213515997,-0.930392027,0.566527605,-1.93955731,0.815169096,1.86006141,-0.506960869,-0.996428013,0.254639864,2.81938863,1.48733914,0.521510243
general_aleatoire,0.704105139,-0.197254181,0.826519251,0.688224077,0.440029621,0.3342278,-0.748370647,0.103024721,-0.915615082,1.7548672,0.568800151,-0.0522038937
general_aleatoire,-1.00190258,0.390672922,-1.99192595,1.46438241,-1.30367351,1.78693485,-1.5317359,-1.57637691,-0.203661203,3.45402217,2.17716789,0.603031158
general_aleatoire,-1.38068557,0.449032545,1.77894497,-1.14766002,0.946140766,1.75622821,1.53197527,-1.97327161,-1.18946958,4.10172415,1.15681398,-0.249876693
general_aleatoire,1.08920383,0.350343466,0.500818968,0.804558277,-0.505780935,0.72044754,-1.79804444,-0.367393255,0.509946108,2.27145314,1.10687482,-0.474777728
general_aleatoire,-1.93842053,-0.457545996,0.33170414,1.74506855,-0.987593889,0.167960167,-0.198983192,1.75860596,1.83032393,2.86253285,2.33869696,0.971824646
general_aleatoire,-1.11806536,-0.4038589,0.902903557,1.3592062,0.468996048,-1.24583769,0.95763278,0.689841986,-1.14132857,2.90566611,0.308495969,-0.0736582428
general_aleatoire,1.90802765,0.659977913,-1.59242773,-0.00783848763,-1.96672034,0.971299887,-0.265668869,-0.691821575,-1.62949824,3.01195955,1.88294137,1.41793287
general_aleatoire,1.56022787,0.993537188,-1.66279483,1.65819454,1.22875714,-0.263916254,1.44527841,-0.965153456,1.26900911,3.09941363,2.23131919,0.74900049
general_aleatoire,-0.262386799,0.0509054661,0.893791199,-0.246460199,-1.9637835,1.98504901,0.357815742,-1.08331227,0.453166723,3.05862284,0.914911628,0.206470326
general_aleatoire,0.187503815,0.550752878,0.682702065,-1.03191185,0.803470373,0.856210709,-1.18390155,-1.63443422,0.615976334,2.14975023,1.66859305,0.543018222
general_aleatoire,-1.20291877,1.27347803,1.50988007,-1.7999258,0.954892397,1.64608502,-1.94501781,-1.881984,-1.006495,3.50492573,2.87272501,-0.102876492
general_aleatoire,-0.576116085,-1.14237428,-1.93674731,-0.91677475,-1.69141936,-1.0097611,1.64467311,-1.74989486,-0.58055687,3.34969044,2.08969712,-0.791061342
general_aleatoire,-0.164237976,-0.300914049,0.930933714,-1.13862252,0.426926851,0.388382912,0.691486597,0.379212856,-1.67540336,2.2155757,1.06469309,-0.0177585017
general_aleatoire,-0.511198521,1.8059628,-0.667860746,1.35396719,1.53985715,1.22036123,-0.466863155,1.29193521,-0.0259962082,2.74114084,1.98196447,-0.328981906
general_aleatoire,1.73084188,-0.866780996,0.177015781,1.1470778,-1.19887209,-0.41020751,0.467134237,0.0544440746,0.971525908,2.5379703,1.16703224,-0.248179063
general_aleatoire,-0.98657155,0.951669455,1.95063829,0.0857958794,-0.834017038,-1.72616529,1.0829699,-0.515548468,-0.290017605,3.11373353,1.0799433,0.166401327
general_aleatoire,1.68306637,-1.17513061,0.337795496,1.19887495,0.153327703,-0.665572882,-0.924586058,1.46077323,-0.526204348,2.77794886,1.321473,0.184023902
general_aleatoire,1.66102862,1.58138418,1.43929529,0.66585207,-1.85996842,1.14954805,1.14949322,-0.18261838,-0.354642153,2.74520016,2.31296992,1.07245839
general_aleatoire,0.520988703,1.49489164,-1.00646567,0.55181694,0.821843147,1.33457232,-0.289594889,-0.00227308273,-0.229818106,1.88595915,1.67558181,-0.228878602
general_aleatoire,0.14010191,0.597289085,-1.42244959,1.74512243,1.13594937,-1.74397469,-0.322441578,1.29897285,0.00032043457,3.04630446,1.29304338,-0.785107195
general_aleatoire,-0.830467701,1.14039063,-0.224322319,0.395381451,-1.91234684,-1.19560528,-0.795815706,0.360930443,0.0105247498,2.59312654,1.08853137,0.371288866
general_aleatoire,-0.369468689,-1.77529573,-0.121897936,-0.0356171131,-1.88675499,1.70844245,-1.15988278,-1.57842731,-0.875847816,3.19779849,2.01020837,0.346335113
general_aleatoire,1.05776286,0.851840019,-0.361315966,-1.95403028,0.620694637,-0.364891052,-0.959053755,1.69610739,-1.36203098,2.91308904,1.85082817,-0.227429926
general_aleatoire,-1.5524776,-1.35814977,0.0656974316,-1.71803236,1.14608932,-1.25741339,1.77012515,0.656877518,0.987106323,3.23194146,2.01199841,-0.388513535
general_aleatoire,1.52676225,0.882261992,1.25650263,1.30595231,0.740537167,-0.215195179,-1.5582726,1.22337794,-0.843250275,2.83235955,1.68425429,0.874853849
general_aleatoire,-1.96814251,-0.760772705,1.69824409,-1.00017238,-0.226773977,0.0600225925,0.213520527,0.142215252,-0.980471134,2.94595838,0.85814935,0.0617702641
general_aleatoire,-0.572456121,0.970123291,-0.584843397,-1.69345689,1.31422234,1.49054313,1.15717125,1.3124671,-0.76881671,2.73667717,1.99237776,0.788229346
general_aleatoire,-1.13575959,1.65515375,1.23729753,1.81125998,1.1454308,-0.693029881,0.528866291,-0.582300425,-0.505919456,2.66708064,2.09636283,-0.00497998996
general_aleatoire,0.0225365162,-0.914005041,1.76448321,-1.07286572,1.50527763,-0.725564241,-1.58972836,1.61423373,-0.429077148,3.29738975,1.52487051,0.108366452
general_aleatoire,-1.68943691,0.213484526,1.315485,0.01252985,-0.604439735,-1.22454786,0.0863974094,1.43526697,1.17794251,2.70274282,1.57683349,-0.39884454
general_aleatoire,0.707762957,1.5375061,1.35163331,-0.620874405,1.43505692,-0.152626276,0.993423223,-0.341935873,-0.243157625,2.36400723,1.51259148,-0.668136835
general_aleatoire,-1.94699597,0.442186832,-0.816228628,-1.35853839,-0.163243294,0.694581509,-0.355625629,-1.28298712,0.88771677,2.41289353,1.8597728,-0.535749078
general_aleatoire,0.775798321,-0.460785627,-1.08160758,-0.042494297,-1.52979493,-0.281565666,-1.33886218,0.962504387,-1.99203157,2.62687373,1.78560519,1.00186026
general_aleatoire,1.45188951,0.874958277,0.127556086,0.929604053,1.15772867,0.0597333908,-0.812853336,-1.35454893,0.16547823,2.69036889,0.60902077,0.108617902
general_aleatoire,-1.66578269,-0.619080305,-1.92348433,-0.343196392,-1.33700752,0.929655313,1.56342196,1.52664971,-1.03385282,2.97094941,2.53214574,-0.482714951
general_aleatoire,-1.51401854,-0.582914829,0.538556814,-1.57861829,0.328575134,-1.11055493,-1.52634001,0.076898098,-1.1524229,2.90199947,1.40218258,0.1772089
general_aleatoire,0.431010723,-0.755990028,-1.01859093,-1.33227587,-1.76907158,-1.02508211,-0.43586874,-0.929596901,-1.06318665,2.94915676,1.09346247,0.20370841
general_aleatoire,-0.657304764,-1.12178445,0.997561693,1.83945107,0.287648678,0.465201855,1.94498658,0.227513552,-0.341056824,2.84858298,1.42255497,-0.425771296
general_aleatoire,-0.336899757,1.01546025,-0.284222841,1.48587346,0.163619995,0.715913773,0.785719156,-0.352541208,0.808584213,2.0451405,1.05339885,-0.275258332
general_aleatoire,1.01437831,-1.31322455,-1.18533158,0.000450849533,-0.689791441,-0.352167845,0.186740875,1.48210764,0.301637411,2.467623,0.990515649,0.1028791
general_aleatoire,0.525675535,-1.91143417,0.130016088,1.78045654,-1.53842163,0.786509037,0.422551394,-0.0171852112,-1.53118443,3.03220057,1.60151172,-0.930845201
general_aleatoire,1.7325089,-0.65117383,-0.243617773,-1.42863226,1.9217422,0.768294573,0.0491390228,-1.17499161,-1.54285693,3.3003695,1.56063461,-0.494704247
general_aleatoire,-0.43256259,1.05920386,1.58269906,0.715590715,-1.18273449,1.09194684,0.0312201977,1.80576801,-0.322913408,2.46806717,1.94480491,0.64004916
general_aleatoire,1.10595703,-1.92750406,0.445346355,1.17103243,1.42923546,-1.72381639,0.692985535,-0.102980137,-0.367523909,2.84909487,2.00739908,0.0351282209
general_aleatoire,0.242712975,1.54247904,0.51370573,-1.11239839,0.754526377,0.858565092,-0.986910582,1.5262537,-1.96008492,2.74973273,1.88867676,-1.12390566
general_aleatoire,0.925266027,0.893774509,0.789101601,0.142626286,1.01055312,1.34447074,-0.139779091,1.28555322,1.49668264,2.87331247,0.876759052,-0.120030381
general_aleatoire,1.37330461,-1.18625426,-0.0596215725,-1.49045444,-0.665486574,-0.857964993,1.16623259,0.126309395,-0.194823742,2.38639402,1.4642508,0.521777749
general_aleatoire,0.042247057,-1.2662313,1.28239489,1.41989589,-0.38172555,1.53023934,-0.0626223087,-0.134761095,-1.94652939,3.02803659,1.13801181,-1.04885495
general_aleatoire,-1.69720125,-0.361043215,-0.44869566,0.591096878,1.21415043,-1.93796682,1.60709596,-0.876472235,-1.18610907,2.82552934,1.95223963,1.32453966
general_aleatoire,-1.16817474,-1.73210573,-1.83205843,1.5094018,-0.0829596519,-0.442380428,-1.27310705,0.167043686,0.97232604,2.80273294,2.21282673,0.210586146
general_aleatoire,1.87226319,1.39171147,-1.73374128,0.182340622,0.593271971,1.92682934,-1.70357847,-0.198085785,-0.498124361,3.15197515,2.25757432,-0.839008927
general_aleatoire,0.0534727573,1.21525812,1.95687079,-0.266111135,-1.07380629,1.98872924,1.77018356,0.236237049,-1.82865,3.54722214,1.73324966,1.19764483
general_aleatoire,-0.715351582,-0.214452505,-1.11955476,-1.71998596,-0.597918034,0.916938782,-0.509866953,0.433635712,-1.72514534,2.30551934,1.99390852,0.317482799
general_aleatoire,0.826536894,-0.521703243,-0.502078533,-0.143046141,-0.522072315,0.890950918,-1.81872296,0.626917839,-0.600220442,2.18579245,1.16234839,0.475959092
general_aleatoire,0.835062504,1.71715355,-1.96654534,-0.483093977,-1.12933064,1.32547069,0.646737099,1.3693018,-0.0640425682,3.47713065,0.991626978,-0.0498249196
general_aleatoire,-0.507035494,-1.97874618,0.527954578,1.21797848,-1.61851382,1.09123826,-1.5852859,0.193676472,-1.80536938,3.29526997,2.1064992,-0.508893728
general_aleatoire,-1.73414683,0.324060202,1.06606007,-0.295716286,0.334854126,0.192129374,1.1278398,0.0842926502,1.00698781,2.17202115,1.41040194,-0.267387956
general_aleatoire,-0.599188089,1.21200824,0.709893465,0.0720322132,1.03400731,-1.43870211,-1.94148707,0.684629679,-1.171031,2.68206477,1.5452801,1.22645986
general_aleatoire,0.48189497,0.85294342,0.969012737,-0.453519344,-1.32047606,0.649935722,-1.22009921,-0.612149477,1.56163788,2.42963767,1.52573407,-0.584424794
general_aleatoire,-0.436979532,0.99991107,-1.36528468,1.63291383,-0.967076063,1.03486109,0.421646833,0.388621092,-0.267347574,2.66016436,1.00904989,-0.181623772
general_aleatoire,0.616530895,1.09721065,1.55651164,1.41033959,0.315226793,0.166585445,0.529565096,1.03306913,-1.37409329,2.2003274,1.91896021,0.913696587
general_aleatoire,-0.772382021,-0.104315281,-0.340115309,0.865588427,0.851110697,-0.916229248,-0.455152035,-1.1909833,0.354019642,1.97210979,0.788369179,0.525770128
general_aleatoire,-0.744692802,-1.25850892,-1.03399754,0.399085045,-1.14034963,1.4460547,-0.300596714,1.47455835,1.63135386,2.75722718,1.85595238,0.798396707
general_aleatoire,0.897377491,0.0282385349,0.983013391,-1.24831867,0.231709719,-1.6921134,0.338672161,0.784624577,-1.46539783,2.74635553,1.25649881,-0.0640672818
general_aleatoire,-0.468805075,-0.22456336,1.28732371,-0.196894884,0.638042927,1.83399129,1.18496561,-0.275652647,-0.912215948,2.62762141,0.921876609,-0.54296875
general_aleatoire,0.197370529,0.769435644,0.133005381,-0.943752289,0.547046661,1.75627375,0.992931128,0.545496941,-1.09983253,2.47107387,1.14406657,0.033455424
general_aleatoire,-0.701952934,0.11489749,-0.921952724,1.30367064,-1.23629379,-0.147541285,0.778563738,-0.88616991,-1.12513757,2.30208802,1.39060366,-0.172308281
general_aleatoire,0.618836164,0.38121295,1.29506946,-0.941459894,-1.74743891,0.647875547,1.10716176,1.25975871,1.28659153,2.80327177,1.78141272,-0.0383622833
general_aleatoire,1.11210084,-0.153908491,1.04340529,1.93322253,-1.24911046,1.14683318,-1.64646029,1.09465003,0.795795202,3.2942338,1.58702672,-0.365722209
general_aleatoire,0.991354227,-0.526611328,-1.39756775,-0.270615101,-1.13107657,-1.87540364,-0.144039631,-0.961694241,-0.943982601,2.95236063,1.06092024,-0.278791904
general_aleatoire,-1.86529446,-0.339036226,1.51674294,1.55385637,-1.02641344,1.29730749,0.22934866,0.520159483,-1.84408283,2.96053839,2.43829203,-0.243992493
general_aleatoire,1.43248153,0.667389393,1.1350894,-0.707890749,-0.284060478,1.59167671,-1.19573951,1.55247259,0.0568039417,2.10511541,1.98369491,-1.54198229
general_aleatoire,-0.698837757,0.944915295,1.60384345,-0.254321814,1.98463058,0.667087555,1.30166245,-1.62269044,1.37948537,3.01167321,2.23887873,-0.741399825
general_aleatoire,0.992018938,-1.00396514,1.25085425,0.306809425,0.827351332,-1.73097658,1.86905432,-1.62032843,1.3066082,3.60374355,1.46873033,-0.116289318
general_aleatoire,1.99557042,1.61237478,-0.69344306,1.73428416,0.992735624,1.20539188,1.22666001,0.697035313,1.43209291,3.63860965,1.81835306,-0.0686100125
general_aleatoire,-1.97712588,1.99051309,-0.136697054,-1.03401423,0.284649134,-1.83859682,-0.783879042,-0.355234146,-0.727582216,3.15103817,1.87198317,0.507123947
general_aleatoire,-1.47967744,1.84463763,-1.91029668,1.56684327,-0.558292866,1.39671588,1.13495278,-0.375952959,0.264722586,3.80371261,0.888229251,0.448582709
general_aleatoire,-1.94520593,-0.748888254,-1.67911124,0.617367983,-0.751214743,-1.07192731,-1.93702841,-1.94247437,-1.93140101,4.28030062,1.37502468,0.54999733
general_aleatoire,1.05741334,1.66641307,0.494972229,0.824633837,1.04921031,-0.76417613,-1.84424806,-1.46942186,1.34847832,3.47303462,1.32592058,0.252373755
general_aleatoire,0.0465426445,0.478104591,-1.97861552,0.253581285,1.75365496,0.498456001,-0.340739727,1.45773292,-0.390660286,2.39232254,2.00709581,-0.419285238
general_aleatoire,0.347745895,-0.437625647,0.323801517,-1.72268677,1.96271658,0.553288937,1.02692056,0.932014465,-0.230824947,2.71328139,1.40937603,-0.414229423
general_aleatoire,0.70450139,0.829587936,-1.44625807,-0.443078279,0.315360546,-1.08449817,0.277937889,0.387407303,1.47364306,2.37731218,1.12345624,0.483009547
general_aleatoire,1.71272826,-0.483489513,1.71655798,-0.514056444,-0.632379055,0.474108219,0.110709667,0.532290459,-1.15345645,2.63832521,1.27315223,0.216986448
general_aleatoire,-0.12285924,1.98252439,-0.227762699,1.92447162,-0.0234093666,0.598035574,1.44418097,1.21765614,-0.155332565,2.66551352,2.1066165,0.329904556
general_aleatoire,0.860400438,1.759727,0.372632742,0.0160150528,-1.78660822,1.79680276,-0.180942774,1.33132744,0.699145079,2.9612999,1.85254693,-0.699470401
general_aleatoire,-0.550274849,0.7101264,1.45456553,-0.507509708,-1.55974698,1.76676774,1.70018864,-1.33057189,0.526573896,2.76924038,2.22538829,1.0256629
general_aleatoire,0.00143766403,-1.78243709,0.763535738,0.577026844,0.788542986,1.89699054,0.594555616,-1.72079754,-0.898847342,2.78941894,2.0365479,-0.712449729
general_aleatoire,0.218750715,-1.37517381,0.99117732,0.543761253,1.24103427,0.397208452,-0.344690323,-1.28257608,-1.18333387,2.33120084,1.59530771,-0.315582484
general_aleatoire,0.820556402,-1.83063102,-0.179312229,0.3189044,0.671042204,-0.188355923,1.34946823,1.79497743,-1.32108641,2.8921361,1.74613047,-0.137860551
general_aleatoire,-1.75758052,-1.92342067,0.741581202,1.11641026,-1.90013528,0.438789606,-1.31426334,0.798558235,-0.185684204,2.9550662,2.45979762,-0.0666639954
general_aleatoire,1.35261989,-0.180510283,1.21124363,0.742802143,1.84368038,1.64085197,0.143740177,0.556128502,-0.0460176468,2.86925006,1.4074856,-0.3017115
general_aleatoire,1.81414032,-0.392451286,1.52646255,-1.38523602,0.337999105,0.290428877,1.33516765,-0.89195013,0.570310354,3.07195568,1.06456399,0.475368857
general_aleatoire,1.68523002,-1.68576884,0.332763195,0.962258816,0.37136054,-1.62036633,-0.580301523,0.376331091,-1.79204273,2.7400279,2.2729528,-0.705486596
general_aleatoire,0.810560703,-1.87302494,-1.73388958,-0.30665946,-1.07682157,-1.66173863,1.66268873,0.427387714,0.465257883,3.2721796,1.87467515,0.358686894
general_aleatoire,1.52389193,-1.0148561,1.53165913,0.762718916,0.636181593,0.387105465,-1.15507269,0.00630259514,1.45198727,2.45137095,1.85783184,0.903447568
general_aleatoire,1.90474772,1.54437351,0.733814955,-1.21338582,-0.498235703,0.94970417,1.20029354,-0.85392189,1.53833294,2.91021991,2.06629133,0.985664606
general_aleatoire,1.21056104,-1.49911785,1.98895144,-1.19778824,-1.87989616,-1.13509202,1.58946323,0.76484704,0.490521908,3.19293785,2.56255007,0.718582273
general_aleatoire,0.412158012,1.89353037,0.475966215,-0.139961958,1.76309299,1.38955164,1.10364604,-1.75042391,-1.4882524,3.73397708,1.21105695,0.35844788
general_aleatoire,-0.65888381,-0.609971762,-1.73193407,-0.258425474,1.90137243,-0.416153669,1.26789546,0.677234411,1.41018963,2.77082157,1.94992602,0.485953033
general_aleatoire,1.56757236,1.75186086,-0.775794268,-1.65958619,0.207508326,-0.457609653,1.1576376,-1.71586061,-0.335127831,2.64868832,2.41644859,-0.822609484
general_aleatoire,-1.15682769,-1.32752752,-1.08253694,-0.100196362,-0.123571157,-1.77910995,-0.925751448,1.76953363,-1.59608769,2.93294644,2.15151978,-0.876102507
general_aleatoire,-1.7007153,-1.33003569,-0.246173143,-1.41089797,0.119524956,1.89230704,1.94121528,1.03716993,-1.33591294,3.6800034,1.82589662,0.245262519
general_aleatoire,1.87104583,-1.542274,-0.241038084,-1.96517563,-0.886526108,-1.3777144,1.19317269,-1.17090821,-0.694984436,3.15993047,2.38917208,0.260478795
general_aleatoire,0.522323608,-0.802466631,-1.1211729,-1.06997609,-1.91791677,-1.48128414,1.30647326,-0.974147797,-0.537617207,2.97930503,1.75688708,-0.416195691
general_aleatoire,-0.578721046,-0.585213423,0.695976734,-0.790083885,-1.74974084,1.90149307,-1.15797234,-1.31953835,1.23609447,3.58039427,0.495069534,-0.094729647
general_aleatoire,1.59295225,-1.41231251,1.10721326,-0.629419565,-1.69408035,1.45863557,1.94691634,-1.38029885,-0.914536238,3.30288434,2.45102167,0.875941575
general_aleatoire,-1.66905284,-1.60566831,-0.0618481636,1.31725693,-0.790322065,0.826702118,0.253633261,0.46887517,1.2152195,2.49820256,1.67646813,1.05844963
general_aleatoire,-1.3760767,-1.45140624,-0.0860157013,0.322796106,1.12222409,0.0220348835,-0.785504341,-1.42368507,-0.753240824,2.83150315,0.613053262,0.435497671
general_aleatoire,0.495993853,-1.98743653,-0.905438423,-1.30302644,-0.0486629009,1.50162244,-1.67091084,-0.233014107,-0.161664009,2.63974142,1.94259429,1.04943573
general_aleatoire,1.93693781,-0.774146318,-0.417168379,1.28952479,0.860745668,-1.77208519,-0.87232399,-0.32557106,-0.544761658,2.8002243,1.63124919,-0.854741931
general_aleatoire,-0.166274309,-1.23709607,0.900024176,-0.611750603,0.297150135,0.188950062,0.66884923,1.96709132,1.10819697,2.49017715,1.3196615,-0.684656858
general_aleatoire,0.656806707,1.44881177,-1.20301628,-0.744498014,-1.82015443,0.152090788,-1.49457431,1.36043215,0.250220776,2.79293871,1.9116379,0.748559654
general_aleatoire,1.95780444,1.06064129,1.5580771,1.76167679,-0.514131069,-1.9367075,-1.21933413,0.0910403728,-0.042429924,2.92985797,2.70869064,0.282887846
general_aleatoire,-0.116530657,0.966565609,0.624219894,-0.0297238827,0.238315344,-0.0672767162,0.748156548,1.35292149,0.632330179,1.96513188,0.542640805,-0.182911545
general_aleatoire,-0.554384947,-1.53195333,1.43917847,1.19887161,-0.3727808,-1.50706983,-0.687067747,0.794122458,-0.184040546,2.57108474,1.72175395,-0.366914332
general_aleatoire,-0.335418701,1.04978776,0.0554027557,-1.49599195,1.61319184,-1.21432328,1.55953479,1.80577922,1.27142501,2.81089497,2.62442803,-0.230968341
general_aleatoire,-1.29803371,0.0405933857,0.270909071,0.944959164,0.317257643,0.0515880585,-0.0415022373,1.47842431,0.578980923,1.63938689,1.60757411,0.0835973844
general_aleatoire,-0.388896704,-1.08069324,1.88094115,0.210649014,1.72929096,-0.511307001,0.966410398,0.646668911,-0.882336617,2.94964433,1.07035363,-0.661756814
general_aleatoire,-1.43510604,-1.47338581,0.283509493,1.41881371,-1.25891876,-1.33879089,-0.885427952,1.41704297,-1.12516093,2.53198957,2.25270438,-1.50777161
general_aleatoire,-0.0369400978,-1.2686491,-0.373773098,1.30284357,1.61276293,-0.857169867,0.415403843,1.7084949,0.306455851,2.90829206,1.22624373,0.0853357166
general_aleatoire,1.87970591,0.235063553,0.285041809,-0.51532197,-1.42799568,1.1425724,-0.501807213,-0.988806248,1.19092894,2.59582543,1.76912308,-0.24444437
general_aleatoire,1.75557971,-0.530437231,1.57594061,-1.65193129,-0.650078773,0.227139473,0.917855024,1.38048339,0.292892694,2.85717511,1.76696241,-0.773598731
general_aleatoire,1.18370533,-0.649402857,-1.29950762,1.95408654,0.691058397,-1.89905071,-1.1179831,-0.989415884,-1.12717009,3.25115132,1.96431458,-0.696303844
general_aleatoire,0.0802960396,1.49628687,0.0878119469,-1.00132442,0.355732203,-0.947010756,1.00670457,-1.99738646,0.493911266,2.78171754,1.32438016,-0.184602529
general_aleatoire,1.48267603,0.401125669,1.17037916,-1.78594232,0.509315729,-0.49387908,1.00106287,-1.07177711,-1.39180589,2.6384654,2.11819005,-0.248301864
general_aleatoire,-0.938519716,-0.166705847,0.217349768,-0.595122576,-1.20197892,-1.6248939,-0.82420373,-0.055478096,-1.05166125,2.4125123,1.00944984,-0.586712241
general_aleatoire,1.68295836,1.79401159,-1.83976364,1.77866292,-0.834156513,0.439766169,-1.16983628,1.69808984,-1.04741359,3.36390257,2.7398324,-0.122437537
general_aleatoire,1.14325047,1.63373804,0.359791517,-0.127723932,-1.97425938,-0.13480258,1.090065,1.04230237,0.809953213,3.11873865,1.07253242,-0.302590132
general_aleatoire,-1.3820312,0.461014509,-0.0509386063,1.04169703,-0.280059338,0.0516884327,0.387642622,0.816333055,1.9982307,2.21318746,1.78912842,-0.042302411
general_aleatoire,1.74068832,1.07779551,-0.496780157,-0.408537388,0.832487106,1.31021214,-0.0972487926,-1.31716657,0.697598457,2.36625886,1.61972213,1.01161778
general_aleatoire,-1.87814546,1.05157328,-1.18220663,-1.8181901,-0.638353825,0.586401701,0.0423228741,-1.09303546,0.460516453,2.74071574,1.95648301,-0.396573931
general_aleatoire,0.680130005,1.64242268,-0.12667942,0.0394158363,1.09421086,0.00510239601,-1.50639677,-1.79902816,0.505289316,3.09679365,0.736451089,0.0601245351
general_aleatoire,-1.86035395,-0.88611722,0.204639673,1.41192794,-0.247285604,1.71353388,1.3567214,1.98559308,-1.35728168,3.29388762,2.43943191,0.322258472
general_aleatoire,1.18402958,-1.90011358,1.01493621,-0.203845024,-1.13799715,-1.05008578,-0.655971766,-1.80154252,-0.137269974,2.88766241,1.82995605,-0.699347556
general_aleatoire,0.898392916,1.09352398,-1.55362821,1.65986323,0.433277845,-1.24344373,-0.875801086,1.68946981,-1.30601597,3.17855144,2.03212142,-0.00108988513
general_aleatoire,0.782498598,-0.480993986,0.443082809,1.20578289,-1.20063496,-0.431625843,-1.77789998,1.00307846,0.273859501,2.80746603,0.62189734,-0.308531851
general_aleatoire,-1.49805498,0.606062651,1.09108567,-1.15687442,-1.05226684,0.225824594,0.709572315,1.42597342,0.263126135,2.31801939,1.87869883,0.0444360226
general_aleatoire,1.34026361,1.71657872,1.70942068,-0.450710058,-0.536456823,-1.7353394,-0.7278018,-1.92337823,0.997703791,3.34830379,2.26825523,-0.18912746
general_aleatoire,1.30743408,-0.275550604,0.0989425182,-1.64980555,1.10097599,-0.868795633,-1.06229782,-0.325670958,-0.619665146,2.67773199,0.841859043,-0.472717196
general_aleatoire,-0.829934359,-1.87958455,-0.671177864,1.8459692,-0.824896574,0.671471596,-1.83400345,1.73282027,0.548378706,3.2433188,2.2327466,0.611326754
general_aleatoire,-0.938014507,0.389169455,0.445854425,0.613533974,0.713999748,-1.23076057,-0.729801416,-0.817381859,1.39243674,2.42942071,0.9318555,0.016287012
general_aleatoire,0.47846365,1.78864574,0.398510218,1.53942037,0.0253210068,0.956267834,-0.598347187,-0.890141487,1.65172386,2.24535728,2.04283142,-1.23922157
general_aleatoire,-0.873535872,-0.640919209,1.85344124,-0.177523375,-1.95886207,0.712455273,0.864199877,0.172085524,0.82498455,2.69773221,1.41705596,1.07544494
general_aleatoire,-0.612456322,0.490757942,-0.257421017,1.96043515,1.1779232,-0.752482414,-0.887483597,-0.640112638,-1.43097925,2.54905796,1.63700306,0.73949182
general_aleatoire,-1.68424249,-0.747347355,-0.228807688,1.39813685,-0.955806017,-1.6440413,-0.6264534,1.96678424,1.33828712,3.28486991,2.01307058,-0.477126867
general_aleatoire,0.164011478,1.74193788,1.93938279,-1.25706792,1.7559855,-0.509964466,-0.18874526,1.71452212,-1.20603585,3.11222506,2.40893245,-0.828887582
general_aleatoire,-1.75276637,-1.34046102,-1.63055801,-1.04004264,-1.34883618,0.840530396,0.380851269,-0.908200026,-1.3981111,3.08275008,1.9221375,-0.928392351
general_aleatoire,-0.63429904,1.87230539,-0.204885006,-0.213141918,1.6529305,0.00607180595,-1.2424264,-1.01336575,-1.97989392,2.83657622,2.27075005,0.124616921
general_aleatoire,-0.116159201,-1.75961447,0.647654295,1.61906528,1.00470853,0.590065718,1.01547217,-0.907837629,0.311564445,2.32685089,1.96936715,-0.409835398
general_aleatoire,-1.2912302,1.61743903,-0.822933197,1.26963139,-1.54081249,1.02819228,1.76613164,-1.77757812,1.13682461,4.18508339,0.194014579,0.150534928
general_aleatoire,-1.97248816,-0.150435448,-1.1502111,1.45985031,0.654094219,-1.00216722,-0.355210066,0.868482113,-0.390375137,2.54575515,1.68410814,-0.71791786
general_aleatoire,1.42452979,1.53834748,-0.572925329,1.58225131,1.02985764,1.63670087,-0.819710732,-0.744487762,-0.804571629,3.19798517,1.61180031,0.124387018
general_aleatoire,0.764223099,-1.57177138,-0.913467407,-0.239768028,-1.23756075,0.918847561,-1.26147032,1.76088309,-0.631569624,2.94951153,1.46854877,0.74625349
general_aleatoire,0.415187836,-0.280169725,1.45254207,1.32379651,1.2899785,-1.52043581,-1.30662799,0.939703226,-0.0567305088,2.58349586,1.77590895,0.924226224
general_aleatoire,0.125819445,-1.53230596,-0.848218679,0.728612423,-0.0287218094,1.79959846,-0.800231934,-1.45164227,0.38432765,2.3226552,1.8903209,0.883644044
general_aleatoire,0.935532331,-0.264624357,0.528952599,-1.3423779,0.334419966,-1.5336678,-0.439519167,0.186782598,-0.579473495,2.43618608,0.338639647,0.0718664452
general_aleatoire,1.60965204,-1.81900334,-0.62416935,-1.12836528,0.932000399,-1.93929267,0.634645224,0.325668335,1.72621965,3.07247353,2.46867776,0.382404953
general_aleatoire,-1.5765872,1.28392386,1.49207735,0.266420841,0.0925719738,0.628121853,0.79875946,1.59354568,-0.356571674,2.5399034,1.8126874,0.634091139
general_aleatoire,-0.401925087,0.242319107,-0.692821264,1.77063656,-1.95675588,-1.66906404,1.30620408,-0.984249115,1.20392275,3.24933958,2.00405192,-0
general_aleatoire,1.11995316,-1.58218193,-1.60505128,0.307429314,-1.69735575,-0.144073248,-0.553834438,-1.52516365,-1.63132834,3.4896667,1.20279086,0.999839485
general_aleatoire,1.92227268,0.340313673,-1.14121652,-1.09489918,-1.73106337,1.58279181,0.379389286,1.1340003,0.955466509,3.24547458,1.58985925,-1.04689419
general_aleatoire,0.798820734,-1.87022638,0.46777606,0.634870529,1.45386291,0.129167318,-1.10775185,-1.58694005,1.49243522,3.12917352,1.50590551,0.895274282
general_aleatoire,-1.30990458,1.157969,0.271897078,0.992643118,-0.814569712,0.245022535,1.75326276,-1.01502347,1.27496076,3.07990694,1.03936362,0.0565205812
general_aleatoire,-0.305808544,1.93426871,1.17428255,-0.961316824,-1.87288618,1.87889433,1.12820292,-0.275064707,-1.0397172,2.99456167,2.51522207,0.558303833
general_aleatoire,-0.609925032,-1.42276335,-1.7986021,-1.53719473,-1.788939,-1.89100003,0.768044949,0.094345808,-0.168284178,3.81584501,0.914571285,-0.0196071174
general_aleatoire,-1.12696052,-1.09391356,1.95772696,0.455881119,0.297746897,-0.988567591,-1.44845915,0.310526848,0.755049944,3.00504255,1.12627387,-0.197276145
general_aleatoire,-0.563165188,1.59097409,1.29420877,0.980717897,1.28278446,-1.69424057,-0.0905985832,1.58353662,-0.596723795,2.7325995,2.29711938,0.359364241
general_aleatoire,1.17571735,-0.549760818,-1.36678457,1.22285795,-1.79285645,-0.687282085,0.229242086,-1.16376257,-1.37585688,3.23245335,0.980343938,0.790423155
general_aleatoire,-1.66124678,1.33836365,-0.133227587,-0.566661596,-0.0714716911,1.6515696,1.36363482,0.262752533,-1.11504531,2.64363837,1.86887443,0.559421718
general_aleatoire,-1.26931047,-0.476035118,-1.44160461,1.23362279,0.305889606,1.29449439,1.04753423,-0.461555719,1.12602258,3.05182505,0.685069978,0.0492176451
general_aleatoire,-0.163504124,-0.89697051,-0.786856651,-1.1830132,1.73021936,-1.93297482,-1.52542496,0.716796398,1.73499751,2.86334944,2.52954912,-0.912989378
general_aleatoire,-1.69372702,0.735465765,-0.316955328,0.126288414,0.406728506,-1.86936378,1.74843574,-0.097615242,-0.752791643,2.55870676,2.05259228,-0.243138775
general_aleatoire,-0.369007587,-1.00091147,-1.35512495,0.616640568,0.625638247,0.476955891,1.8846035,-0.671561003,0.248755217,2.17002821,1.79677725,0.317305088
general_aleatoire,1.71240711,0.859013081,1.37944913,-1.7261982,-1.10406995,-0.329332113,-1.04342985,-1.53456616,0.0492012501,3.44172478,1.1594578,0.369540274
general_aleatoire,0.451183319,1.09428835,1.75392842,-1.82383871,0.647110701,0.773340464,-1.69278789,0.59294343,-0.581335306,2.64812994,2.26307344,-0.491389066
general_aleatoire,-1.07407975,0.202653408,0.725411892,-0.387169123,1.76073265,1.33457589,-1.81285667,1.25868392,-0.721391916,2.84430456,1.8042922,0.893147528
general_aleatoire,0.447324038,-0.247293234,-0.506168365,1.59704137,-0.978654623,1.84904575,-1.5765028,-0.223539114,-0.580409288,2.97304678,1.05566502,0.602913678
general_aleatoire,1.00011349,-0.347310066,0.126643896,0.703291655,0.15113163,0.63263917,-0.887602091,-1.71956754,-1.13217521,2.38119864,1.16062164,0.252987295
general_aleatoire,-0.418962955,-0.84797883,-1.27288461,0.225311995,-1.37274933,-1.88337946,1.30920839,1.62899566,-1.83233929,3.04021716,2.50715446,-0.439926833
general_aleatoire,-1.37486529,-0.323268652,-1.11964536,-1.32718539,0.07310462,1.51732063,0.84045887,0.22816205,-1.61708379,2.70465708,1.81731248,0.270157874
general_aleatoire,-1.07447767,-0.729221344,0.0097091198,1.8746984,0.925945282,-0.950628281,1.83247185,-0.747799635,-1.11821604,3.17220545,1.39185596,0.359636247
general_aleatoire,1.34599376,1.54472709,-1.79914236,1.73721623,-0.141547441,1.66568208,-0.481533051,0.541657209,-0.733653069,2.92311692,2.38552213,-0.274647117
general_aleatoire,0.519282579,-0.857201815,-0.387157679,-1.6345036,1.00959134,-0.740696907,0.125175953,-1.8277905,0.709752083,2.69573522,1.21150553,-0.720659673
general_aleatoire,1.12385535,-0.286168575,-0.407088995,0.925985813,-0.224384785,1.29788589,1.57437825,-1.41425514,0.632219791,2.68756413,1.18913794,0.586861551
general_aleatoire,1.33171868,-1.96776366,0.16118598,1.77269912,1.37866354,-1.05142236,-0.274793386,-1.56954336,-0.483838081,2.90690327,2.3296721,-0.846068382
general_aleatoire,1.07251263,1.6602428,0.00190925598,-0.995322943,-0.26491785,1.37684917,-1.0019877,-0.0639178753,0.189885855,2.37615299,1.38357103,-0.589071095
general_aleatoire,0.0563817024,-0.902461767,-0.76612711,1.60633183,0.292168617,-1.13918209,-0.699155331,1.53742051,-1.84292245,2.63600683,1.86363709,-1.09322226
general_aleatoire,0.237621546,-0.912005663,1.31395245,-1.97448397,0.851383924,1.91341901,0.786780357,1.86298871,-0.70261693,3.05533552,2.27824569,-0.978389323
general_aleatoire,-0.419378996,-1.06441236,0.913483381,-1.15645528,-0.616775751,1.42876649,0.684372425,1.28170705,1.22171998,2.35482478,1.91603196,-0.538367271
general_aleatoire,-0.237705946,1.78702497,-1.47038174,-0.399151087,-0.470991135,1.13319182,0.4773736,-0.936286211,-0.18238759,2.63199234,1.12976074,-0.106314152
general_aleatoire,1.96132898,1.12075686,-1.89692163,1.99049115,0.414115191,-1.23547173,0.638023853,-0.161396742,0.752182007,3.75010562,1.09887528,-0.298725098
general_aleatoire,-0.276064396,-1.51844978,-0.782030106,1.75411892,-1.207618,-1.27526689,-1.73723173,0.491013527,1.54847717,3.51044488,1.52969301,0.385639846
general_aleatoire,-1.10929585,-0.320605278,-0.771134377,-0.0124180317,0.185833931,1.667768,-0.331226349,1.10516191,-1.35909772,2.40758634,1.15775013,0.886281788
general_aleatoire,-1.47799516,-1.31625462,0.261679649,-0.32742095,-0.230991125,1.02913189,1.1888442,1.59185839,0.896929979,2.8385241,1.36760283,0.171569958
general_aleatoire,-1.66348958,0.761622667,-0.42758441,-0.637820721,-1.59901786,1.21985483,-1.93363023,-1.79043484,0.646874666,3.33242583,2.02375293,-0.379744679
general_aleatoire,-1.3615005,0.409797668,-0.657506943,-1.34792376,-1.69277024,-1.06474876,-1.06002307,-1.90516901,1.32060385,3.09734797,2.02594995,1.03405321
general_aleatoire,1.33978868,1.79300594,1.89876223,-0.7815907,-1.45816207,-0.94193697,-1.0740993,-0.880429506,1.47363806,3.48657823,2.02994514,-0.251231134
general_aleatoire,-0.889123678,1.70585513,-1.85627937,-0.321490526,1.70766521,-1.79751015,-1.14520764,-1.84243274,-0.319983721,3.74156642,2.0332799,0.267727196
general_aleatoire,0.295799255,-1.96125269,-0.42841959,1.43182015,-1.88539052,0.924629211,0.333009481,1.78702402,-1.95478988,3.68577003,1.71498692,-1.08479095
general_aleatoire,1.12646174,1.14948773,-0.74517417,-0.774268866,-1.00850677,-1.83896804,0.790865183,0.353408813,-0.543549061,2.29938173,1.95752621,-0.265801162
general_aleatoire,-0.409262419,0.264859915,1.89520144,-1.97497034,0.176794529,-1.75245738,-0.899043322,0.141471624,0.837755442,2.90149856,1.98424101,0.0807930008
general_aleatoire,0.264286518,-0.914032221,1.00581169,1.61697316,-1.47213888,-0.501112223,0.0527322292,0.199474096,-1.22220945,2.34232926,1.71818388,-0.218110383
general_aleatoire,-1.7977078,-1.62721562,-0.29551506,-0.358016968,1.32945395,-1.34665346,1.22259521,-1.11287212,-1.10272598,2.5365901,2.03555536,1.74569905
general_aleatoire,-0.729781866,-1.09568381,-0.962446451,1.26922107,-1.64963484,1.72159362,-1.64033508,-1.6185565,-1.22700238,3.21504021,2.51848793,0.303648978
general_aleatoire,-0.199765444,-1.79776335,-0.650182962,0.505827904,1.48275375,-0.850693226,-1.66590047,-0.881016254,-1.15549636,2.84998584,1.66321218,-0.93305409
general_aleatoire,-0.672006845,1.00987315,0.651185036,-1.79482484,1.48253536,-0.0298585892,1.03634763,-0.231571913,0.910116911,2.76929832,1.26593983,-0.00385965034
general_aleatoire,-0.662395477,-0.0624353886,-0.421710968,0.775222063,0.119762182,0.211049318,-1.35453057,-1.13499808,0.287983418,1.98487473,0.73174876,0.105281405
general_aleatoire,-1.16564655,1.22172928,-0.814432144,1.04064369,1.64321065,-1.38440061,0.189659357,-1.40300226,0.9356215,3.09712243,1.5795784,0.0826939642
general_aleatoire,-0.927302599,-0.613765001,-0.555701256,-0.369137049,-0.366177797,-1.49773788,0.718788862,-1.31482029,-1.77327847,2.76375461,1.22739649,0.551410258
general_aleatoire,1.30942607,-1.86130929,0.339354515,-0.432357788,-0.649870157,0.788654566,1.2114048,-1.22625875,-1.01392055,2.87219143,1.45834553,0.385307401
general_aleatoire,0.566017866,1.9041307,-0.960687637,-0.620729685,1.54434443,-0.650756359,1.58275962,-0.752352476,-0.810851336,2.74486351,2.03169441,-0.359699637
general_aleatoire,-1.511554,-1.0800252,-1.55545163,-0.35478425,0.592420101,-1.03787374,1.50047207,0.689535141,1.16208196,3.21525645,1.04699016,0.260655969
general_aleatoire,1.30425858,-1.43556976,0.692368507,0.182328463,1.29740167,-1.57763386,-0.412031412,-1.81882143,-1.37473226,2.72487259,2.23138142,-1.18765569
general_aleatoire,0.625543356,0.951803684,0.140609264,-0.558102131,-1.67190528,0.685083151,-1.86024308,-0.91742444,1.95902562,3.31805348,1.33332872,-0.495781064
general_aleatoire,-1.67508149,-1.87991476,1.97032714,-0.221887112,-1.37519407,0.0184760094,1.95368385,-1.5308795,1.90911961,3.78171563,2.59625101,0.962402642
general_aleatoire,-1.32375312,1.17527223,-0.592780113,0.637691736,1.04670334,0.311228037,0.0283296108,1.46440601,0.55160737,2.21097469,1.59627163,-0.311676383
general_aleatoire,-0.842242002,1.94069815,-0.129275322,1.07202172,0.477559805,-0.262554169,-0.355238199,-0.214232445,-0.290054321,2.12020993,1.25299072,0.359954149
general_aleatoire,0.47508812,-0.67886138,0.661460638,0.256927252,0.00284361839,1.40229797,0.579444885,-1.19388652,-1.9058702,2.61213827,1.31122804,-0.0861888751
general_aleatoire,1.73773193,-0.281508684,0.756350517,-0.88424778,1.29309273,-1.48330235,0.224762678,-1.60181403,1.11806679,3.16523933,1.45966554,-0.205500782
general_aleatoire,0.412768602,-1.93519855,0.0944020748,1.27352166,-0.985663652,-1.83944464,-0.11619997,1.55965328,-0.0310709476,2.99145746,1.83672357,0.160764381
general_aleatoire,1.96785092,-1.21996427,-0.82373023,0.608372211,-1.15872598,1.12367725,1.06145334,1.16585398,-0.987894773,2.63525367,2.24723339,-0.694196522
general_aleatoire,0.409879208,1.46224952,0.046554327,-1.58862972,-1.75597143,-1.49617934,-0.848675013,1.91660619,-1.62691426,3.09509468,2.75940633,0.0248942748
general_aleatoire,0.695355415,1.85529256,1.38754869,-1.4596796,-0.702682495,-1.39289856,0.705934763,1.55830646,0.376967192,3.46144128,1.11792958,-0.502931952
general_aleatoire,1.77571297,0.412600279,1.06331611,0.730129719,-1.97838044,0.301436663,-1.99461508,-0.283750534,-0.487596989,2.98976254,2.03982019,-0.434955627
general_aleatoire,-0.896309376,-1.42641854,1.07432532,-1.9264555,-1.09491038,-0.143733263,0.769417048,1.77224755,-1.06666875,3.43522525,1.39776158,-0.197661534
general_aleatoire,-0.704721928,0.501320601,0.644562483,0.98831296,0.608941317,-1.12514448,-0.995679617,-1.76022696,0.601700783,2.55800581,1.28201544,0.204453811
general_aleatoire,-1.47610521,-1.15066433,0.423987865,-1.51197052,1.39778543,0.805532932,-1.82001281,-1.54623675,0.936604977,3.2678442,2.10139179,-0.239360988
general_aleatoire,1.9876368,-0.634725571,-1.26619053,-0.0858867168,0.376567364,1.71543813,-0.354501724,-0.672114134,-1.49445438,2.97598577,1.71102512,0.274639696
general_aleatoire,-0.138652325,-1.88862443,-1.94527054,0.490929127,-1.6736052,1.22703004,-0.965633869,1.3680625,-1.88859105,3.27049375,2.74532223,0.235944554
general_aleatoire,-0.0691461563,0.525501251,1.1098218,-0.294406652,0.691388369,0.1925807,0.897017956,-1.30141139,-0.0296041965,1.875808,1.04173779,-0.0986602083
general_aleatoire,-0.81627202,0.533646822,0.655297756,1.2221036,1.86121082,-0.408463478,-1.79833293,1.22391558,1.56153727,2.94248796,2.23961139,-0.0354132392
general_aleatoire,0.368067265,0.307524681,-1.33639598,0.255678177,-1.90126348,0.00111413002,-0.54898572,-1.72242379,0.186785221,2.6177597,1.37288725,0.511572957
general_aleatoire,-1.64049268,1.3592813,0.4036479,-1.49005747,-0.636165857,1.20082521,1.66907215,1.45203614,-0.373637915,3.06000042,2.00368881,0.651305139
general_aleatoire,-1.39725018,-1.4268744,1.40637708,0.858875275,1.96581411,-0.826586485,0.907355309,0.101881027,1.13907862,3.28723645,1.4643147,-0.657680809
general_aleatoire,0.791331053,1.97766089,1.60105634,0.421924829,1.16876459,-0.768454552,0.705444098,1.35012317,0.718532562,3.20676494,1.33015561,-0.139283001
general_aleatoire,0.457942963,1.78369856,0.324781656,-0.816703796,-0.985457897,-1.99555182,1.02533698,-0.912181854,-1.67333102,3.18524957,1.5266242,-1.15072453
general_aleatoire,-1.12843466,1.69714808,0.647338152,-0.696706295,0.534846306,-1.48890162,0.373845339,-0.230534077,-1.93502641,2.60565233,2.14855599,-0.304183543
general_aleatoire,-1.83012056,0.915112019,0.738504648,-0.705878496,1.61082196,0.660223722,1.34905195,0.226313591,-1.49052215,3.12344241,1.49666834,0.598310292
general_aleatoire,-0.629076481,-1.49491549,-1.46169496,1.25373793,-1.62232447,1.69701695,1.32607317,-0.157320738,1.67358994,3.42327142,2.16160655,-0.20860526
general_aleatoire,-0.00411558151,0.599152088,-0.726951838,-1.58626366,1.57706046,-0.391891241,0.57961154,0.915756702,-0.846993923,2.41374683,1.43492591,0.226189673
general_aleatoire,1.11928344,-0.804868698,-1.5271256,1.56480026,-1.99987721,-1.94546413,0.848548174,-0.709093809,-0.573615313,3.96227813,0.485790163,-0.286187023
general_aleatoire,0.217426538,-0.982074738,-1.40713024,-1.94841027,-1.63160515,0.161197424,1.2611053,1.40460277,1.57761741,3.43701053,1.87531674,-0.44553417
general_aleatoire,1.83052635,1.29442549,0.262979746,1.59515142,0.0578451157,0.212447882,-1.65977454,1.24903226,0.195491076,2.95159006,1.81903601,-0.144516364
general_aleatoire,-0.463829517,-0.480083704,0.665071249,0.428540945,1.95534205,-0.445094824,-1.09708929,-1.03880358,-0.440401077,2.5041275,0.983194828,0.576542854
general_aleatoire,-1.62013912,-0.0798106194,-0.740326405,-1.4479382,-1.61342072,-1.67584562,-1.29241228,1.31889129,1.9493444,3.40774107,2.45929885,0.486117601
general_aleatoire,1.90717745,-0.223585844,-0.381099939,0.127486944,-1.64940071,1.49447393,-1.73675299,1.98227549,1.56527281,3.45431757,2.2120862,-1.1717304
general_aleatoire,0.330857754,-0.144743204,1.2498951,-0.719890833,-0.692235947,-0.0941550732,-0.777024269,-0.726783752,-0.38918519,1.63846779,1.13845086,0.0418759584
general_aleatoire,-0.0438570976,0.690028906,1.43822551,0.72876668,0.369205475,-0.739042282,0.778614998,-1.46716046,-0.541317463,2.20292687,1.15080845,-0.796700478
general_aleatoire,0.529584885,0.954023361,-1.48669672,0.666468143,0.313969851,-1.52175212,0.773688316,0.290571213,0.802445889,2.48695564,1.10070872,-0.435673535
general_aleatoire,-0.973026037,1.01388836,1.2163825,1.49143767,-0.29624939,-0.000164270401,1.97873664,0.920996666,-1.62999845,3.20750999,1.39171898,0.980822146
general_aleatoire,0.476690769,1.1213913,-1.25344038,0.694806814,-1.89724159,1.06999516,-0.861834526,-0.76988101,-0.227865219,2.7654407,1.22113049,0.729117572
general_aleatoire,-0.0317821503,0.468423605,1.18603396,1.39983726,-1.06983471,-1.21501732,-1.0958674,-1.49780107,0.204203606,2.36209965,1.88622403,-0.745748818
general_aleatoire,1.85391974,0.0942542553,-1.56782198,-0.870950222,-0.0860357285,-0.807697535,0.342254877,-0.888619423,0.165497541,2.43975639,1.24876881,-0.86292392
general_aleatoire,1.08604813,-1.65587139,0.607603312,-1.77189255,1.32966852,-1.57806635,1.90189195,0.342350721,-0.10334301,3.50241637,1.65379977,0.656969786
general_aleatoire,0.17737937,-1.73322463,-1.06503701,-1.80763078,0.551096439,-0.817339897,1.28026986,1.73017836,-1.83368421,2.85917926,2.12137532,1.9310571
general_aleatoire,0.0928521156,-0.00748038292,-0.912853956,0.757241488,-0.403332949,-0.990752459,0.394380331,-0.768916607,0.611798525,1.55411446,1.11152446,0.173118293
general_aleatoire,0.454551458,-1.38432217,1.59174109,1.90812659,1.23969746,0.179088831,0.332520723,-1.45724678,0.920886755,2.8288269,2.19839597,-0.33680746
general_aleatoire,1.57454085,-0.540710211,-1.70144629,0.563862085,1.63094163,-0.135273695,1.98626256,-1.24025559,0.801727057,2.89949584,2.01978803,1.51733112
general_aleatoire,0.806952953,1.08178878,0.22585845,-0.650788784,-0.565513849,1.76630735,1.64535666,0.118855715,-1.91626358,3.16542292,1.29533207,0.656680584
general_aleatoire,0.929553747,-0.736907482,1.69643068,-1.77247453,1.90071988,1.06610918,1.33281732,0.808429718,-0.787930012,2.93900108,2.13543844,-1.42440867
general_aleatoire,-0.674591303,1.86618996,0.702651501,0.512478113,-0.416251183,1.7225697,1.02501512,0.70442009,-0.183265448,2.12591004,1.84481013,1.22157061
general_aleatoire,-0.771044254,-0.3508811,-0.519901991,1.7389195,0.201886892,-0.996483803,1.16005921,-1.51821065,-0.728070021,2.57364607,1.43251526,0.741981745
general_aleatoire,0.338172436,0.318924427,1.87728715,-0.617500067,-0.488643169,1.2630775,-1.75185299,-0.133087635,-0.642779112,2.44036961,1.80800855,-0.480927587
general_aleatoire,-1.6931088,0.0237264633,-1.33578992,-1.35230803,-1.75558138,0.632408857,-0.00278830528,1.99099755,-1.574651,3.23912954,2.42850089,0.127615422
general_aleatoire,-0.193042278,-1.54344034,-0.58108592,1.76419282,-0.397183418,1.49062014,-1.53941536,-0.191653728,1.53309417,2.38871789,2.17431951,1.6038965
general_aleatoire,1.94322109,-0.340697527,-1.99925399,-0.450902462,0.455917597,0.638761044,0.465712547,-0.23186636,-0.170228004,2.96708202,0.379016519,0.246553198
general_aleatoire,0.592933655,-0.412208319,-1.754215,-0.178467512,1.2548933,-0.340158463,1.76201558,0.921969891,0.595061541,2.14462447,1.86004484,1.25328243
general_aleatoire,-1.45857835,1.81826353,-1.20944333,-1.3942709,-1.27792716,-0.0903353691,-0.950117826,0.407226801,0.101033449,2.74242401,1.94493783,0.506585002
general_aleatoire,0.326946497,-1.55516505,-0.394153118,1.47267699,-0.647662401,-0.810554028,-1.49270391,-1.34984827,-0.433030367,2.33055401,2.13901615,-0.3961429
general_aleatoire,0.702485085,-1.34935689,-1.84765482,0.937462568,0.479874134,-1.16467643,0.792793512,-1.76573896,-1.14033389,3.33498049,1.40768886,0.369726568
general_aleatoire,0.20946455,-1.83214378,0.380918741,-0.545418739,1.48765206,-1.60562325,0.307926416,-1.53408861,-0.618076801,3.02015519,1.51637876,0.209436268
general_aleatoire,-0.982955217,1.21204734,-0.818128347,0.161115408,0.119881153,-1.68287897,0.713567495,0.263402224,0.371083736,2.13001633,1.27693427,-0.725076854
general_aleatoire,1.63207412,-1.40655875,-0.414749622,-1.311656,-0.814697027,1.51507688,-1.42612219,0.233409166,-1.39421797,2.65029359,2.20296526,1.2840395
general_aleatoire,1.47975111,-0.268914223,-0.513813972,0.382719278,0.457599878,-1.67753839,0.0946536064,1.75827432,-0.723506212,2.39447618,1.67942047,0.875196576
general_aleatoire,1.02053428,-0.120338678,0.346495628,0.009963274,1.31375456,-1.1969161,-1.6792531,-0.739958525,-0.0926446915,2.11936355,1.7891444,-0.134022444
general_aleatoire,1.16563892,0.520372391,1.66315293,1.31461143,-0.560823679,1.13387823,-0.772110939,-0.891723156,-1.21921158,3.05239153,1.12973893,-0.0915687755
general_aleatoire,1.76352048,0.713964462,-1.50261664,-0.707601309,1.5005343,1.95099807,1.88376093,-0.697260857,-1.29138613,3.82006741,1.76273978,0.662225604
general_aleatoire,-0.423455954,0.888264179,0.413336754,-1.83885813,1.20673704,-0.378308773,-0.121925354,0.0651330948,-0.309376001,2.37658024,0.746288359,-0.17218706
general_aleatoire,0.322580814,1.9825511,1.7437489,-1.95802546,0.689002514,1.58026099,-0.0748882294,-1.4034369,1.23869991,3.23242307,2.17659688,1.48476529
general_aleatoire,1.14370108,1.80213118,0.471726179,-1.91173553,-0.632611036,1.93008494,1.49549961,-1.65547156,-1.94837117,3.72438741,2.67520475,0.551258743
general_aleatoire,1.2575469,-1.0932374,-0.878661156,0.267570972,-1.47128153,-0.593831062,-0.240577459,0.441509962,0.575826168,2.467242,0.745576322,-0.280631334
general_aleatoire,-1.90355945,-0.476192713,-1.53416443,-1.78173852,-1.49161506,0.397844553,-1.24286556,1.60961294,-0.162674427,3.10836864,2.1739049,1.2393384
general_aleatoire,-0.467138767,1.00851464,-1.13466907,1.62215519,-0.22969079,1.34149003,-1.80654931,-1.2124486,1.28195024,2.66708112,2.47616315,-0.372661561
general_aleatoire,-0.235397816,1.30536318,-1.20235372,0.352001667,-0.942112923,-0.587588549,0.0141878128,1.1991334,-1.7275641,2.74593544,1.19853008,-0.0880102739
general_aleatoire,0.218748093,-1.12730289,1.30372906,1.74151254,0.525835037,-0.135535002,1.13762188,-0.218454123,0.394251823,2.11577058,1.83341396,-0.0745535493
general_aleatoire,-1.94173145,-0.343435764,-1.01040125,1.83178329,1.46516967,0.164455175,-1.34148645,0.420357943,-0.339500427,3.27497244,1.27175283,-0.432580024
general_aleatoire,-1.11804962,-1.94267654,0.502603054,-0.0866582394,0.286430597,-1.91591573,-1.26064658,1.27843809,-1.76165175,3.20553279,2.02576613,-0.992372274
general_aleatoire,1.29941487,0.417437077,1.15096855,1.05476904,-0.86654377,0.0936052799,1.34894872,-1.09290957,0.171992302,2.47114968,1.41294932,-0.0186546128
general_aleatoire,0.666087866,-0.504767656,-1.67957711,0.501319647,-0.2326653,-1.95063591,-1.34653306,-1.42815661,-1.26216388,3.09239626,1.85396671,-0.274975598
general_aleatoire,0.969174147,-1.19082427,-1.02335358,-0.453171968,0.392036438,-1.79539919,-0.45958972,-0.408826351,1.41922307,2.53462625,1.62651825,-0.556590736
general_aleatoire,0.0468297005,1.80966115,-0.0668230057,1.53425884,-0.468863726,-0.917520046,1.35658622,-1.22334862,-1.4186933,3.03000069,1.65668023,0.34822765
general_aleatoire,-0.10226059,0.0227868557,-1.97066355,-1.75183439,-1.89676261,-1.71537733,0.213162422,0.295463324,0.0817975998,3.37343812,1.50389373,0.0359216966
general_aleatoire,0.26407361,1.97832775,1.51213384,-1.19263268,0.231494665,-0.967584372,1.83916402,-1.54583764,-1.80522084,3.62384868,1.95738959,-0.865768373
general_aleatoire,1.67017198,-1.60796928,1.11124492,-1.82373667,1.28935623,-1.25889277,1.61105514,0.165080309,0.0995998383,3.78791189,1.19545949,0.196065009
general_aleatoire,0.582288504,-0.195227385,-1.81765938,-0.678434134,1.78388333,0.356858253,1.3686614,-0.1828866,-0.813550234,2.62056446,1.5687449,0.831352293
general_aleatoire,-0.193737745,-1.69125009,1.74771142,-1.32045174,1.93612599,-1.49222255,1.1859374,-1.50686502,1.02703214,4.1073432,1.23737597,0.0421622358
general_aleatoire,0.074246645,0.72223258,-1.01661038,-1.33570075,-0.567441225,-1.76357675,1.95802116,0.762905121,0.737256765,3.09099483,1.41850293,-0.4122352
general_aleatoire,0.915144682,1.79592252,-1.81210804,-1.42977381,1.71220684,-0.471442223,-1.63543749,0.218927145,-0.856397867,3.14633226,2.29673767,-0.90902102
general_aleatoire,-1.69296789,0.689559221,-1.98325038,-1.32050967,0.681737185,-1.77833652,0.567277908,-0.675414085,-0.356844902,3.5636363,0.91370827,0.129874334
general_aleatoire,1.06388617,-0.0414237976,-0.345285416,-0.338228226,0.611891508,-1.90398002,0.3184762,-0.658513784,-1.91112614,2.72353005,1.26180172,-0.737870157
general_aleatoire,-1.29167104,1.95415974,-1.60630345,-1.83428788,1.82688165,1.87121081,0.397438765,0.199456692,0.914624929,3.50154877,2.601053,0.52807492
general_aleatoire,1.8526361,-0.738545179,-1.54098582,-0.427411556,-0.0383660793,-1.05230403,-1.32198381,-1.61213732,-1.79610062,3.06813216,2.32652736,-0.624726713
general_aleatoire,-1.28387356,0.470116377,1.19005609,-1.1688664,0.710183144,0.350787878,0.187715292,-1.55054212,-0.0996406078,2.41464758,1.30794954,0.432811707
general_aleatoire,-0.672054291,1.68973708,1.12653017,-1.70906043,-0.2517941,-0.877596855,0.51098156,-0.600248814,0.589831591,2.16952705,2.05581665,0.605372727
general_aleatoire,1.12970304,1.37502003,1.97005844,-0.700309038,-1.03731799,0.749182224,1.4972291,1.8464632,1.32249093,3.7904954,1.48544824,0.0382759646
general_aleatoire,0.920973301,-1.10137057,-0.0405182838,-0.402669907,0.522869587,-0.361308575,0.958731413,1.91288257,0.449102879,2.32053781,1.38172209,0.338906407
general_aleatoire,-1.27643251,-1.93329692,1.19663167,-1.22090602,-0.663229227,1.24187279,0.923481226,-0.909397602,-0.319956064,3.12848759,1.48628902,-0.239334434
general_aleatoire,0.926248312,0.313438892,-0.511519194,1.33044696,0.0875372887,1.21666217,-1.72810698,1.46569252,-1.27509785,3.03220892,1.15030456,-0.847845912
general_aleatoire,-1.76153088,1.8287878,0.768202066,1.56055212,-1.4400506,0.609100342,-0.33672595,-0.161421776,0.19435358,3.31810093,0.976386964,-0.362976044
general_aleatoire,0.70304513,-0.389042139,0.474441051,0.0784466267,0.274208784,1.9861052,-1.76329184,-1.45913076,0.531210423,2.38451695,2.03802252,0.760043621
general_aleatoire,0.70182395,1.07568002,-0.415996313,1.97632647,-1.46796083,-1.95568585,-1.36505318,0.920693636,1.7970922,3.97387409,1.33466339,-0.275252789
general_aleatoire,0.287157059,1.51840591,-0.263791323,1.62816763,-1.48971939,1.96613097,-0.36365962,-1.16673851,-0.582491398,3.08794904,1.83794463,0.335885644
general_aleatoire,-0.578242779,-0.788680553,0.676876068,0.923518419,-0.0647900105,0.802901983,-0.326442003,0.356080294,-0.56875515,1.44277167,1.17654502,0.0852653161
general_aleatoire,1.75465918,0.375122309,-0.6005826,0.302373648,-1.02479243,-1.35416889,0.623613119,-0.113040686,-1.20474386,2.43675232,1.52934492,0.363413006
general_aleatoire,0.213886976,-0.739958048,0.281147718,-1.10159039,-1.15957141,-1.72338581,0.969085455,1.30999494,-1.89920378,2.61902618,2.28748798,0.608920097
general_aleatoire,-0.981837988,-0.580672741,-0.107890129,1.12085056,-1.82673907,0.255571604,0.797357798,-0.955350399,-0.677756071,2.47718573,1.14944768,-0.722200036
general_aleatoire,0.779812336,0.978946686,0.269563675,-0.350387812,1.18497443,-1.2169776,0.94010067,0.0527002811,0.440431595,1.82645643,1.51816595,-0.294711232
general_aleatoire,-1.47798181,-0.0472893715,-0.237843513,-1.46727157,-0.730778217,-0.954668045,1.64783812,-0.3236022,-1.75628519,2.72806263,2.0537312,-0.293325067
general_aleatoire,0.397197008,0.776069641,0.0548312664,-1.26899552,-0.847261906,-0.723819733,-1.97414279,-0.337943792,-0.0150432587,2.59023023,0.861684978,0.418392211
general_aleatoire,1.63206029,-0.857496262,-1.02968717,0.93843317,-1.63476491,-1.9042151,-0.725241661,0.339311123,-1.58129621,3.34426808,1.79243076,0.618863285
general_aleatoire,1.7658968,-1.48561406,-1.30236316,0.295402288,-0.113402128,-1.75639248,-1.63431215,-1.87627649,0.502727509,3.03185797,2.446702,-1.21335793
general_aleatoire,0.85765624,0.202126503,-0.553411722,-0.370537996,-1.49849868,0.0855078697,-0.985548973,1.58629847,0.568346024,2.28296399,1.43594396,0.0980263874
general_aleatoire,-1.21482301,-0.897853851,-1.90974212,-0.0219156742,1.44665933,-1.51321888,0.308468103,0.352374315,1.56263375,3.07244277,1.84133613,-0.378031313
general_aleatoire,-0.735689402,0.387780666,0.507873535,1.24064422,1.2335794,-0.281306744,0.446585655,0.999439716,-0.817009926,2.17682648,0.913941503,0.617705166
general_aleatoire,1.65216565,-0.97702527,0.288491726,-0.6903162,-1.27685952,-1.34151816,-0.924809694,-1.27531266,-1.20542192,2.81156826,1.91925001,-0.142602831
general_aleatoire,1.16276431,-1.01257205,-0.461069822,-0.774338245,-0.256019354,0.22053504,0.376197815,0.351966381,0.358613968,1.68776762,0.859827697,-0.33141458
general_aleatoire,-0.294001102,-1.73049259,0.461683035,1.32616305,-1.67370033,-1.290694,-1.6488471,0.892286539,-1.31268239,2.98628974,1.92222512,-1.4646492
general_aleatoire,1.09068394,0.0723099709,0.859597921,-1.14402151,0.315910578,-0.866862535,-1.94156408,-0.398748875,-0.558498144,2.79499531,0.688054681,0.221221209
general_aleatoire,1.24746442,0.419357538,-1.94455147,-0.450194836,0.597515106,1.45391941,0.675506115,-0.764791012,1.19462299,2.87380767,1.32940805,0.793178499
general_aleatoire,-0.825860977,1.73101163,-0.936009407,-1.91944861,-0.668876648,-1.38486528,0.229619741,1.54468513,0.828061104,2.78482723,2.38581657,0.530256212
general_aleatoire,-0.16592598,0.650271654,0.258362532,1.2308712,0.652108669,1.54365587,0.716266394,1.26431608,1.72696161,3.046381,0.802341461,-0.100198552
general_aleatoire,-1.92421842,1.9877975,0.943671703,0.880629778,-1.16640186,-0.851115227,-1.46828794,1.51900959,0.553955078,4.00161266,0.399172544,-0.0524840951
general_aleatoire,-1.80311656,-0.721027374,-1.07567668,-1.77153158,1.58954287,-1.44948125,-0.975234032,-1.99628234,-1.11739588,3.43827677,2.6304903,0.371115983
general_aleatoire,1.6128943,-1.44749904,-1.90152812,1.43644691,-1.16217709,0.000232934952,-0.334949017,0.699572802,-0.573714733,3.26550865,1.38287091,-0.285283804
general_aleatoire,-1.04373455,1.64690328,1.03216147,-1.8388443,1.04002213,0.0488586426,-0.74960804,0.721917629,-0.357269526,3.035079,1.08625317,-0.389201254
general_aleatoire,1.72679186,-1.16123891,0.48148489,1.90624404,1.2150209,0.582410097,-1.66510034,1.73817539,-0.456242085,3.38126636,2.14017701,-0.0027404842
general_aleatoire,-0.786458015,-0.504211664,1.12756348,1.54515266,1.06343436,-1.39451551,0.766622543,-1.39245534,1.86255574,3.23402381,1.75628304,-0.243974149
general_aleatoire,-0.685767412,-0.425778866,-1.78213596,-1.47713089,-1.27016807,0.686835289,1.86083841,0.917239189,-0.287264347,2.9444046,1.92070627,-0.34999463
general_aleatoire,0.300242186,0.528076649,-1.17272854,0.904444933,0.0178236961,-0.53215456,-0.751241207,-1.4110918,-0.290133953,1.83171678,1.29302013,0.67709893
general_aleatoire,-1.17367601,0.580874205,-0.746934175,0.980858803,0.544273615,-1.07110143,-0.406877995,-0.378698587,-1.97274137,2.39454818,1.54409838,0.872346282
general_aleatoire,-0.92335391,0.0936286449,-1.20547366,1.68605351,1.13354874,1.24831033,1.63701057,1.30084538,-0.519071341,3.13304043,1.63947737,0.371634156
general_aleatoire,1.18023205,1.00511551,-0.705076933,1.58798099,1.06077528,1.38449669,-1.42735457,-1.26874661,0.630864382,3.11054015,1.68281758,0.0425636284
general_aleatoire,1.82516742,0.566274166,-0.493294239,-1.89772081,-0.643037558,1.1518805,-1.7502749,1.61299229,-0.055305481,3.30981517,1.95060587,-0.38136223
general_aleatoire,-0.930339098,-1.56394577,1.24956274,-1.00584078,-1.6703763,-0.73222971,0.399871349,1.23530507,-0.0574126244,2.97573185,1.40565705,-0.263093352
general_aleatoire,1.50195456,0.183694124,-0.790134907,1.70482063,1.43479228,1.48526096,1.42892361,1.14033461,1.05860376,3.48750424,1.54421818,-0.0223432463
general_aleatoire,-0.905206203,-1.41321969,1.64727449,0.761291265,-1.60996938,1.78009605,1.41331673,0.730161905,-0.68735981,3.42850876,1.76372135,0.0899228752
general_aleatoire,-0.673532724,-1.78491092,0.00231719017,0.677427769,0.582900047,-1.07488036,0.0422816277,-1.02571559,-1.52018833,2.31565785,1.89395106,-0.0955975205
general_aleatoire,-0.775811434,-0.751744032,-1.74526095,1.209584,-1.29149151,1.44567204,-1.97944164,-1.45079994,-0.218362093,3.07645297,2.17779946,1.13897681
general_aleatoire,1.80954695,-1.66297865,-0.684709549,0.730610371,0.649254799,-1.05750871,1.00730038,1.77429652,1.24778485,2.85675955,2.12969637,1.26708376
general_aleatoire,1.48500633,1.7829988,-0.842236519,-0.74832201,1.13286161,1.43402576,1.21297956,-1.47325253,1.94625235,3.05583501,2.05905342,1.96095479
general_aleatoire,0.820163488,0.391359806,0.967910767,-1.67213726,0.710892916,0.5873487,-0.990741253,0.499918938,1.49217248,2.53986692,1.52030587,0.323858887
general_aleatoire,0.553402185,-1.32456636,-0.771417618,-1.78546095,1.43871832,0.869859934,1.83788872,-0.0980973244,-1.12915015,3.40745521,1.25759101,0.374705404
general_aleatoire,1.39639187,-1.64739156,-0.466411591,-1.22185993,-1.3268857,1.28220844,1.34576869,0.706578493,0.195638418,2.52969193,2.19532156,-0.95331949
general_aleatoire,0.544189215,-1.24321699,-0.392827511,0.881535769,0.311311722,0.0444543362,-0.768503666,0.417251825,-0.0911998749,1.59391928,1.03262949,-0.195326909
general_aleatoire,-0.156406879,1.17225194,1.31483579,1.92496634,1.31825066,1.72995567,0.83755517,1.73546362,-1.57839465,3.227319,2.46437478,1.13110113
general_aleatoire,-0.391105175,1.35541534,-0.124840498,0.684051752,0.822541475,0.788096428,1.68876767,-0.548068762,-1.43202305,2.39257693,1.48043907,1.02867758
general_aleatoire,1.51711822,-0.783032656,0.901486397,-1.44301271,-1.54963827,0.448034048,-0.368887901,-0.774796247,1.54552126,2.55260706,2.09667993,-0.790581107
general_aleatoire,-0.6955688,-1.81121325,-1.71633625,1.84566641,-0.600815773,0.716650248,1.44998598,0.525503874,-1.06770897,2.74644756,2.20314622,-1.45360219
general_aleatoire,-0.917762995,0.780749798,-1.00483298,0.518513203,1.76823282,1.45393825,-0.806910276,-1.47084832,1.10202098,2.52944899,2.10246468,-1.0869534
general_aleatoire,1.91035962,-0.427512884,0.330514431,-1.44298387,1.9818964,-1.95713902,1.6460588,0.177029133,-1.11393094,3.49667716,2.33042169,-0.325675428
general_aleatoire,1.90311527,-1.775352,-0.523455381,-0.977443695,-0.571230888,0.110254526,-0.623633623,-1.31361461,0.0821752548,2.71047306,1.76400137,-0.0668990463
general_aleatoire,-1.33016109,-0.237340689,-0.149626017,1.51965833,-1.86692834,0.0220830441,-1.51244783,0.0310311317,-0.336554766,2.8176105,1.44533622,-0.130853742
general_aleatoire,-1.44651365,-1.74748039,1.93095803,-0.412979841,-1.00010848,-0.103975058,-1.70654392,-0.194933653,0.652584791,3.39710307,1.15020013,-0.754425406
general_aleatoire,1.47669935,0.381465435,0.120249748,-0.339417458,-0.128078222,-0.311231136,-0.357163191,1.14025545,1.27049351,1.77030396,1.5658797,0.158229291
general_aleatoire,-1.2171495,1.58022618,1.28101325,1.41296983,0.594988346,0.694186211,-0.324120998,-1.45055318,-0.167885542,2.60321522,1.84134901,-0.722496688
general_aleatoire,-0.892520189,-0.973411322,-1.81574798,1.00845718,1.72329617,0.0514988899,0.64319396,-0.71658206,0.98545146,2.72254515,1.79089391,0.556057274
general_aleatoire,0.384200335,-0.753713131,1.98293757,1.3826139,-0.258950949,-0.961586952,1.68276548,-1.99342513,-0.619932652,3.01851082,2.2713418,-0.685870886
general_aleatoire,-0.494340181,-1.78106928,0.283045769,-1.1830318,-0.0851807594,-0.325219631,1.44830441,-1.12146044,-1.57837892,2.50539064,1.8994875,0.985285044
general_aleatoire,-1.99909186,0.215293646,1.66000605,0.0519173145,1.37551761,-0.874428272,0.969168901,1.2889123,-1.32874179,3.26219296,1.77749622,-0.149834722
general_aleatoire,1.0113945,-1.51854587,0.931436539,-1.72958112,1.5047698,0.896116734,0.891138315,1.71523166,-1.07263494,3.03657079,2.29740334,-0.801966906
general_aleatoire,-0.277856827,0.822250843,-1.5234375,-0.769188881,0.0495712757,-1.0313015,-0.604672432,-1.70798564,-0.500700474,2.0852344,1.95097744,-0.332992554
general_aleatoire,0.976114273,0.485322475,0.844003677,0.874872446,-1.06200218,-1.55758572,0.997515917,-1.85763931,1.67136335,2.76107502,2.15470457,-1.0922606
general_aleatoire,1.97732115,-1.56788421,-1.06908679,-1.06945348,-1.78467798,1.00104308,-1.24049878,-0.901973486,-1.84416866,2.81366682,2.54812264,2.0458746
general_aleatoire,0.498655796,-0.432756424,-1.67534328,1.20960712,-0.191190243,-0.635022402,0.956365585,-0.223266602,0.746055603,2.11055112,1.47225285,0.211647525
general_aleatoire,0.70234704,1.26028824,0.0355761051,1.5098083,1.44578266,1.09273386,1.46414256,0.686350822,-1.96035743,2.95951557,2.26246476,0.47652036
general_aleatoire,-1.87311006,1.112185,0.13986659,-0.15706563,-1.84920931,1.95536208,1.23227119,-0.0670719147,-0.717102051,2.82534432,2.46717763,0.0208377335
general_aleatoire,1.94758368,0.249717474,1.01827741,-0.882218838,-1.00558066,1.13000035,0.153579712,1.54601002,1.96854234,2.89321017,1.98016226,-1.39854157
general_aleatoire,-0.405430079,1.43012238,1.45168948,-1.61053252,-0.931699991,0.825487852,0.138643503,-0.617681742,1.43504572,2.4125638,1.93493462,1.16447806
general_aleatoire,-1.97207117,-0.696474791,-0.386076212,1.81616902,-1.06098247,-1.51248217,1.27547693,-1.92689991,-0.650677681,3.50485015,2.0133512,0.812748909
general_aleatoire,1.61654139,1.31009459,-1.72540545,-1.99760842,1.96755672,-0.768723488,1.80558729,-1.03533936,-1.45191646,3.60618329,2.90951848,-0.854114294
general_aleatoire,-1.06573057,0.150338411,-1.72725368,-1.26031899,-1.25150299,-0.287379503,0.222198248,-1.75429964,-0.834555864,2.62733459,1.76582158,-1.08694482
general_aleatoire,-1.10430169,-0.330420971,-0.546908855,-0.492532492,-0.245410204,1.50361967,1.90998483,1.62119579,1.23146248,3.04702497,1.58715391,0.425271302
general_aleatoire,-0.0281722546,0.949639559,-0.679376364,0.148165226,-1.5727973,1.35999084,1.81361151,-0.642708778,-1.75909233,2.75620365,2.21342683,0.100650944
general_aleatoire,0.835596323,-0.809399128,1.9751358,-0.807735205,-0.741484404,-0.718394995,0.696069956,-1.34285283,1.37725925,3.07065415,1.28993678,0.254151374
general_aleatoire,1.13264561,1.66323018,-1.51000857,0.871730566,0.539626598,-0.865568399,-1.50461602,-0.694871426,-1.7178576,2.83278179,2.37741065,0.388177514
general_aleatoire,-1.91696811,1.63771796,1.04354382,-1.23948503,-1.82904172,1.28500056,1.45860934,0.178523302,-1.52535772,3.48319769,2.50150585,-0.27339223
general_aleatoire,-1.68857408,-1.31249404,1.8217926,-0.0938942432,-1.01215553,0.951521635,1.43858123,-1.44399118,-1.3247602,3.28746223,2.17205477,-0.464657485
general_aleatoire,-0.239715815,1.41577148,-0.0685949326,-1.9470849,-1.15085745,0.0471217632,-1.5377667,1.07777023,1.34568357,2.66756272,2.21012306,0.721841991
general_aleatoire,1.739182,0.00986242294,1.6368084,-1.94247508,1.27849936,1.21192503,1.55276537,1.9231751,-1.20312142,3.12967372,2.38925982,-2.15273976
general_aleatoire,0.423704624,-0.863262892,0.0148334503,-0.844125986,1.51366329,-0.491784334,1.81006694,-0.42671752,1.01814747,2.68707156,1.1895659,0.173720524
general_aleatoire,0.178221226,-0.218188286,-1.36048102,0.368885517,0.764986515,0.803741455,-1.32973385,-1.22290587,-0.758766174,2.36936116,1.22064877,-0.181989625
general_aleatoire,-0.211195946,0.0133802891,1.31928492,1.18576217,0.618901253,0.957876921,-0.35518384,0.582137346,0.653450012,1.92937315,1.17073905,0.539277375
general_aleatoire,-1.37690711,-1.52711058,0.188181162,-0.39400959,-1.6502142,1.17251396,-0.490547419,-1.11796498,-0.345933914,2.94179869,1.11451209,-0.48002997
general_aleatoire,-1.25615406,-1.84075427,1.80327463,-0.904047728,-1.16040969,1.82259774,-0.956325769,1.81453037,1.87846375,3.7928462,2.64831471,0.200663015
general_aleatoire,-0.590691805,0.93883419,-1.82759976,0.798386097,-1.28362036,1.41170549,-0.431128979,-1.53670788,1.79111862,3.6728785,0.979169071,0.39383024
general_aleatoire,0.823824883,-1.43520379,0.0147542953,1.05406332,1.31660247,-1.56526995,0.0325667858,1.92503023,0.480965376,2.79837227,1.90322804,0.7198897
general_aleatoire,-0.473534107,-0.0890316963,1.10093808,-0.0873644352,-0.629635811,1.07187986,0.51067543,0.514265537,-1.23193574,2.18982744,0.470011592,0.154578954
general_aleatoire,0.533052683,-1.41591597,-0.198870182,1.75225639,0.124437809,1.67058897,0.982870579,1.54987574,1.30376363,3.11800265,1.87821102,-0.153621912
general_aleatoire,0.50173378,0.786245584,1.23307276,1.69629192,-1.7238524,1.28129625,-0.660843849,0.24745512,-0.745187521,2.94059181,1.51230907,-0.0165459402
general_aleatoire,0.685624123,0.542581081,1.7052331,-0.576169014,0.476672173,-1.40597296,1.29922771,0.385868073,0.755241871,2.71553826,0.919327617,-0.629450858
general_aleatoire,1.25753546,0.207745314,-0.471506119,-1.03264737,-1.47092533,-0.296010017,-1.2132473,1.8709712,-1.05006695,2.55317831,2.00940037,0.826564372
general_aleatoire,0.631061316,-0.800409794,0.257581472,0.571180105,1.73182631,0.403781891,0.346046925,0.784319401,0.104330063,2.12477994,0.902857006,-0.0984935388
general_aleatoire,-0.549992085,1.03724337,1.29599047,0.85066247,-1.18364954,-1.22736001,-0.123837233,-0.114767075,1.20375466,2.71677947,0.873304248,-0.151670769
general_aleatoire,-0.109938383,-1.27936554,-0.487102032,-1.56054759,0.0691738129,1.53473568,-0.347570419,-0.628281355,-1.20261812,2.38836813,1.58184314,0.661015213
general_aleatoire,0.735480309,-0.350534201,-1.89860559,-1.71089244,0.760187387,0.303143263,-0.735594988,1.41461802,-1.77703667,2.7285378,2.42086434,0.509944141
general_aleatoire,0.901148319,0.439250946,-0.558423996,-1.03678489,-1.65171528,-0.452771187,-1.19140244,-1.67767692,0.181961298,2.96715569,0.865413249,-0.197817013
general_aleatoire,-1.41134715,-1.17177176,-0.808091164,0.175892353,-1.64096212,-1.07360411,1.64330482,1.39569545,-1.97581196,3.11664367,2.39803457,-0.991207957
general_aleatoire,-0.410914183,-0.0645592213,-1.01779771,-1.50701022,1.24930453,-0.769283772,-0.628644228,1.70423818,-1.55404925,3.15139627,0.914941072,0.760818064
general_aleatoire,-1.35322189,0.281637907,1.86332917,0.326256752,-1.17682266,0.85878253,0.966264248,-1.03912234,0.186708927,2.41301203,1.95158303,0.168483764
general_aleatoire,-0.224914789,1.53791475,-0.87052846,0.2159729,-1.67618513,0.138236761,1.50645518,-1.21816802,0.915479183,3.02173615,1.13016522,-0.481891453
general_aleatoire,-1.33508277,-0.794147968,1.6659565,0.397491932,-0.68864727,-1.19494486,-0.511671066,1.56094646,1.03929448,2.74819899,1.84780717,-0.245280191
general_aleatoire,-1.54037476,-0.644706249,-1.98465157,1.80824971,0.00803256035,0.951710939,0.332511187,0.389716864,0.315861225,3.25111079,0.793422163,-0.256511629
general_aleatoire,1.52358055,-1.78195238,-1.80157638,-0.743824959,-0.971749306,-0.0032043457,-0.13985467,-1.13368344,-1.09208608,3.26231861,1.39305079,0.392490685
general_aleatoire,1.49050331,0.975620747,-1.65156293,1.67683196,-0.0504622459,-0.30491972,0.765664101,-0.631469727,-0.952995777,2.95438862,1.12230968,0.844742119
general_aleatoire,1.84620285,0.496962786,-0.220590353,1.31754041,-0.0438065529,-1.23865223,-0.593400717,1.66888213,1.63819385,2.93286228,2.00372171,0.424944729
general_aleatoire,0.214234114,0.275821924,-0.803072214,1.04869819,-0.276566982,1.24722672,-0.751232624,-0.632603884,0.900444508,1.87641263,1.31863344,0.119794212
general_aleatoire,-0.265222788,1.1852026,1.39388704,1.33174944,-0.546978712,1.9430728,1.17574048,1.16513705,1.76396918,3.443887,1.67813075,0.664274395
general_aleatoire,0.405536175,0.492841482,-0.643118858,0.966509104,0.178381681,1.22038913,-1.83572745,1.38015842,0.979300261,2.51861262,1.58115888,-0.816426873
general_aleatoire,-0.419786692,-0.21617794,-1.79494619,-1.91990709,-0.392494917,-1.74997234,0.695024729,-0.450134277,-0.198598623,3.09832263,1.1482532,-0.392831117
general_aleatoire,0.333685875,0.99585247,-0.143184423,-0.57207036,0.476817131,0.538976431,-0.0788230896,-1.25432086,0.6468153,1.74199772,0.900327027,0.348488301
general_aleatoire,0.997477531,-1.12349582,0.182783842,-1.54862738,-1.18374252,0.38573575,-0.832355499,-0.0612421036,0.994434834,2.22682619,1.53206086,-0.786384583
general_aleatoire,-1.89252949,-0.0695950985,-0.478072643,-1.13587427,-1.57549787,1.8690846,0.125427246,0.860499859,-0.416889429,2.89611602,1.85958278,0.406690866
general_aleatoire,1.82853913,0.452607632,-0.291579962,1.22240877,-0.0995986462,-0.801325321,1.59182072,1.84840822,0.100197315,3.11982274,1.38150728,0.313758612
general_aleatoire,0.142537832,0.829115629,0.473163128,-0.991308689,0.72268939,-0.213094234,0.666925907,-1.50620055,0.0438828468,2.08814263,0.894904256,0.190206051
general_aleatoire,-1.17607999,-0.284942865,-1.99622655,-1.78487229,-1.84293985,-1.91165686,1.9091351,-0.568155289,-1.03058529,3.83736706,2.24233913,-0.980886102
general_aleatoire,-0.665356636,0.653242826,-0.449219465,1.35639858,-1.44652724,0.202641726,0.952672958,-1.38742208,1.42785764,3.01656008,0.897742629,0.10134957
general_aleatoire,0.912465572,1.75485849,0.401005507,-0.0305509567,0.925002337,0.803462744,1.07898641,1.42220426,1.90164137,3.33168626,0.997499049,0.531997025
general_aleatoire,-0.326835632,0.294253111,-0.76234889,-0.633435726,1.74689817,0.593858004,0.0627059937,-1.7262373,-0.0109846592,2.55646324,0.901761889,-0.464126408
general_aleatoire,1.58958912,-1.28633571,-1.52247596,-1.56737995,-0.688628674,1.36842728,1.26298141,0.456532478,0.389249325,3.13495922,1.60289979,-0.927723527
general_aleatoire,-0.696701765,-0.425457954,-1.23305535,-0.106257439,0.221988916,1.41818953,0.335677147,-0.639982462,-1.17202568,2.33522534,0.769821405,-0.329640299
general_aleatoire,1.47859859,1.40562296,-1.64746237,-1.66294265,1.10719371,-0.575627804,1.39019036,0.72153759,-1.2727294,3.29505062,2.09548831,-0.15304254
general_aleatoire,-0.903518677,-0.278614044,1.31070065,-1.33800101,0.959471226,0.826416492,1.15609121,0.141391039,-1.52357388,2.91147423,1.09853125,0.00820444804
general_aleatoire,0.541293383,-1.43781161,-1.2140522,-0.854105234,-1.15301657,0.0723085403,-1.83401084,0.992064238,-0.711730003,2.45254803,1.87842822,1.09966242
general_aleatoire,1.34612346,0.238978624,0.817341089,1.43173957,1.71438742,0.667709589,0.954973936,-0.258414745,-0.77492857,2.69962072,1.26559186,-0.81341064
general_aleatoire,1.81248045,-0.939675093,0.876980782,0.784769773,1.72066069,-1.22851777,0.110351801,-1.62914085,-0.964383125,2.67112279,1.96218812,-1.62302077
general_aleatoire,0.128891468,-1.78869343,1.28656626,0.904339314,-1.59448075,-1.51478815,1.16756511,-0.78889966,1.24628782,2.81697249,2.27603292,0.974276781
general_aleatoire,0.129883528,-0.0709040165,0.257666349,-1.77075887,0.402332783,-1.30164075,-1.33497882,0.829705,-0.481050491,2.72531438,0.583714247,-0.118082948
general_aleatoire,0.847111702,0.468776703,1.59342098,1.87927532,0.330744505,0.910524368,-1.50357056,1.69041491,-1.5143404,3.45894456,1.63266945,0.853234887
general_aleatoire,1.04884815,0.884529352,0.366867781,-1.26486135,-1.23190665,-0.686458111,0.666742563,-0.0511519909,0.493518114,2.44023371,0.565972924,-0.146344259
general_aleatoire,-1.90094066,0.409876585,-1.00472403,-0.0408565998,-0.368441582,0.114626408,-0.881454945,-0.662230015,-1.4545188,2.64935279,1.07062733,-0.327759147
general_aleatoire,0.0772507191,0.912048817,-1.2097764,1.25259042,1.2206974,-0.97008419,-1.2568922,1.09767795,-1.66013503,2.92809892,1.80449545,-0.110748209
general_aleatoire,-0.457785845,-0.255016088,0.0267429352,0.633229733,1.42400408,-0.249132872,0.99981451,-0.892983675,1.22046733,1.98077464,1.44933462,-0.169414282
general_aleatoire,0.232684612,-1.45261955,-0.61199069,-1.7211225,1.73147058,1.57361889,1.69058037,-0.448662996,0.0094871521,3.45692945,1.34876716,-0.514999568
general_aleatoire,-0.848481417,-0.688464165,0.898784876,0.948529482,1.34566236,-1.85314846,1.44995832,-0.100924015,-0.736011505,3.08418727,1.12483048,0.152367949
general_aleatoire,-0.654706478,1.40884948,1.68214345,-1.83626437,-1.95198798,-1.80135417,0.211259365,0.494076729,0.962654114,3.76671028,1.61647773,0.290592402
general_aleatoire,-1.74757457,-0.0599281788,-0.701563358,-1.6583879,0.691023827,1.88984537,-0.65093255,0.0720415115,-1.28160095,2.73059535,2.20900059,0.290945321
general_aleatoire,0.456744909,-0.874597549,-1.05356097,-0.169698715,-0.0660078526,-0.0984566212,-0.283402205,1.13200092,-1.7004168,2.10953355,1.37593853,0.1902567
general_aleatoire,1.00061274,-1.57535863,-0.172729015,1.34988999,1.38266921,-1.04072022,-1.54305148,-1.22016692,-0.978586674,2.78256512,1.82973707,-1.43761361
general_aleatoire,0.0196456909,1.31190562,1.07498837,-0.488023996,-1.75221395,1.92472601,0.307231665,-0.134986877,-1.52315831,2.90467048,1.96919,0.0887519717
general_aleatoire,1.16774249,-1.85415602,-0.390771866,-1.78902435,-0.300186157,1.33665633,-0.468467474,-1.52811027,0.876302481,2.68010044,2.48206711,-0.102388725
general_aleatoire,-1.81939459,0.190071344,-0.248400688,1.77511239,1.3759737,-0.996438742,-0.950366497,-1.59774923,-0.313149691,3.16596556,1.43607187,0.955859601
general_aleatoire,-0.426954269,-1.8403101,0.466850758,-0.203685999,1.44319558,0.310452223,-0.615212679,0.283627987,0.615146875,2.36351347,1.12018967,0.0630729049
general_aleatoire,-0.670293331,-0.599205494,-0.737867355,0.468878269,-1.57350564,1.53923178,-0.532806873,-1.07456946,-1.60202146,2.50886154,2.00116038,-0.351876557
general_aleatoire,-0.383033514,1.0663836,1.97306061,1.86509705,1.47422791,1.88029766,0.258559227,1.46028423,0.0665102005,3.61925316,1.49145234,1.11561263
general_aleatoire,0.40316844,-0.861598492,0.803462744,0.0688376427,-0.859176874,1.39272594,0.523081541,0.740697861,-0.17740202,2.0932312,0.751011908,-0.37568891
general_aleatoire,-0.839823961,-0.0719306469,-1.19414449,1.03110623,-0.939166069,-0.872326612,-1.32096338,-0.727841616,-1.61743736,2.65117383,1.61000192,0.33555609
general_aleatoire,1.69856715,-0.323455334,-1.77510285,-1.54680181,-0.0574629307,-1.3123498,1.65120316,0.18929863,0.441452026,2.83410478,2.26903534,0.188201308
general_aleatoire,-1.34160304,0.185628176,-1.74448109,-1.00102329,-0.73044467,-0.62689805,-1.11872363,1.40819359,0.0612206459,2.60206175,1.68376744,0.662321508
general_aleatoire,0.236872435,-1.59053183,0.058968544,1.00708294,-1.60168123,1.62493396,-1.93588758,0.973740578,1.85474062,3.07776046,2.59930348,0.846340299
general_aleatoire,0.131308079,-0.492055416,1.44267106,0.412852049,0.779673338,-1.68113971,-1.95779562,0.732456923,-0.423639536,2.54752254,1.99030292,0.207313329
general_aleatoire,1.73026681,1.4038074,0.302660942,-0.616564751,-1.49553871,-1.85913944,0.326885939,0.984718323,1.06538868,3.3643949,1.41882467,0.0930084065
general_aleatoire,1.20815301,-0.374333858,-1.35762525,1.51935077,0.149361849,0.594731808,-1.23217845,1.59699559,0.876937628,2.81209135,1.50641096,-0.88763386
general_aleatoire,0.494021177,-0.913798332,-1.47484827,-0.735139608,-0.76123333,1.37988329,-1.19282031,-0.0947108269,1.63530588,2.9694221,1.21457207,0.302668482
general_aleatoire,0.679017782,1.04160023,-0.390507936,0.705593348,-0.80797267,-0.796134949,0.501912117,-1.26382113,-1.38056993,2.33957076,1.29762483,0.28410548
general_aleatoire,1.02580428,-0.508000851,-0.103368282,-1.16385198,-1.09684181,0.78317976,0.466487885,1.7768352,-1.83866477,3.0477674,1.33542311,0.418578416
general_aleatoire,1.98204374,-0.695319176,-0.198892832,-0.125772238,-0.989878654,-1.40816689,-0.228682756,1.93861771,1.38907743,3.05982924,1.90619254,0.417232603
general_aleatoire,-1.1636107,-1.17597747,-1.47858763,1.80838251,-1.18586063,-0.632537127,1.07624435,1.94321442,-0.297977448,2.84539628,2.24752355,-1.36940968
general_aleatoire,1.35443544,0.261663675,1.23428202,-1.91596341,-0.728381395,-1.86227489,-1.9648912,-0.216697931,-0.471468449,3.79082417,0.907601655,-0.178572506
general_aleatoire,1.26662087,-0.792762756,1.54095531,-1.85041213,-1.65317392,0.02146101,0.153452396,-0.387874842,1.65291858,2.69197989,2.44568944,-0.665428519
general_aleatoire,0.538225651,-0.44810915,0.484745264,1.31826329,-1.51701355,-1.46521759,1.90786195,1.74157786,-1.25227451,3.03428698,2.31261134,0.773066521
general_aleatoire,1.0056932,-0.218904018,1.76533747,-0.0475299358,0.706468821,1.25225115,-0.546384335,-1.6030817,1.75272465,2.95651007,1.64027214,0.86847645
general_aleatoire,-0.28542304,-0.897732973,0.514008522,-0.671309948,-1.13937759,0.803233624,0.509871483,1.06126499,1.69465923,2.08720899,1.84874403,-0.171594873
general_aleatoire,1.7176137,1.99007249,-1.18079042,-1.87019587,1.19199204,-1.05764723,0.954184055,-0.758771658,-1.74482179,3.05092454,2.51958275,-1.79335237
general_aleatoire,-0.403495789,-0.451107502,-1.03097153,-0.868938208,-1.18604803,-0.78203845,1.81821513,1.93178749,1.67408633,3.70316863,0.55277741,-0.15431191
general_aleatoire,0.571109533,-1.81203008,0.870704412,-0.644747972,1.90647054,-0.379405975,-0.491193056,-1.04394197,1.20736051,3.1667676,1.13117683,0.20700857
general_aleatoire,0.515491486,-0.261876345,0.561522961,1.47813463,1.40201688,-1.27736998,0.963476896,1.79074454,0.170293093,2.9633007,1.14193678,0.714637935
general_aleatoire,-1.12491322,0.614346981,-0.695118189,-0.904045105,1.02476883,0.372224569,-0.424979448,-0.0430910587,0.432845354,1.87654793,0.897778869,-0.417637765
general_aleatoire,-1.46662235,-0.221706152,-1.02982306,0.969479561,-0.833226204,-1.08667517,1.69723821,-1.76616812,-1.07845354,3.14964199,1.78735757,0.351891845
general_aleatoire,-0.800282478,-0.843024492,-0.10276556,-0.522583485,-1.32791996,0.654970884,-0.580811024,-1.52704644,-0.400068045,2.43010855,0.77462101,-0.388530791
general_aleatoire,1.81578064,-1.77043271,1.4622848,0.333228827,0.308864117,1.53737354,0.696151257,-1.3930285,-1.93335819,3.06092286,2.81305695,-0.142175585
general_aleatoire,0.391232014,-0.644221067,0.658956766,1.18264079,-0.3226614,-1.69006824,0.804390192,-0.870744705,-0.357074022,2.29472756,1.26729441,-0.149398357
general_aleatoire,0.341187239,0.0185489655,-0.974348068,-1.97058797,1.73591185,0.766880274,-1.47576571,0.645370483,1.18957734,3.37734342,1.05616081,-0.195898235
general_aleatoire,-1.84639668,0.031794548,-0.526999712,1.00132298,1.9161272,-0.757138729,-0.317053795,0.0579583645,0.00778150558,2.46959662,1.71142435,-0.106923096
general_aleatoire,1.42734122,1.63972044,-0.132487774,0.869047403,-0.561120749,0.328280449,0.144621372,1.19121861,0.869450808,2.42518067,1.21721911,-0.868414938
general_aleatoire,1.45746493,-0.225746632,-0.17244792,1.75550771,-0.0995666981,-0.820216894,-0.45579648,-0.0981457233,1.86682439,2.72576308,1.49546754,0.0747575834
general_aleatoire,1.02771044,0.788664818,0.75648427,-1.66710782,1.45456409,1.45183825,1.9872365,-0.077760458,-0.292566776,3.11312604,1.89598262,-0.0879608244
general_aleatoire,-1.72498441,-1.55539656,0.19886899,-1.87833667,-0.331342936,0.90750742,1.51099753,1.49605465,-1.18402171,3.7913022,0.999078572,0.668546617
general_aleatoire,-1.11714983,1.30585837,-1.36620808,0.230754614,-1.7511797,-1.78155899,1.29081154,1.88738108,-0.754472256,2.89768481,2.36982512,-1.70253503
general_aleatoire,0.0504608154,-0.393212557,-0.836492777,0.0110006332,-0.122372866,1.35781288,1.43143106,0.603332758,-0.78038764,2.00520754,1.2538501,-0.380326301
general_aleatoire,0.460258484,-1.22929454,-1.29731178,-1.48371506,0.052759409,-0.808562517,0.861523867,1.12019229,1.89304352,3.00995922,1.66869342,0.0162341408
general_aleatoire,-0.113494635,-1.1943748,-1.09007359,-1.9618268,-1.33526015,-1.69879436,-0.669082165,-0.496590376,1.75969744,3.25434732,1.90856564,-0.838252902
general_aleatoire,1.2821784,-0.627893209,-1.97143173,1.95249629,-0.173077822,-0.0590782166,-0.683077574,-1.28334451,-1.79007339,3.0774045,2.3262589,0.454414338
general_aleatoire,1.56456017,-0.199054956,-0.158578634,-0.981005192,0.838685274,-0.592460871,1.93484616,0.822461128,-1.79929876,3.0408349,1.71038401,-0.121862039
general_aleatoire,0.0862038136,-1.61322188,-1.50141048,0.881826878,1.84565806,-0.872700214,0.543642998,-1.26279449,1.0634737,2.79088068,2.01970506,0.981212854
general_aleatoire,-1.84255266,-1.68314743,-1.91261315,-1.81176662,1.09794235,-1.92220783,-1.46226645,-1.24482393,-0.129117727,4.02412224,2.22731256,-0.786722183
general_aleatoire,-0.342366457,0.423587084,1.74330449,-0.28659296,-0.171761513,-1.89157343,-0.838979721,1.13400578,0.247740984,2.65493703,1.40639043,-0.223711014
general_aleatoire,-1.95794725,-1.55226183,1.0475595,0.438023329,1.57321787,0.273727655,-0.268640518,1.16797209,0.142169714,3.04211712,1.48011053,0.305933267
general_aleatoire,1.9467504,-0.0920665264,-0.996506214,-0.443165541,0.0386257172,1.54969811,1.63546157,1.5757339,1.14075947,2.78321218,2.38883686,-0.630064905
general_aleatoire,-0.656734705,-0.0503749847,0.460278988,1.78148651,1.70763016,-1.77105331,1.84823394,1.72399426,0.0358359814,3.81613278,1.238626,-0.405418962
general_aleatoire,-1.79797053,-0.188700914,0.18921876,-0.885222912,1.56176376,1.83548737,-0.94911623,-1.42874289,-0.111006021,2.72652817,2.2551198,-0.575133324
general_aleatoire,0.319318295,-0.702684641,-0.869799137,1.80857563,-0.883966923,1.29458237,-0.380125761,0.836005926,1.99517155,2.63419771,2.22246766,0.162230194
general_aleatoire,0.350507736,-1.78013492,1.28236699,0.314167261,-0.430932045,-1.66971159,-0.209792614,-1.38191676,0.920006752,2.84758782,1.59861434,-0.379915237
general_aleatoire,-0.241748333,-0.568981171,0.0418403149,-1.74439645,-0.964830399,-1.70266175,-0.734171629,-1.53854895,-1.65213203,3.466676,0.825166285,0.440164298
general_aleatoire,1.47872519,-0.787121058,-0.111094475,1.86623359,0.85152936,1.77882934,-0.428362846,-0.660486937,-0.965156317,3.0296824,1.60040331,-0.041150216
general_aleatoire,0.283415556,-0.611231565,1.63838148,1.1767292,-1.97526479,0.500864267,1.24273419,1.75055909,1.79347801,2.95299888,2.63836765,0.905357659
general_aleatoire,0.718818903,-1.6346972,0.280726433,-1.35420942,0.440783978,1.84298515,1.76948571,0.150160551,1.15280366,2.51206827,2.17249203,-1.46454298
general_aleatoire,-1.94321346,-1.90383506,-0.96947217,0.136558771,-0.200225353,0.753353596,0.771635532,0.994793892,0.932641506,3.26717997,0.827773929,0.249008343
general_aleatoire,-1.14743161,1.98168588,1.46870923,-0.84995532,1.82337236,0.152880192,-1.05313897,0.133294106,1.53046179,3.53153205,1.53846323,0.319159746
general_aleatoire,-0.377418995,-1.6120851,-1.32335258,-1.7771728,1.90982604,-1.48310494,1.41326857,-1.76903582,-0.00666809082,3.6867919,2.19339657,0.470469266
general_aleatoire,1.38004875,0.41298151,-1.76379943,-1.09095597,-0.91334343,0.175148249,-1.58497477,0.779880524,-0.81831193,2.55684018,1.91966295,0.899216533
general_aleatoire,0.0606679916,-1.63776231,1.96114063,0.672012806,0.445366621,-1.46669292,-0.516105175,1.40738368,1.08860803,2.95649719,1.96230614,0.416891396
general_aleatoire,1.26876402,-1.31815004,-1.94535327,-0.461936951,1.58290529,-0.612164259,-1.88422275,-0.272771835,-1.04141688,2.767519,2.25491619,-1.48014855
general_aleatoire,1.1271193,-1.87044358,-0.0633080006,-0.656626225,1.17605758,0.0554659367,0.30595541,1.18657947,-0.63172245,2.72746372,1.0250572,-0.0340995565
general_aleatoire,-0.648073912,1.23991489,0.821959972,-1.04684138,-1.24998236,-1.10246825,1.00239372,0.01801157,-1.05601358,2.33098245,1.65576637,-0.672321677
general_aleatoire,-0.95660305,-1.42582107,-1.9636519,-1.25836468,0.593189955,-1.27174759,0.0443751812,0.0514514446,-0.217928886,2.91248608,1.37649202,0.177441403
general_aleatoire,1.37919021,1.86787391,-1.68157983,0.284796715,0.827825069,1.45372629,0.617385626,-1.44219923,1.49007964,3.3583858,1.75495005,1.19222009
general_aleatoire,0.276825666,-1.02340984,1.47191834,-0.199560642,0.332422972,1.7033093,0.872056484,0.63997364,-0.5118258,2.39870572,1.09623504,-0.904781461
general_aleatoire,-0.4449265,-1.63020205,-1.47435069,-0.168398857,-0.950060129,-0.422082663,0.324861765,1.4682405,0.872671604,3.00554109,0.357411027,-0.012465897
general_aleatoire,-1.024019,-1.50231266,1.86693668,0.398388863,1.83255243,0.201405048,-1.00947356,0.0558216572,-0.607792377,2.8973968,1.48670375,1.06531942
general_aleatoire,0.760492325,1.58222294,1.3497982,1.8664887,-0.70804143,-0.226243734,1.55604863,-0.716012001,-1.35746574,2.93890095,2.17650485,0.58513391
general_aleatoire,0.104375839,-1.30790472,0.751076698,-0.932911873,-0.906101942,-1.52187657,0.945892572,-1.07872319,-1.79337072,2.74537683,1.5233289,1.30766559
general_aleatoire,-1.57435298,-1.80282211,1.28700948,-0.454849243,-1.44412422,-0.586107254,0.989190102,-0.737467289,-1.8083446,3.0452342,2.34593868,0.191409692
general_aleatoire,-0.0359210968,1.79408121,-0.717065811,0.844640255,-1.23096848,-1.97281384,-0.762121916,1.05542588,1.89961696,3.39723516,1.90171754,-0.021435719
general_aleatoire,0.0563275814,-0.355546474,1.11746049,-0.221148968,0.0899870396,0.306179762,0.564099312,1.93336296,1.14532661,2.34512115,1.15221894,-0.264057964
general_aleatoire,-1.03359509,-0.379567862,0.725128412,-1.98916745,0.86393857,1.39978576,0.429297447,-0.476438761,-1.64568686,3.16762018,0.998507261,0.699656308
general_aleatoire,-0.0158293247,0.707489014,-1.96893358,-1.74362135,-0.031632185,0.38457036,1.94594955,0.958324671,-0.886929512,3.0677259,1.85387981,0.458843917
general_aleatoire,-1.15612054,-0.418327093,1.36648798,0.748759985,-1.87858486,1.25917459,1.37525129,-0.330433607,-0.158684015,2.57039523,2.09412742,0.295849562
general_aleatoire,-0.761324644,-1.12964845,1.7513032,-1.46488762,0.708579779,1.81322861,-1.52391481,-1.70933771,-1.7242887,3.2053225,2.6877358,1.2561332
general_aleatoire,-1.20362639,-0.0658006668,-0.608710766,-1.11963987,0.480939388,-0.984061003,0.179204226,1.51076865,-1.49742603,2.51172066,1.58743358,0.0705833584
general_aleatoire,-1.64173603,-0.841088295,0.861456394,-1.04499292,-0.915431023,-1.14582872,1.04131269,-0.355422735,0.889645338,2.43768311,1.6596359,0.832596898
general_aleatoire,0.816125631,-1.97043252,-1.13018847,0.0365414619,-0.533284664,-1.44272208,-0.436330318,1.46490788,1.90582609,3.62246418,1.0195241,-0.00143485586
general_aleatoire,1.48634338,1.81866527,-0.326617002,1.20055032,-0.222417593,-1.03336453,-0.786868334,-1.72785091,0.866425037,3.20684481,1.37956631,-0.591892302
general_aleatoire,-0.73238349,-0.565354586,-0.932821989,-0.928830147,0.0237030983,-0.271075964,1.11091161,-1.63405013,1.43329167,2.59976721,1.26658583,-0.508407474
general_aleatoire,0.986412764,1.37945628,-1.94961452,-0.561297894,0.577940226,0.748937368,-1.26854205,-0.748663425,-1.07038403,2.63389468,1.85363877,-0.910452545
general_aleatoire,-1.75637794,0.542527914,0.806260824,1.97177386,-1.96069002,1.11086988,-0.363269806,-1.09664154,-0.682482958,3.31128216,1.46552241,-1.2975018
general_aleatoire,-1.29590106,0.773509979,1.46493125,1.0649817,-0.223264217,-0.78362155,-1.4517889,1.24650788,1.44884562,3.42375064,0.473064572,0.191219226
general_aleatoire,-0.824333191,1.26436925,-0.214694738,1.93562531,0.908073902,1.63897467,0.771680832,1.40716124,1.94947386,3.57777476,1.6989044,-0.520599484
general_aleatoire,-1.78970242,-1.09935594,-1.58233857,0.649271488,0.27593255,0.438727617,0.125916958,1.66039371,-0.168147326,2.86670017,1.47566783,-0.105157219
general_aleatoire,-1.37455153,-0.412842751,1.00719261,-0.275158167,0.273074389,0.277191639,-0.90133667,-1.99169397,-0.102260351,2.46372032,1.42059851,0.0554733388
general_aleatoire,-0.957165003,-0.664893627,0.0731186867,0.31725359,0.888864279,1.55600238,-1.30337334,0.277219772,0.187524557,1.90468776,1.59110975,0.571664929
general_aleatoire,0.526889563,0.857838631,0.0749912262,-0.221489429,-1.79533815,-1.89167547,-1.06856585,-0.202927589,-0.0319931507,2.73373556,1.17785561,0.439587504
general_aleatoire,-0.814220667,-0.759058952,1.71859837,-1.27294564,-1.50154662,0.016531229,0.609903812,-0.708760977,-1.78912115,2.78150916,2.04697418,0.465182662
general_aleatoire,-0.96756959,-0.215318441,-0.144058466,0.215917826,-1.46686316,-0.808180332,1.7109828,-0.179697514,1.47080827,2.43596935,1.65384758,0.555555284
general_aleatoire,-1.3457849,0.830482244,-0.783504725,-1.57514477,0.484425068,1.10350895,-0.79279995,1.23182917,1.59897208,2.91714287,1.66029489,0.696091294
general_aleatoire,1.07105827,0.513627768,-1.54413652,-0.245404005,0.575631618,-1.84497237,1.33729911,-0.00180673599,0.309413433,2.58407497,1.67222726,0.0339995772
general_aleatoire,1.05910492,0.585629463,-0.937769651,-0.166546106,1.22709417,0.114829063,-0.992773056,-1.8624928,1.29498553,2.93553042,1.17505932,0.155314714
general_aleatoire,0.555851936,-1.65892673,-1.67421126,1.46473479,-0.259941816,-0.0032544136,-0.829379797,-0.813849688,0.181711674,2.50326443,1.65828907,0.666338146
general_aleatoire,-0.939547062,-1.46633482,-0.271957874,0.766573429,1.99619794,1.18004608,-1.11869049,-1.34658241,-1.58713341,3.7127893,0.83117801,0.424124718
general_aleatoire,-1.5827477,0.340140581,-1.41793823,-0.0458302498,1.50851011,0.0967850685,0.112756968,0.667741537,-0.130956173,2.18102384,1.61167276,0.199484661
general_aleatoire,-0.931423903,-1.57315278,1.6426599,0.598223925,-0.257311821,1.47199821,-1.48365545,1.31274343,0.969194889,2.73437762,2.13671398,1.20542586
general_aleatoire,0.504218817,0.572417259,-1.6988852,-0.737026453,-1.55041194,0.486074686,-1.80276418,-1.1205523,-0.970083237,2.73318362,2.06129193,0.615470111
general_aleatoire,-0.220642567,-1.45735431,1.59765005,-0.959807873,-1.46586323,-0.459767818,-0.453214407,1.77193093,1.2845695,2.76407719,2.1019206,-0.971334815
general_aleatoire,0.441504002,1.87796354,1.33989501,-0.184295654,0.841405869,0.0279984474,-1.54998755,0.288687706,0.943681479,2.54216433,1.70258713,0.524059772
general_aleatoire,1.72939253,-0.899604559,1.432827,0.556431293,-1.31759572,-0.636152267,-0.252968788,1.99068904,-0.143998384,2.9411962,1.81433964,0.639180958
general_aleatoire,-0.945794106,1.15638423,-0.883478165,0.411571503,1.72268891,0.616881847,-1.9014225,1.99279952,0.7867558,3.35886502,1.51729262,-1.07301784
general_aleatoire,-1.70016003,0.901305437,-1.10796094,1.3455143,-0.368416309,1.89775705,-0.608870506,1.90240765,-1.91341782,3.99928832,1.27620816,0.711425722
general_aleatoire,-1.73889303,-1.63288975,1.28735709,0.723813057,0.585239649,1.51729774,0.589368343,0.0569078922,-1.4866004,2.9787488,2.02474093,-0.322527438
general_aleatoire,0.156764269,0.600748539,-0.979626417,1.92993021,1.07150531,1.64727426,1.00717831,-0.243477583,0.353462696,2.89573193,1.1333214,0.678492546
general_aleatoire,-1.84020829,-1.14934301,-0.550826073,-1.61192727,1.30556107,-1.74304581,0.80599618,0.370784044,-0.162625551,3.01960087,1.98314178,0.338363707
general_aleatoire,1.3001411,-1.77959394,1.43332171,-0.292421103,-0.145511866,-0.123900414,1.13708496,1.71422195,1.78752065,2.87654233,2.4812634,-0.171329767
general_aleatoire,0.564344406,-0.899319649,-0.753388405,-0.408158779,0.101272821,1.72591591,-1.73577881,-0.647076368,1.89027286,3.18136835,1.13600028,0.666074514
general_aleatoire,1.65550494,-0.559760571,1.92417932,-0.0885307789,0.647242785,-0.578864336,1.26756096,0.730046749,0.998182058,3.04140472,1.17899668,0.119203523
general_aleatoire,0.648928404,0.79813695,0.861289024,-0.772275925,-0.927427292,-1.77162266,-0.737326145,-0.627793074,-1.4989953,3.07233763,0.35643512,0.116555184
general_aleatoire,0.667743921,0.622039795,-1.58988333,-1.84081149,-1.95232821,0.390729189,-1.44123054,1.47878337,0.862943649,3.02685976,2.2922287,1.14272046
general_aleatoire,1.5633285,1.89117479,-0.203849077,1.93225861,-0.162785292,-0.0240836143,-1.69212341,1.47740912,0.683059931,3.05028892,2.420542,-0.414849967
general_aleatoire,0.947305679,1.28503752,0.00416088104,-1.02137995,0.291042089,-0.314796686,-1.45109153,1.35535717,1.75064564,2.70352054,1.66554964,0.836711943
general_aleatoire,1.50848174,-0.592281103,-1.02728009,-0.21540308,0.202282429,0.686640739,-1.23002744,-0.664390326,-1.59248495,2.21451449,1.95274055,0.116321638
general_aleatoire,-0.982963562,1.6444819,0.52419734,1.28202987,-1.90006375,1.04013944,0.882900238,-1.80493474,0.0560934544,3.62026882,1.08866239,-0.173120201
general_aleatoire,1.37491512,0.423014879,-0.247823715,0.527520418,-0.630419731,0.10820055,0.185905218,0.330135107,-1.63458705,1.82854462,1.35517609,0.673432529
general_aleatoire,0.735152721,1.02658606,1.01247525,0.329740286,0.909809351,-1.2536397,1.4784658,-1.24707127,-1.24222636,2.47629952,1.56717408,-1.35041058
general_aleatoire,-1.2630055,-0.395408154,-1.77199054,1.79118419,0.351193666,-0.413637877,1.3613925,-1.50051975,-1.93000722,3.09851885,2.44403291,0.806235313
general_aleatoire,0.101780415,-1.80398154,-1.56203628,0.291080952,-1.18858719,1.27798271,1.99327493,-0.693044662,0.165450335,2.59928918,2.1407609,-1.40607333
general_aleatoire,-0.601542473,-0.86376667,0.385385752,1.97909975,-0.903148651,1.86623549,-1.89356661,-0.237043858,0.940913916,2.99164152,2.15682578,0.630161941
general_aleatoire,-0.958387613,0.502599478,1.35359836,0.323023796,0.862482786,0.966736317,0.747765541,0.700923204,1.57245493,2.56959605,1.26063657,-0.342306316
general_aleatoire,-1.17647219,0.757668495,-0.59007597,-0.864808321,-1.49555945,0.775452614,-1.48057199,-0.776746035,0.704782963,2.53642106,1.63988614,0.24848555
general_aleatoire,1.03695583,1.43440032,0.47899127,1.85093021,-1.69035387,0.513388395,0.0513412952,-1.26359487,-0.626796246,2.73717809,2.05622101,0.425457925
general_aleatoire,-1.57739878,-0.685717583,1.25140381,0.409025192,0.315025806,-0.71070075,0.473140001,1.10757494,1.12584829,2.28346872,1.65727198,-0.231049746
general_aleatoire,-1.71683431,0.813108683,0.641552925,1.33783293,1.23677921,-1.77514458,0.691326618,0.990082502,-0.0110833645,2.92704511,1.67984414,-0.748107016
general_aleatoire,1.40341091,1.80122805,-0.855459929,-0.800246239,0.561789036,-1.92332864,-0.743351936,-0.272042751,1.83188415,3.17036152,1.94090104,0.874688268
general_aleatoire,-1.86795235,-1.86630583,1.81574678,0.31917119,-1.16032791,-1.33398604,1.15570807,0.848880768,1.0982883,3.27103949,2.29259086,0.896578729
general_aleatoire,-1.29643893,-1.12908459,-1.05846715,0.484905958,-0.0225169659,-1.80768418,1.65933967,-0.0657017231,-1.15314269,2.59367561,2.16284108,0.511595428
general_aleatoire,-1.9414115,-1.42304015,1.68457532,1.03590727,1.90434408,0.00247812271,-1.11086917,1.64714026,-1.16757607,3.58934402,2.06684542,1.21928132
general_aleatoire,-1.41354179,1.01488066,0.583711386,-0.98648262,-1.06848359,1.58030605,-1.37295842,0.295716524,0.733717442,2.75467968,1.69689345,-0.155150592
general_aleatoire,-0.596889734,0.374738455,1.33077478,1.01930976,-0.0263733864,-0.762149811,1.64653158,-0.208113432,1.71205688,2.46572518,1.84974527,-0.269045889
general_aleatoire,-0.378113508,-1.33831954,1.93635774,-1.99070644,-0.831004381,1.93572354,-0.820731163,1.6245501,-0.581807375,3.67115593,2.02630615,-0.389891803
general_aleatoire,-1.77821922,0.258376122,1.33213687,-0.990709066,-0.168780327,1.66115975,-0.964153767,-0.937257767,1.51498604,3.4186511,1.02298737,-0.37736243
general_aleatoire,1.58326292,-1.21333122,-1.58609986,1.78919983,0.626250744,-1.17751408,1.62794185,0.454732656,-1.32500243,3.73242331,1.46295166,-0.126366526
general_aleatoire,-1.10765481,1.8733077,0.182674646,-0.188466787,0.735900402,1.78286028,-1.2390883,0.707280159,0.0835430622,2.75598145,1.61958134,-0.591014087
general_aleatoire,-0.793652534,-0.123761177,-1.24678993,-1.71585035,-0.785059929,1.27323127,-1.6279304,-0.657270432,-1.42452836,2.77694321,2.1825757,-0.132883355
general_aleatoire,0.298328638,-1.58135843,0.0591368675,-0.30822587,0.053041935,1.18231344,-1.57111049,-1.43446589,-0.306071997,2.37825823,1.28261542,1.18634713
general_aleatoire,-1.47871828,-0.190533161,0.573715687,0.934571266,-1.21126819,1.36007524,-1.60956001,0.179929018,-1.33260584,2.86029816,1.60277402,-0.625431359
general_aleatoire,-1.65286827,1.69492555,-1.05260229,1.28588486,-1.34026408,-0.583741903,-1.50153995,0.623282909,-0.536402941,3.4436357,1.12780356,0.550946891
general_aleatoire,0.149102688,-1.08242607,0.708497047,-1.12678766,0.730684519,-1.78122735,0.51493597,-1.92931986,-0.935594559,2.58539414,2.14400172,0.503916025
general_aleatoire,-1.58892703,-1.84397435,-1.31121016,-0.177732944,-0.276065111,1.56389546,0.0420808792,0.277988911,-1.43763256,2.91633582,1.9575789,0.0804920122
general_aleatoire,1.32956409,-0.300866842,1.96649718,-0.633004665,-1.34553528,-1.26630545,0.767110348,-1.97263718,0.697174072,2.97319365,2.38030934,0.0107957013
general_aleatoire,-0.131928682,1.91982174,0.742606878,1.94240284,-1.09489083,0.746714354,-1.47277284,-1.02554107,1.5481708,2.61109972,2.41930246,-1.65246618
general_aleatoire,1.19422317,-0.899900913,-1.57188368,-1.10554957,1.12279701,1.42838764,1.64078426,1.26842833,-0.468666553,3.13657212,1.97512817,0.107368462
general_aleatoire,-0.206614256,0.522541046,-0.0430445671,-0.279429197,-1.12900519,-0.248939991,-1.68679333,-0.75851655,0.29372716,2.02846456,1.03944206,0.209957883
general_aleatoire,1.04851842,-1.60662055,1.74470615,-0.20290184,1.76300335,1.76198864,-1.30087495,1.81133747,1.49897456,3.61724353,2.58978033,0.638204575
general_aleatoire,-1.04267097,0.949725628,0.496453524,-0.98865056,-0.103695154,-1.73086166,1.50274038,-0.928010941,-0.9142766,2.47548914,1.99650526,-0.246833622
general_aleatoire,1.6488328,-1.98519039,0.532714605,-1.34975529,0.884218454,-0.601908922,-0.971390724,-0.737115622,0.877552509,3.11439013,1.51366413,-0.419314265
general_aleatoire,1.16545153,-1.88751411,0.722242594,-0.498714685,-0.80177474,0.507013321,-0.169024944,-1.41561389,-1.61776376,2.59037828,1.93509865,0.886717737
general_aleatoire,1.29201412,1.59258556,-1.05987501,1.74169922,0.609124422,1.91921401,-0.379211664,1.47421122,0.384174347,2.84821749,2.22532511,-1.34802461
general_aleatoire,-1.30415654,-1.57019782,-1.81521416,-1.93234897,0.318386793,1.6382575,1.65041995,-0.921480179,-1.29059458,3.49302769,2.61185813,-0.442920297
general_aleatoire,1.27870798,-1.97182846,1.997401,1.22198415,-1.15427518,-1.69281745,-0.939317226,-0.345175982,0.651438951,3.09996724,2.52505112,-0.802617729
general_aleatoire,0.715549231,1.86179447,-1.05280972,1.66325736,-1.66414976,0.0115020275,1.0800848,1.1804409,0.520700216,2.81396413,2.11015129,-1.04051363
general_aleatoire,-1.45701671,1.95396185,1.90975261,-0.622767925,1.85741282,-1.75295067,-1.34508419,0.937400103,-0.802307606,3.44068432,2.72474313,0.753533304
general_aleatoire,0.0869336128,-1.59938002,-1.14718437,-0.913129807,1.12691593,1.26382303,-1.18497825,-0.486737728,-0.957353592,2.77873492,1.50010026,0.410541624
general_aleatoire,-1.64641213,-1.62988591,-0.631098032,-0.402271032,1.92553329,-0.324283123,0.518734217,0.0582470894,-0.335356236,2.71409607,1.58211529,0.505648375
general_aleatoire,0.835856915,-1.33384609,1.62440348,1.94470716,-1.44906378,1.28339601,-1.78260779,-0.87409091,-1.92587519,4.01089716,1.91622365,-0.732651472
general_aleatoire,-1.71972537,-1.4255147,-1.77349782,0.631797791,-1.51848745,0.909908295,0.323074102,1.1460228,1.71505356,3.43988824,1.88074827,0.81046778
general_aleatoire,-1.02516723,-0.0130264759,-0.776420832,1.37178183,-0.0674614906,-0.216453552,-1.74726772,0.834334135,0.444566011,2.5347507,0.981619358,-0.381201088
general_aleatoire,0.927490711,1.9349401,-1.30414534,-0.556774855,-0.555135965,1.01138973,0.549208403,0.000135660172,-1.71721363,3.08523846,1.29330301,-0.0723513886
general_aleatoire,-1.48875284,-0.553839445,0.32894969,0.139197826,-0.800503016,1.98489785,-1.86238718,-0.101865768,0.539718866,2.63361478,1.98191321,0.370924324
general_aleatoire,1.26422691,1.43572927,-0.2717309,-0.620921135,1.18556285,-0.438817978,0.381659031,1.56408668,1.54638171,2.66808343,1.44619417,1.22076583
general_aleatoire,1.25443506,-0.356230021,0.859811068,0.417217493,-1.00481176,0.520074606,1.64086652,-0.330468416,-1.38233709,2.29027414,1.69039702,0.709709704
general_aleatoire,-1.4227519,0.507081985,-1.62576246,-1.88479543,-1.93331385,0.574879169,1.49413705,-0.891422749,-1.05410051,2.93383646,2.19315434,-1.80720425
general_aleatoire,-0.201292276,-1.1539731,-0.618942022,0.944141388,-1.30897307,-0.719935656,0.487923145,0.0241787434,1.52790213,2.21816397,1.4579618,0.636881471
general_aleatoire,-1.3499558,1.83633685,1.83898282,-1.23061466,1.40632558,0.869490862,1.45515847,0.657357454,-0.372905016,3.60288072,1.53664041,-0.413763225
general_aleatoire,-0.626488924,1.04944468,-1.9236033,-1.42449546,0.75916481,-1.9655242,1.78197932,-1.92010832,0.528480291,4.01117373,1.55285859,-0.550952196
general_aleatoire,0.346406937,-0.258829117,-0.178420544,0.100615501,0.0720613003,-1.20148492,-1.97014761,1.00217652,-0.309253693,2.26983666,1.22418356,-0.0916474089
general_aleatoire,0.98567915,0.872272491,-1.41793084,-0.229225397,1.5119133,0.928876638,-0.923241138,-1.06792426,1.92902422,3.0727241,1.78081119,0.212692067
general_aleatoire,1.25256801,-0.468388081,0.353724957,-1.28846383,-1.15694761,-0.593119621,-1.05311823,-0.239278793,0.512121677,2.21430016,1.10557723,-0.753026128
general_aleatoire,-1.72276902,1.31975818,0.312873363,-0.33748889,0.390529633,-0.966798306,0.955721617,1.46804643,-1.88332057,2.70507669,2.22894382,-0.581829786
general_aleatoire,0.677073002,0.164952755,-0.207658052,-1.78837037,-0.0483994484,0.804576874,-1.18297434,-1.77708817,0.507210493,2.73100877,1.31386161,0.0824972019
general_aleatoire,1.64691138,-0.565030098,0.808330059,1.98258066,0.029558897,-0.0792660713,-0.23398447,-0.0564577579,-1.4773097,2.7109046,1.52236748,-0.443316042
general_aleatoire,0.263406992,-0.836002588,1.6670239,1.47583628,1.20327234,1.6178112,-0.19547987,-1.99700928,0.874796867,2.75006795,2.63423085,-0.282849491
general_aleatoire,0.376545429,0.344941854,0.877202272,-0.0305318832,0.474987745,-1.23073697,-1.67328095,-0.144255161,-1.12910056,2.35224175,1.06274378,0.452321827
general_aleatoire,-1.01672578,-0.998639107,1.65936852,1.32689834,-0.658372879,-0.147202492,1.80905604,-0.0526871681,0.132220984,2.61399913,1.78802717,0.51303798
general_aleatoire,1.73957205,0.526177406,0.54834342,0.171761751,1.59467077,-1.48247766,-0.173964739,-0.496715307,-1.40225506,2.30752158,2.0688858,-1.00609922
general_aleatoire,-1.60341573,1.7197423,0.491816044,-0.165179729,-0.212503433,-1.27347445,1.11193967,-0.790417194,-1.11811829,2.94130564,1.34537232,-0.338480294
general_aleatoire,-1.79678965,-1.34173584,-0.126797676,-0.374671221,1.41251254,1.70634151,1.73432159,0.841687202,1.73040867,3.50039649,1.91464138,-0.940187335
general_aleatoire,-0.324305534,-1.49907994,0.069088459,-0.471784592,-1.66314816,-1.8870852,1.93830347,1.42066121,0.665629148,3.50627685,1.37425876,0.970936537
general_aleatoire,-0.564977169,-0.858383894,0.524467945,0.343233347,0.85959363,-1.56207061,-0.280621529,1.86334658,-0.774230719,2.74163151,0.997768104,-0.515771806
general_aleatoire,-1.30086017,1.84885144,0.592121124,1.85795283,-1.01818228,-0.842254639,0.870245457,-0.081499815,1.10728526,3.20108032,1.37182629,-0.721388936
general_aleatoire,1.8913765,0.693678856,-1.98052645,0.457997799,-0.349287033,1.56987619,-1.5981698,-1.68549323,0.0366318226,3.40409303,1.95103085,0.882757306
general_aleatoire,-0.676341057,-1.90132022,-1.00685024,-0.372406483,1.95205569,-1.11720371,-0.442440987,0.133233309,0.930450678,2.73543549,1.82040322,-0.752544761
general_aleatoire,1.98397446,0.738900423,1.20214438,-1.15167522,1.38256836,-1.04400945,0.541059732,-0.874861956,-1.83376074,2.89022112,2.0769465,-1.4173243
general_aleatoire,-0.355490923,-1.17280936,-1.06269979,1.70025802,-1.92139411,-0.535547733,1.51757216,-1.58545327,1.86243916,3.51522732,2.19631624,0.778054535
general_aleatoire,0.809621334,-0.633718491,-0.802169323,-0.64597249,-0.924572468,-1.97163296,1.99190974,0.721002579,1.43255568,3.28714967,1.60208547,0.166575655
general_aleatoire,1.30175948,-0.36824894,-1.41356683,1.92104483,-1.3613348,0.600452662,1.16033292,0.968089581,0.465162992,2.7524569,1.60677183,-1.44040155
general_aleatoire,-1.87394786,-1.82055783,-1.51357913,0.490187883,0.532340288,-0.764329195,1.5960958,-0.525099516,0.494974852,3.20329142,1.41602516,1.01338565
general_aleatoire,1.07892561,-1.46390057,1.24374056,-1.53695989,-0.398573637,1.37674356,1.78861165,-1.44279075,-0.374149323,3.04829574,2.27786493,0.458797306
general_aleatoire,0.0809276104,1.08734393,-1.85154676,-0.0644910336,-1.67732096,1.59012914,0.689393044,1.63104486,0.75672555,3.17799687,1.88228118,-0.16948165
general_aleatoire,-1.65033293,-0.63412261,1.74597311,-1.13756108,1.30213928,1.25484085,1.16524267,-1.13158727,-1.19635487,3.48984766,1.62083375,-0.042133566
general_aleatoire,0.168108225,1.22047663,1.87283516,1.40053082,-1.40859032,-0.843398809,1.76350498,1.80904031,-1.26842785,2.93111753,2.72298431,1.29137993
general_aleatoire,-1.80055952,0.269772768,-1.40036321,-0.491969347,0.150324345,1.85971427,0.303169727,-0.905832052,0.580600262,2.62836266,1.6331687,-0.82035774
general_aleatoire,-0.401368141,-1.93212366,1.93144035,1.8414669,0.145881414,-1.82164764,0.0105204582,-1.42775226,-0.968886137,3.42904425,2.13409352,-1.0099349
general_aleatoire,-1.94394207,0.805454016,0.267433643,-1.94250822,1.72906733,-1.8019495,0.663788557,0.397434235,1.29062986,3.6639955,1.6025033,-0.883536279
general_aleatoire,-0.633301735,-1.94687533,1.81326532,0.168061018,1.61276269,-0.161748171,0.85482502,-0.00412845612,1.27258229,3.11484599,1.53581131,-0.651124597
general_aleatoire,-1.71114731,0.669327259,0.737741232,-1.4976716,0.0128815174,1.06217337,1.06059527,-1.15923214,-0.0588376522,2.9265306,1.09423018,-0.0436739437
general_aleatoire,-0.706228733,-1.40247369,1.27693677,0.593027592,0.146102428,-1.31045461,1.43976283,1.48957825,-1.14785886,3.29335499,0.861988842,0.454650879
general_aleatoire,0.452464819,0.43111372,-1.37118459,-1.66483617,1.84935212,0.572243929,0.073461771,1.05013609,-1.70840621,2.60492754,2.45531368,-0.05096123
general_aleatoire,0.339723349,0.50733161,-0.935074091,-0.987204552,-1.8746295,1.21477365,-1.52220464,1.27128816,0.489211798,2.64449763,2.0516367,0.426229358
general_aleatoire,1.91578937,1.73768067,0.00747799873,-1.17386246,-0.180172682,0.940104485,1.01390219,1.4658041,-1.47011757,3.46708035,1.30759859,-0.769035876
general_aleatoire,0.0835285187,0.187661886,0.677062988,0.184990168,1.26006126,-1.64210773,-0.957299471,-0.328063726,-0.812417507,2.18080878,1.27514505,0.348210931
general_aleatoire,1.4131391,-1.99749017,1.42461443,1.85237646,-1.60304952,1.67017937,-1.63711667,1.05827284,-0.949218273,4.59164143,0.608071029,0.234961525
general_aleatoire,-1.68369603,1.49906421,-0.209988594,-1.48438978,-1.59243321,0.879987001,-1.93631911,-1.59533763,0.464731693,3.44919038,2.26986647,-0.317739815
general_aleatoire,0.492551327,1.84331751,-0.575731039,1.61147189,1.15565562,0.787019253,-1.06523824,-1.61343789,0.55680728,3.23937583,1.40496051,-0.322727412
general_aleatoire,-0.903343916,-1.05727005,-0.719773293,0.854640961,1.05260015,1.49471211,1.20899653,-1.49279284,-0.459575653,2.65022564,1.7922374,-0.435854077
general_aleatoire,1.46638274,-0.328464031,0.374300957,-1.82196403,-1.49155807,-0.843453169,-0.289832592,-0.194859505,-1.35655904,2.86670971,1.13346756,1.05519342
general_aleatoire,-1.53206801,0.801391363,-0.18693018,1.03547239,1.41270304,-1.57681394,0.325284004,0.0245592594,-1.68428063,2.74892211,1.73625195,0.975063801
general_aleatoire,1.2585001,-1.23331475,1.74465203,-0.101822615,0.0540714264,-0.554051638,1.8011167,-0.565092087,0.142755747,2.91225362,1.23571491,0.210902467
general_aleatoire,0.117069721,-0.423238039,0.337583542,1.39281249,1.18744612,-0.0280692577,-0.636133909,-0.112390041,1.22186494,1.99304831,1.17526138,0.462938756
general_aleatoire,-0.0387501717,-0.645555258,1.3871398,-1.7782681,1.32776594,0.216750383,-0.385920048,0.35160923,-0.666800737,2.32046914,1.61627209,0.186693951
general_aleatoire,1.73816085,-0.0322880745,0.904245138,0.291090012,1.6710906,-1.04665136,1.63338876,1.17582011,0.418296337,2.75866795,2.09300876,0.217280075
general_aleatoire,-0.0540690422,0.111048222,-0.663817883,0.229763746,-1.57271624,1.91332316,-1.04461956,1.09267068,1.79712462,2.79224801,2.08229804,0.15857093
general_aleatoire,-1.57493639,-0.779601336,1.1137135,-1.32456303,-1.31784797,-0.157309055,-0.210597992,-0.771649122,-1.1581614,2.64445448,1.68231726,-0.0479356013
general_aleatoire,-1.85936308,0.758332253,-0.707419157,1.50923872,0.176434278,-0.838552475,0.206849337,-1.67195725,-0.573764324,2.54984808,1.65042424,1.21928263
general_aleatoire,-0.806027651,-0.210789204,0.689447403,1.86207151,-0.68495965,-0.490606308,-0.887551546,-0.967092752,-1.26225924,2.2393868,1.80126572,-0.635238826
general_aleatoire,-1.02613187,-0.00993442535,-0.168941736,-0.89620471,1.03808045,0.924041271,-1.17604733,-1.69351053,0.837184429,2.29377365,1.7152077,-0.751559079
general_aleatoire,0.656131983,-1.91540074,-1.0497601,-0.324268103,-0.0428831577,1.10346007,-0.855640411,-0.645068407,0.891074657,2.38792944,1.61604738,0.39282313
general_aleatoire,0.254948378,1.78122807,-1.18008327,1.66830707,0.967981339,0.33370471,-1.79088378,-0.149559021,1.41017056,3.03273201,1.64696407,-1.33049738
general_aleatoire,1.27320194,-1.20721459,0.733305216,1.49759197,-1.26574373,-0.589883089,1.28367662,0.890734196,-0.284462452,2.66781497,1.55582654,0.890682876
general_aleatoire,-0.723098993,-1.24405742,1.6236465,-0.872810602,-1.4934516,-0.929892063,-1.28592086,0.0768277645,-0.027879715,2.39296055,1.81466997,-1.09756935
general_aleatoire,-1.06251979,-1.67224646,-1.50573421,-1.21607947,-1.50523663,1.77506542,0.33310461,1.90595841,0.939037085,3.35608029,2.46895313,0.595364213
general_aleatoire,-0.494962692,-0.713868141,1.69314408,-1.86139727,0.179298639,-1.49110055,-0.921030283,1.65877819,0.80959487,2.6001122,2.1540637,-1.48201621
general_aleatoire,-0.0258255005,0.635607004,-0.185709,1.95650125,-1.84780335,-0.939810991,0.91454792,0.688237906,0.112272263,2.87832952,1.21332335,-0.361122847
general_aleatoire,-1.79190516,-1.19167638,-1.54541588,-1.55970502,-1.9843266,-0.466448784,1.99784255,1.34864783,1.20909476,4.45553541,0.99577713,-0.189476192
general_aleatoire,1.46117806,1.14689183,0.411385298,0.0389041901,0.910145521,-0.799731731,-1.53937697,-1.394943,0.352504253,2.86285686,1.12840521,0.24422954
general_aleatoire,-0.861301184,0.667862654,-0.496115208,-1.1971488,1.02524018,1.52061892,0.15864706,-1.22001314,-1.69006562,2.9466939,1.28680277,-0.511499941
general_aleatoire,-0.746090651,-1.9278841,0.482227325,-1.5906713,0.55340004,-0.358005285,0.797538757,1.73277164,-1.55195332,3.1670897,1.72148502,0.723700941
general_aleatoire,0.5496099,1.39785767,1.20730352,0.131388426,-0.134501696,-0.114712954,-0.553335905,1.92439032,-1.56639862,2.56030321,1.90821767,0.169670001
general_aleatoire,0.961513042,1.50373197,-1.52797604,1.13263988,1.02615666,-1.32752776,-1.61900449,0.0490422249,-1.89011788,3.18245792,2.3695085,0.268598437
general_aleatoire,-0.0505008698,-0.385496616,0.500365973,1.97431254,1.78474736,-1.30046439,0.319085598,0.690577269,0.160868883,3.05482054,0.565662742,0.358683079
general_aleatoire,-1.3064158,-1.79870844,0.899147749,-1.74837017,0.0214145184,-1.25061297,0.71988678,-1.87011695,-1.18850732,2.704391,2.19343853,1.91704237
general_aleatoire,0.97341156,0.982513189,0.893321037,1.98247623,-1.45577526,0.662601948,1.34431553,-0.0260801315,-1.38085604,2.75184751,1.7688092,1.4875139
general_aleatoire,1.69269586,-0.795297861,-1.93659282,-1.00409245,0.919693947,-0.510771751,1.554986,-0.981344938,-1.75330186,3.74827743,1.32266998,-0.138140827
general_aleatoire,-0.0441963673,-0.199743509,-0.370368481,-1.1811223,1.94627786,0.266072512,-1.77629471,0.598171711,-1.43127465,2.87986255,1.64057934,-0.0966265723
general_aleatoire,-0.789507389,-1.78869653,-0.160073519,0.503364563,-0.882642269,-1.78196311,-0.522435427,1.34575891,-1.36184025,2.40942621,2.24852157,-1.06472349
general_aleatoire,0.0477542877,1.54223776,0.108030319,-1.95995855,0.246377945,1.52963662,-1.31674528,0.286715508,-1.20923901,2.55058336,1.75985181,-1.51990294
general_aleatoire,-0.673368692,-0.72473073,0.892228365,0.373985529,0.031008482,-1.15952897,-0.00356554985,-1.53467321,-1.55943108,2.38972449,1.52639556,0.0803704709
general_aleatoire,1.88046741,-0.441936016,-1.9120729,-1.03574276,1.21078944,-1.93721652,1.15214038,-0.559601545,-0.811143637,3.13123035,2.48142314,-0.124666229
general_aleatoire,-1.64071155,-1.45749354,-0.972679853,-1.41748548,-1.6299336,0.789726257,-1.59623361,0.571226358,-1.20395494,3.23584127,2.0772481,0.768170297
general_aleatoire,1.13098264,1.9993968,1.74992466,-1.99126363,0.767709255,0.554690361,-1.37659407,-1.43502522,-1.02622962,3.62477398,2.24636793,0.153090566
general_aleatoire,1.68251252,1.36877489,-1.62546849,-1.16277575,1.82025266,-1.70991087,0.44370532,0.813120127,-1.99492788,3.89155102,2.05340934,-0.642510593
general_aleatoire,-0.389894724,1.57602859,1.68016005,0.0868470669,0.601020098,-0.94932127,-1.63832426,1.06911659,1.79142618,3.43703556,1.12597656,0.827096403
general_aleatoire,1.70666218,-0.96577096,-0.0652368069,-0.651150227,-0.737786293,-0.390958548,1.15578032,-1.79510283,0.727141857,2.85990524,1.20163095,-0.659409821
general_aleatoire,-0.013938427,1.55500984,-1.50672626,0.770056009,-0.396118879,-1.02588677,-0.597161055,1.72663689,1.09136033,2.45307708,2.20516467,-0.373388171
general_aleatoire,-1.58065724,1.21268201,-0.928229094,-1.38634849,0.0807783604,-0.533795357,0.262968063,-0.506587505,-1.93875766,2.63446951,1.93576157,-0.664130628
general_aleatoire,-1.3943584,1.12229085,1.1938138,-0.553570747,0.828913212,-0.374325991,-1.23847294,1.23747802,-0.533112526,2.70509744,1.330266,0.157596037
general_aleatoire,-0.482866526,-1.57678008,-1.81110072,0.512826204,-1.29424095,-1.51451254,1.82361245,1.94373655,-1.71837878,3.19923449,3.12039995,-0.56194526
general_aleatoire,1.12272811,-0.580275297,-0.439045906,0.0127165318,0.314255714,-0.0268769264,1.64536715,-1.98416042,0.216397047,2.84389162,0.687074602,0.144234091
general_aleatoire,0.00465083122,-1.30200624,-0.464910269,-0.485186815,1.88831711,1.37257934,-1.36336374,0.576851845,-0.583383322,2.76563311,1.51999402,0.411401331
general_aleatoire,0.602897406,-0.322074175,1.46728587,-0.437226057,1.57589221,0.663323164,1.67917013,-1.13794875,-1.62060332,3.01699114,1.5975399,-0.906239927
general_aleatoire,-1.11571383,0.176503897,0.916843653,0.96203804,0.00116205215,1.02770734,-0.339377403,0.426864624,-1.32318783,1.95651686,1.48047292,0.355994642
general_aleatoire,-1.33285069,-1.24989128,1.18968201,-1.95779347,0.880445242,-1.63429499,-1.65545702,0.227354765,-0.144760847,3.06627727,2.31355667,-0.302825838
general_aleatoire,1.56749249,-1.3040905,-0.851341009,-0.650091887,-0.689011097,-1.92767572,-1.53757763,-0.398680687,-0.445476294,2.51922464,2.34836125,-0.596659422
general_aleatoire,0.199507475,-1.85111332,0.478330135,1.67040277,0.653961182,0.692445278,1.34516501,1.96299505,-1.13814855,3.24886537,1.78610003,-0.778162122
general_aleatoire,1.53129244,-1.51807284,-0.10803771,1.40614867,0.0787401199,-1.37354875,-1.23769593,1.89904022,-0.151842833,3.25805187,1.74905944,0.135476381
general_aleatoire,1.37015271,1.61211133,0.00350642204,-1.79658651,1.92568564,1.45422721,-1.61049318,-0.636209011,-0.787737131,3.02363682,2.70183253,-0.838868082
general_aleatoire,1.59805083,0.552897453,1.76351953,-0.599972725,0.68345952,1.71349001,0.657695055,-1.73749566,-0.188982725,2.81465864,2.03521729,1.07487261
general_aleatoire,0.197647095,1.3421607,0.363464832,1.84645081,0.610912323,1.10032701,-0.977335215,0.487746716,-0.541734457,2.52733278,1.4350611,0.0750126615
general_aleatoire,0.427171469,1.374722,1.3978796,-1.22022915,0.164814949,1.30747128,1.21543932,0.250621557,0.0355408192,2.2839601,1.86244285,0.328949541
general_aleatoire,1.04874992,-1.75022292,0.854429245,-0.464212179,-1.16995406,-0.222236395,0.275250912,-1.43353105,1.47089243,3.0183332,1.08838677,-0.725436032
general_aleatoire,-1.5900147,-0.271535158,0.14185977,1.86636305,-1.6594255,-0.191139698,-0.788219452,-1.42885756,0.978387833,2.75473738,2.16557264,0.487261891
general_aleatoire,-0.442261457,1.85772848,1.80680943,0.871482134,-0.721116781,1.97050214,1.47239256,0.79335165,1.52500272,3.44787002,2.06597733,1.02009332
general_aleatoire,-0.824822187,-0.599254131,0.688210011,-1.66696954,0.80862689,0.898231506,-0.513092279,-0.753950834,-1.92914462,2.50748324,1.78517604,0.911884606
general_aleatoire,1.13169432,0.812798977,-0.229380608,-1.91319966,-0.0589332581,0.52475214,1.11163759,-1.34553409,-0.470546722,2.60182929,1.55922842,-0.00805210415
general_aleatoire,0.262413979,-0.227490664,0.0156519413,-0.495238304,-1.9459455,-0.53063798,-0.548536777,0.10378623,0.404364586,2.08370852,0.722631276,-0.213394299
general_aleatoire,1.23519754,1.39442611,-0.552926779,1.55456829,0.0970187187,-0.0646002293,0.68290925,0.913689852,-0.922242403,2.64257026,1.10406697,0.394610286
general_aleatoire,-0.734181881,-0.889908791,-0.631254435,1.73365235,-1.22214603,0.894138098,0.247792244,0.308746576,-0.741743565,2.35048938,1.26119983,-0.787147105
general_aleatoire,0.590880156,-1.66251659,-1.88280225,0.740024328,0.472411633,0.831012726,0.0380353928,-0.56003046,0.182998657,2.70897102,0.924505472,0.524185538
general_aleatoire,-1.69310641,-0.562304735,-0.294809341,-1.67410445,-0.230658293,-1.22664309,0.674683332,1.80297875,-0.738334656,2.83254266,1.92875695,-0.371291786
general_aleatoire,-0.36520195,0.730396986,-0.133267403,1.48595405,-1.78916097,-1.05005598,-1.84973526,1.91567802,0.868725777,3.84421253,0.471956223,0.204207599
general_aleatoire,-0.454527617,0.152378559,-0.930965424,0.0348238945,-0.313955307,-1.02750206,-1.6224103,0.979002714,-1.49717641,2.66347408,0.994985878,0.0126656499
general_aleatoire,-1.32705379,-0.342263937,-1.24026108,1.04977798,-0.157151461,1.60124874,-0.854880571,0.659271955,-1.01014829,2.94208813,0.749787509,0.273839355
general_aleatoire,-1.57912183,0.580950499,0.68807888,0.603886843,0.541711569,1.29806805,1.2230556,-0.329165936,1.30099463,2.33292341,1.81597662,-0.451877743
general_aleatoire,-1.70765972,1.47281218,-0.905334473,-0.34347415,1.92002177,0.791457415,0.385034084,-0.926998615,0.83894825,3.02646208,1.60191083,-0.567088962
general_aleatoire,1.99734497,-1.9705689,-1.29866314,0.0728228092,-1.95954227,-1.84988546,-1.40476537,0.276920795,1.10348892,4.128613,1.59225607,-0.716414988
general_aleatoire,1.6830833,-0.212865353,1.8736763,-0.209999084,0.162210464,1.82009149,-0.167181015,1.67853951,1.78006816,3.39746308,1.88832462,-0.823073864
general_aleatoire,-0.755221128,0.694439173,-1.16376758,-1.74040294,1.39392877,-0.137097836,1.62407613,-1.03902006,0.166387558,3.17561483,1.0164994,0.157691404
general_aleatoire,-0.120782852,0.517694712,-0.178137779,-0.972342968,0.328579187,1.20321059,-0.572918177,0.52848959,-1.3429184,1.83939254,1.31166613,-0.350133479
general_aleatoire,0.0140538216,0.0148775578,-1.75956583,1.32081151,1.66373968,0.656048775,0.461805582,-0.646528721,-1.22923565,2.56091547,1.79950106,0.620689631
general_aleatoire,1.74209189,0.425544262,1.64883018,0.709853411,-1.16260648,0.103081226,-1.84232974,0.872406721,0.965234756,2.7592752,2.13419652,-0.848139465
general_aleatoire,0.325815678,1.31044102,1.79107809,1.87145805,-1.7852118,1.55934548,-1.57501721,0.402138948,-1.30531359,3.6718061,2.20568061,-0.388996243
general_aleatoire,0.120209217,0.760684252,-1.88863587,0.582383394,-1.01337433,1.5682354,-0.161541224,0.931509733,0.514015436,2.76758599,1.13728023,-0.43654862
general_aleatoire,0.0334217548,0.229007244,1.96732712,0.970543861,-0.935568333,-0.880932331,1.33276653,0.259810209,-0.292838573,2.37714601,1.47486567,0.787840128
general_aleatoire,-1.64743114,0.594940424,-0.345338106,0.90907383,1.00064325,0.535016298,0.773603201,-1.43797088,1.96257091,2.86816049,1.61434567,-0.993295252
general_aleatoire,-0.228196144,-0.888435602,0.245753288,-0.00724291801,1.39617491,-0.681878567,-0.225417137,-0.23758769,1.67498899,2.16921139,1.21546173,-0.214767903
general_aleatoire,1.42780042,-0.238503218,0.736836195,0.195119381,1.52976465,1.18514252,-1.18595576,0.332270622,1.49344444,2.41132236,1.81813133,1.02393043
general_aleatoire,1.84087229,-1.76095104,0.641343117,1.55439711,0.0908377171,-0.683705091,-1.90563226,-0.741649628,-0.345068455,3.16281438,1.84258139,-0.833657205
general_aleatoire,0.0483541489,-0.803006411,1.76276064,0.992422581,-1.80887461,-1.16688943,-0.591076136,-1.17911983,1.42628789,2.70747352,2.34588337,-0.559869111
general_aleatoire,-1.24192405,-0.415782213,-1.49753761,-1.20337248,-0.755972147,-0.30082345,1.5436883,-0.457790136,1.0997138,2.92621088,0.966927946,-0.610097051
general_aleatoire,1.66166472,0.941004753,1.04773736,1.18934703,0.0204620361,-0.922328472,1.95348215,1.54976654,-0.138890028,3.29798293,1.42707968,0.577874243
general_aleatoire,-1.45078659,-1.76704884,-0.65461731,-0.950902939,0.346992254,-0.255718231,-1.58837986,-1.37238955,0.920520544,3.12413621,1.15460098,-0.95195055
general_aleatoire,1.79026031,-0.451015949,1.06739545,1.13762259,-0.926851273,-0.0284149647,0.363218069,-1.27650213,0.885796547,2.73848176,1.07527268,-0.769644916
general_aleatoire,0.939047098,1.7651155,-0.991424322,1.52654123,-0.0367588997,0.0607688427,-1.69786716,1.0986104,0.471466541,2.56890869,2.17093873,-0.561648011
general_aleatoire,0.248578787,0.663430929,0.21081543,-0.485303164,-1.54103231,1.81769109,-1.49544954,1.49667549,0.11813426,2.62594748,1.91553462,-0.62142235
general_aleatoire,0.831763506,-0.924553871,0.854608297,-1.91585255,-0.990393162,0.891356707,0.627260923,-1.87005377,-1.20717502,2.45384669,2.28274059,1.35588777
general_aleatoire,0.38110733,-1.42398715,0.156774998,1.9978714,1.87525868,0.489503622,-0.0631475449,-0.27604866,-1.74559426,2.94686151,1.68321633,-1.24713218
general_aleatoire,-0.847342014,0.206751823,0.415681601,1.36438465,-1.80162621,1.98739696,-1.62127614,-0.278627396,-1.86857343,3.6468904,1.42074311,-0.932785988
general_aleatoire,-0.718805075,-0.00332069397,1.62661314,0.402426481,-1.2350316,-1.75008106,0.46171546,0.884897709,-0.377142429,2.68559361,1.35586262,0.0167485848
general_aleatoire,-1.07841992,-1.83567071,0.740805626,-0.610846281,1.92758846,-0.93908596,0.76442337,0.7443645,1.53277206,2.93894124,1.97969913,-0.991620123
general_aleatoire,1.79516196,1.79279399,-0.927811384,-0.0529959202,1.24586368,0.809299707,-1.77856088,1.40787697,0.15248394,2.77515936,2.47946501,-0.909336507
general_aleatoire,-0.573564529,-1.7177999,-0.954410791,1.73613191,1.78639412,1.06540489,0.905213833,0.631799459,-1.12127161,3.36888385,1.52421772,-0.57825017
general_aleatoire,1.29558539,-0.203666449,0.590079069,1.18580699,1.87577748,0.188251734,0.855831623,0.599808216,1.69863439,2.8031292,1.53459334,0.890729487
general_aleatoire,1.01507258,0.0685274601,0.488036633,-1.53174257,0.160317183,0.112710714,0.998456955,-1.49250889,0.910252094,2.4296627,1.25662184,0.478108019
general_aleatoire,0.369973898,0.519489527,-0.0700278282,-0.560842514,0.490301371,-0.376751661,-1.95981216,1.88175416,-1.22063804,3.09502745,0.632198155,0.0385422967
general_aleatoire,-1.55045629,-0.0346784592,-0.925980568,1.80201411,-0.0303931236,-0.465564013,1.34691858,-0.30251193,-1.34529757,2.79303718,1.62070346,0.123604842
general_aleatoire,0.858784199,-0.892181635,0.415170908,-1.73680735,-0.80429554,0.823940992,-0.356734514,-1.04716229,-1.12920094,2.12956858,1.56329346,1.25223398
general_aleatoire,-0.445301056,1.86408567,-0.225194216,-1.47746253,1.56525564,-0.512652874,-0.354678869,-1.89664412,-1.41910005,3.22967696,1.92553234,-0.466869116
general_aleatoire,-1.11288214,0.0972595215,1.12188435,1.85183191,-1.19529915,0.430742502,-1.67974663,1.93354869,-0.102187395,3.46756291,1.34482265,0.53685385
general_aleatoire,1.36442924,-1.96012306,-1.85613704,-1.6609354,0.633598328,1.23050332,-0.852932692,1.08589315,0.238467216,3.83014727,0.866172075,0.605415881
general_aleatoire,1.66055512,-0.882619381,1.41806173,-0.604518414,0.732702017,1.69267464,-1.79066873,-1.17342734,1.13139439,2.68418479,2.39549184,1.4950093
general_aleatoire,1.49643636,1.38204312,-1.87816882,1.1963284,-1.63649392,0.0339159966,1.41869998,-1.06839275,0.522223949,2.84971571,2.60893941,-0.535532653
general_aleatoire,1.38131976,0.98894453,0.908651114,-1.16232944,1.92304468,0.148333788,-1.37722969,0.948876858,-1.09734178,2.84072423,2.10566521,-0.529682457
general_aleatoire,0.509256363,-1.15280747,-0.113204956,1.17015886,1.83913493,-1.25237083,0.704629183,-1.73336077,1.63100314,3.36135006,1.45121908,0.823253453
general_aleatoire,1.99424314,0.919081926,-1.90073133,0.941854,1.34097624,-1.67992711,-0.538532734,-0.562141657,1.36646175,3.96476912,0.756655753,0.351105273
general_aleatoire,1.4334774,0.218481779,-1.06958461,1.60652471,-1.53797674,1.70477176,-0.695575953,-1.96360731,-1.11824846,2.80304503,2.3690269,1.79439509
general_aleatoire,-1.69835138,1.70115256,-0.998565197,1.47186637,0.677261591,-0.00126719475,1.55308867,-1.75462461,-0.160232306,3.45935154,1.51857138,0.802383363
general_aleatoire,0.858249187,0.427892447,0.49364686,-1.24600077,1.8822186,1.21986723,0.235812902,1.86931229,-0.654425144,2.84495687,1.62332225,-0.997980714
general_aleatoire,-0.925604343,0.0760867596,-0.0206964016,1.91705298,-1.6555357,0.785449505,0.236546516,0.687904358,0.0111336708,2.76249528,0.866640568,0.206463858
general_aleatoire,-1.03727365,-1.42225409,0.974410057,-0.231735229,1.00108719,-0.66358161,-0.730844259,0.0873234272,-0.0651447773,2.24356842,1.02793026,0.0140758045
general_aleatoire,0.342617273,-0.821586847,-1.96601772,-0.96517992,1.04402375,-1.89641595,0.85205698,-0.859153032,-0.53485465,2.79874444,2.03818798,0.196473196
general_aleatoire,0.215879679,-1.78825641,-1.99359536,1.01973009,-0.867123842,1.82070041,1.5256412,-1.03939366,0.374594212,2.89038324,2.68080211,-0.576902628
general_aleatoire,-0.705901623,0.431451082,-1.26474857,-0.386542797,0.307744265,0.70588851,-1.38063455,-1.24026895,-0.5752244,2.1144743,1.31607842,-0.77374047
general_aleatoire,1.27498722,0.788051844,-1.53324366,0.240463734,0.624005318,-0.454149961,-0.635402918,-0.319001675,0.990051746,2.55777764,0.417090595,0.142906159
general_aleatoire,0.248443365,0.199058056,-1.97654128,-0.190587997,-1.68596053,-1.32231045,1.52503204,0.547285795,-1.68848419,3.10409832,1.98886943,-0.721491992
general_aleatoire,1.89907932,0.827214241,1.30241346,1.68015265,-1.75996733,-0.917265654,-0.495082617,-0.518034458,1.70233202,2.7127769,2.49700999,-1.6018815
general_aleatoire,0.275685549,0.0121748447,1.52683568,0.648447275,1.76762223,1.6503973,0.958252907,1.4951787,-1.65352106,2.81245637,2.55485725,-0.35622406
general_aleatoire,0.00728130341,0.67661643,-0.249414921,-0.358785152,-0.64122963,-0.117196083,0.876077652,-1.80340648,-0.852052927,2.27830338,0.70830673,-0.356544018
general_aleatoire,-1.23575163,-1.00044966,1.1620543,-0.575000525,-0.184164762,-1.29113984,-0.793351173,0.780479193,-0.463923931,2.04874945,1.54345226,-0.885491848
general_aleatoire,0.464962482,1.41759801,-0.0684859753,0.995995998,-0.4386971,-0.910738468,1.63625002,-1.52999282,-1.88350487,3.26242352,1.4702965,0.0705417618
general_aleatoire,-0.992007256,1.0764308,1.6830256,1.60763812,0.326355219,-0.214581728,0.13392067,0.202761889,0.385574341,2.42248964,1.42789495,-0.113068558
general_aleatoire,1.77785468,-0.535887003,-1.15089011,1.22842789,0.0805392265,0.0931448936,-0.101115704,-1.53300858,-0.966429472,2.53888273,1.73374856,0.373099327
general_aleatoire,-1.48373961,1.27437282,0.14743638,1.59840226,1.74628067,1.12773013,-0.766591549,-1.21856427,1.47816467,2.7757225,1.97598052,-1.83624768
general_aleatoire,-1.6530056,1.05638218,0.421777725,-1.00875044,-1.77162099,-1.85463715,0.691303492,-1.59261107,0.121696711,3.01578426,2.22582626,0.775904179
general_aleatoire,0.913975716,0.651142836,-1.20132113,0.360682964,-0.51491642,-0.309189796,0.00679659843,-1.19649148,0.901872635,2.08440638,1.02311838,-0.216406211
general_aleatoire,-0.777191639,-1.54707527,0.0980021954,-0.374534607,0.607472181,-0.0597085953,1.11793184,0.163308144,1.06868267,1.94919288,1.40637994,-0.401501805
general_aleatoire,1.27344251,1.89075494,-1.31328726,-0.856634378,1.23132563,-1.71555734,0.7715137,-0.617372274,0.223483086,3.14759374,1.73468971,-0.473590672
general_aleatoire,0.973177671,0.798111439,-0.247553587,-0.351929188,1.27115369,-1.4464097,0.197305441,0.663060904,1.71916676,2.33440304,1.6255393,0.905220151
general_aleatoire,0.0986890793,1.7914536,0.55749917,-1.72278214,-0.648005009,-0.174346447,1.6274662,0.438756227,0.349479437,2.69139051,1.62498832,0.165090203
general_aleatoire,-0.976510048,-1.65839028,-0.371692896,-0.200784206,0.710726023,1.025424,-1.09306312,1.17653823,0.407925367,2.33532739,1.50190806,0.689113438
general_aleatoire,-0.0216119289,0.789791107,1.57899022,-1.63801479,-0.929326296,-0.00988292694,-0.357605219,-0.947679996,1.59438753,2.32926869,2.01849437,0.855875671
general_aleatoire,0.897545338,1.58502674,-1.24177814,0.742851019,1.56895161,1.43592215,-0.276234865,-1.644907,-1.20798802,3.15112972,2.03217196,0.342253476
general_aleatoire,1.45997977,-0.247912884,-0.717520475,-0.365025043,-1.28667402,-0.284324169,-1.04252076,0.342245102,-0.328126192,1.88389504,1.36733377,0.685883939
general_aleatoire,0.0846948624,-0.995232105,-1.40089154,-0.717729807,-1.73768377,-1.46008611,0.917661667,-0.815293074,0.238869667,2.88606191,1.24145961,-0.565665901
general_aleatoire,0.289135218,-0.56399703,-0.232585192,1.2334311,-0.613125086,-0.447766304,0.985808372,1.1838603,1.5740397,2.23992109,1.52999556,0.215334415
general_aleatoire,-0.776975632,1.02715683,-1.70861888,-0.671997309,1.73055863,0.97776866,-0.421795607,-1.39207935,1.17077017,2.75224137,2.01144719,-0.919952214
general_aleatoire,-1.47872806,-0.883423567,-0.617491961,0.585460424,1.23080945,1.49324346,-1.01460719,-1.83342409,-1.74698639,3.731318,0.966060221,-0.150424913
general_aleatoire,1.32254291,-1.47316194,0.285331964,1.43497968,0.429886818,0.535133123,0.0926318169,-0.987195492,1.49790025,2.49192572,1.51402068,1.12069905
general_aleatoire,0.2211833,-1.82626677,0.110318422,-0.955886602,0.621743679,1.50305009,-1.06725001,1.00938272,1.4576118,2.95019197,1.59139335,0.046147272
general_aleatoire,-1.92941952,-0.762525797,0.0680251122,0.776526451,0.118290663,-1.93550158,-0.3964715,-0.509371519,-0.810426712,2.46129727,1.90844476,0.212556526
general_aleatoire,-0.593160868,0.726899385,0.173937559,-1.16883826,-1.70905519,1.19579411,1.16052532,1.21214843,-1.12887692,3.12377787,0.978754103,-0.0446230695
general_aleatoire,-0.338954449,0.708151102,-0.86580801,1.21284842,-0.86448741,0.247507811,-0.0708348751,0.963532686,0.878316879,1.82549238,1.29333735,-0.587623119
general_aleatoire,0.647441149,-0.564525366,-0.577880859,0.440173149,1.23543406,-0.470062256,-0.821194649,-0.78190732,0.284851551,1.77330649,1.07391632,-0.285991669
general_aleatoire,-1.90056205,0.981590748,-1.98434377,-0.484176397,-1.09116936,-0.788929701,-0.374374866,-0.162616014,1.40504456,3.09041238,1.37533486,1.12219465
general_aleatoire,1.27185392,1.19393682,1.71968699,-0.931339025,0.180333614,-1.02183843,0.645864725,-1.09071183,1.61309433,3.05849838,1.64608753,0.298892677
general_aleatoire,-0.643050671,-1.60581279,-0.00720524788,-1.07168579,-0.245329142,0.835599899,-1.12690735,1.29497766,-1.47819448,2.436764,1.70354986,1.09140754
general_aleatoire,1.42811608,-1.94968891,-0.339571476,-1.38414717,-1.64264059,0.821425438,-0.248874187,-1.02544594,-1.07706165,2.76048017,2.15146017,1.12671661
general_aleatoire,-0.125592947,-0.835214376,0.365204573,1.08907008,1.54736352,-1.69789171,1.55542016,1.31032467,0.982934713,2.9288466,1.91582501,0.404832453
general_aleatoire,-0.289323807,-1.85937214,0.384255648,0.300281525,-1.64139128,1.14633369,-0.650563717,-1.93084788,-1.64119649,3.18644047,2.10304475,-0.236162335
general_aleatoire,0.198738337,1.84617472,1.4310565,1.22904658,-0.103591919,-0.161468983,-1.98357534,-1.10558987,-1.95594668,3.6003685,1.68869472,0.459807724
general_aleatoire,1.7338202,-0.333456039,-0.621613741,-1.37996554,-1.35606241,0.657802582,0.252657413,0.835196972,1.77509642,2.5058825,2.03848696,-1.07569754
general_aleatoire,-1.288481,-1.98467898,1.55413294,-1.04750085,-0.232368708,1.75379038,-1.42861652,-1.31565619,1.05700636,3.96247625,1.1303755,0.389475107
general_aleatoire,-1.5470264,1.1598978,0.280748844,0.557181835,1.44737506,1.41386199,-0.0915608406,0.949491739,1.97825694,3.088902,1.74965394,-0.665311456
general_aleatoire,1.5288229,0.716686726,-0.264447927,-1.70370054,0.990388393,1.9713285,1.99900603,-0.368423223,0.899724722,3.21438766,2.06505442,1.017349
general_aleatoire,-0.850389957,-1.5432651,0.2315166,0.0732748508,-0.78276968,0.349390984,-1.65417004,-1.30315733,-1.99428678,3.12928391,1.56181479,-0.280350745
general_aleatoire,1.85156631,-0.201666594,-1.29768109,1.34745359,-1.28976846,0.289260626,1.66066837,1.99682903,-0.139178276,3.03085446,2.28752756,-1.03024459
general_aleatoire,-0.852613449,-1.74724698,-0.878179789,0.392749786,-1.36100221,0.407305241,-1.34374571,-1.741997,-0.859253645,3.26004767,1.27250564,0.234181434
general_aleatoire,1.89008975,1.17136002,0.176119804,1.62302709,0.239182711,1.90034866,0.0804615021,-1.07084155,0.442926884,3.06308007,1.70223343,0.589570761
general_aleatoire,1.52519011,-0.942800999,-0.686979771,-0.851034641,-1.54863787,0.0453562737,1.48009968,1.22674322,0.544422388,2.60629392,1.9276762,-0.543049097
general_aleatoire,-1.80054188,-1.34107661,0.413616657,-0.280675173,1.22711253,-0.850969315,-1.37233114,0.947178125,-1.93990993,2.8821826,2.3693049,0.37862435
general_aleatoire,-0.186335087,-0.749146938,1.9571197,0.352574825,-1.78102016,-1.44686747,-0.579939127,-0.29551053,-0.0723993778,2.5597949,1.82438982,-0.603304982
general_aleatoire,0.209285975,0.0125341415,0.39553237,-0.736256838,-0.902353287,0.916960955,-0.399881601,1.49898815,1.11335683,1.92016709,1.4887712,-0.374819487
general_aleatoire,1.75487709,1.76485872,1.22037339,1.44752121,1.40232062,0.257133961,0.202181101,-0.358829021,1.30355287,3.41411805,1.41183257,-0.176019669
general_aleatoire,-0.668173552,-0.785984516,-1.50017381,-0.406085014,-1.57379508,-0.732347965,0.753430367,-0.130450726,-0.960822344,2.47957444,1.15409172,-0.721425712
general_aleatoire,-0.857681751,-0.981353283,1.84644556,1.99278021,-0.748621702,-1.24829626,-1.60782194,-1.4077611,0.107268572,3.31931901,1.74368799,-1.31070483
general_aleatoire,-1.60525918,-1.77160382,0.319221258,-1.55782747,0.511455297,-1.12244248,-0.539088488,-0.142599106,0.141653299,2.58898449,1.82571292,-0.246124431
general_aleatoire,-0.266996384,1.15359807,1.19876742,1.27241659,0.957898378,1.83164811,-0.294726849,1.29707193,-0.665183306,2.77463436,1.62863183,0.768996954
general_aleatoire,0.259365559,-0.734124899,-1.28137231,1.09598017,-1.60094595,-1.79171038,-1.78195262,-1.94871354,0.666103125,3.00815153,2.72354078,0.415253639
general_aleatoire,1.18217754,1.23014498,-0.09141469,0.0347356796,-1.47647548,-1.78114343,-1.0577364,0.141882181,1.73001575,2.85816836,2.05726409,-0.0569693856
general_aleatoire,1.74299693,1.43801188,0.390452623,0.839140177,1.23770976,-0.0710992813,1.2006104,0.0812942982,1.72851634,3.02912712,1.64970291,0.195495918
general_aleatoire,1.90097809,1.08091497,1.86308169,0.99080205,-1.13892388,-1.06358957,1.24441814,-1.76029944,-1.21102953,3.34439158,2.56000137,-0.196185291
general_aleatoire,0.0703978539,-1.14585018,-1.50226331,0.704371929,1.84878349,-0.379995823,-0.840301037,1.72617745,1.41177678,3.1634407,1.72320712,-0.57911104
general_aleatoire,-1.64396119,-0.449501514,0.0461025238,-0.707223177,1.67408609,1.7406342,1.6164546,-0.546709776,-1.37388325,3.25623846,1.84116781,0.213794142
general_aleatoire,-0.438848495,-0.533449411,-1.57563305,0.476485491,0.681786537,-1.36242056,-0.844642401,1.87208867,0.342416525,2.26068044,1.9764303,-0.908994138
general_aleatoire,1.6589973,0.365406752,-1.33219934,0.87679863,-1.51537824,0.980965853,-1.6583662,0.0578095913,1.63777447,3.16116047,2.00659037,-0.323224723
general_aleatoire,-0.676032305,-1.22550488,1.34980345,-0.334860325,-0.760537624,-0.204594612,0.030036211,0.396044016,-0.394989729,2.07393765,0.706974745,-0.161239028
general_aleatoire,-1.71305871,1.42031336,-1.0929656,-0.272325993,1.72596145,-0.455603361,1.63364029,0.759294748,1.12516236,3.08693838,2.08627343,-0.191540033
general_aleatoire,0.40976429,-1.92239523,-1.57101274,-0.691972971,0.0326750278,0.51183486,0.941913366,-0.899239302,1.96829891,2.68345356,2.22074437,-0.714748085
general_aleatoire,1.63834667,0.516587257,0.535557747,-0.518827915,-1.71237326,-1.09539366,1.63602233,1.49132085,1.83106661,3.78130174,1.19778228,-0.399553657
general_aleatoire,1.25826073,-1.68915033,-1.06430888,0.129440784,-1.19747186,-0.786542892,0.860547066,-0.428643703,-0.740191936,2.91098356,0.741947472,0.293929368
general_aleatoire,-1.2813952,-0.774405003,0.312288284,-1.3908391,1.83191729,-0.944097996,0.0122902393,-0.289969921,-1.66834188,2.54442596,1.6725477,1.45497608
general_aleatoire,0.931353331,0.480005264,-0.654767752,-0.639108181,-0.685582876,1.42370057,-0.860347033,-0.261287451,-0.0868654251,2.11400104,0.881917596,0.0344334766
general_aleatoire,-1.22864175,-1.27745342,-1.23557758,-0.0574772358,1.07505655,0.816702127,-0.937649727,-1.88083816,1.06893349,2.87289333,1.80864215,-0.727191627
general_aleatoire,-1.96088266,-1.17645097,-1.69950843,-0.71325469,0.142640114,-0.138052225,1.41782022,1.77278328,-1.98046231,3.21498728,2.67115188,0.519203484
general_aleatoire,1.72692561,1.74664521,-1.17251253,-1.57488608,-0.56712389,1.36793399,-1.40240264,-0.0685811043,0.0399401188,3.55630922,0.985723495,-0.659554541
general_aleatoire,0.637429476,-0.157670021,0.0427317619,1.60304046,-0.091807127,1.72002149,1.3395977,-0.465730667,1.0235455,2.94948149,0.537235677,0.201624408
general_aleatoire,-0.0330483913,-0.0663912296,1.58494496,-1.55345631,1.2268312,-1.53838825,-1.98537493,1.20615768,-0.719761848,3.52807331,1.50026417,0.137929067
general_aleatoire,0.117562294,-0.312903166,-0.073643446,-1.08113503,0.722267151,-1.20171356,1.43536615,-1.84886217,0.515492439,2.87180185,0.864802122,0.0310223103
general_aleatoire,0.573478699,1.0513916,-0.94995904,1.06108189,-1.79061151,-0.574954271,-1.07608294,-0.90366745,1.20765567,2.39590287,2.16392946,0.0976835936
general_aleatoire,1.20465612,1.40595651,-0.491284847,-0.0677351952,1.61334395,-0.33571744,-1.72123742,1.91141462,-1.76713014,3.47074795,1.96075273,-0.487557977
general_aleatoire,-1.19774151,1.70801663,-1.13856292,0.593819618,-0.832531452,-0.481602669,-1.30897093,1.0202415,-0.482537746,2.99562073,0.884980738,0.395105541
general_aleatoire,0.689307213,1.64333677,0.12480402,0.461391211,-1.60450673,-0.35221386,1.24871826,1.737643,1.46409273,3.29392409,1.24379659,-0.654183149
general_aleatoire,-1.80614328,-1.31132531,-1.15889549,1.40204644,0.263554335,1.51138902,0.462210417,0.197714329,-1.84177017,3.27151799,1.82260716,-0.514176726
general_aleatoire,0.624716043,-0.387845039,-0.471050739,0.596615791,-0.87283349,0.792282104,0.887932539,0.552559376,1.44750047,1.96682107,1.18413317,-0.653092146
general_aleatoire,-0.717747211,0.61631012,-1.62591958,0.0463624001,-0.291550398,-1.36430097,-1.48498225,-1.78616524,1.79049444,3.280164,1.65609694,0.765752375
general_aleatoire,-0.217232943,-0.099316597,-1.80260181,-0.730963469,0.277338505,1.06521606,-0.469083309,-0.00820565224,1.02875638,2.37555289,0.81081146,-0.173539072
general_aleatoire,-0.759864092,-0.777406216,1.24787092,0.371930599,1.46860838,0.150733948,0.692032576,-1.98115039,-1.81214237,3.00715208,1.91614091,-0.173106879
general_aleatoire,-1.71044254,0.265291452,-0.838527203,1.0531795,1.5289402,-1.45398808,-1.41194034,-1.08531713,0.843577147,3.06093216,1.94262266,-0.00836708583
general_aleatoire,1.52998018,1.89346623,-1.91951323,1.16227007,1.01090837,-1.02821875,-0.104907036,1.633461,-0.212911367,3.76950383,1.23102808,-0.201411813
general_aleatoire,-1.62757158,-1.97161388,-0.127432346,1.2775929,1.55016756,-0.560700417,0.565062761,0.163062334,-0.345421791,3.30144596,0.627846539,0.271298468
general_aleatoire,0.709202528,-0.828748703,0.810518265,-0.499602556,1.82392001,0.0357670784,0.125359774,-0.723824501,-0.401121855,2.27368975,0.971751213,-0.10425856
general_aleatoire,1.87587142,1.81481433,1.73231053,0.568440914,1.4826858,-0.807398796,-0.312680721,-1.49414325,0.765207052,3.39635658,2.08364439,-0.160260245
general_aleatoire,1.3702178,1.61131716,-0.551273823,1.4017179,0.641878843,-0.342692137,-0.116734505,-1.55045581,-1.20428109,2.83102417,1.7109586,0.44470033
general_aleatoire,-1.69747877,0.406746387,0.308256149,-1.75726795,0.57051158,-0.346630335,1.39937019,0.186459541,-0.829940081,2.88691521,0.999713838,-0.153696358
general_aleatoire,-0.255812168,-1.33011818,0.994688511,-0.483976841,1.31169963,-0.585699558,1.08497214,-1.47012424,-1.84474826,2.68141007,2.12829614,0.379228681
general_aleatoire,0.689130545,-1.22348499,0.0347676277,0.146430016,0.884490967,1.73928809,-0.589235544,1.33982706,-0.697191238,2.17586374,1.91087866,-0.210915357
general_aleatoire,1.37013793,-0.109696627,-0.787167311,1.50962925,-0.282208443,-1.83887482,-0.117176294,1.21933126,-1.37051368,2.97277951,1.62185812,0.399988592
general_aleatoire,-0.524049759,-1.87572765,1.41847587,1.78761148,1.208812,-1.03714967,-0.604955196,-1.04020452,0.77550602,3.53240848,1.05273402,-0.027646387
general_aleatoire,-1.66648388,-1.36146903,1.71403098,1.58512616,0.318948269,-0.382035971,0.668147326,-0.177497625,1.64630747,3.15578747,1.84482992,0.393489897
general_aleatoire,0.823036194,-0.617519379,1.28336072,0.486029148,-1.05462909,-1.84480238,0.645400524,-1.2529099,-0.432008028,2.52551484,1.7940712,-0.183129549
general_aleatoire,1.32498312,-0.525188446,1.06707335,0.760103226,-0.597429276,-0.451267004,-0.492757559,-0.615566015,0.134217501,1.86701512,0.914562702,-0.791166663
general_aleatoire,1.34355354,-1.99903607,-1.5948956,-1.03502274,0.703570366,-1.16707277,-1.00509858,-0.998068333,-1.93800712,3.32909131,2.37211037,-0.570783257
general_aleatoire,1.22362328,-1.33294296,-0.881304741,0.426645994,-1.23391485,0.836508751,0.0170538425,-1.9157691,1.46257997,2.96800089,1.84445083,0.231479436
general_aleatoire,-1.85429835,-1.03460121,1.61016846,-1.68585515,-1.70677686,-0.574381113,1.57672858,0.990607262,-1.08733654,3.87413645,1.68146002,-0.00302287843
general_aleatoire,0.202762127,0.960071087,1.26717329,-0.761067152,1.83836842,1.43500805,1.17064977,0.801819324,0.415212154,2.93983078,1.40256071,-0.403238565
general_aleatoire,-0.39274621,-0.0266337395,-1.69479036,-1.83972383,0.930800676,1.93728781,0.467538834,-0.466075659,-1.98835325,3.63399553,1.48737299,-0.0499693863
general_aleatoire,-1.39108729,-1.9623208,0.666835308,1.23517179,-0.862846851,-0.962401152,0.343112946,0.544534445,0.347071409,2.57202339,1.78571272,0.39685595
general_aleatoire,-0.183142424,-0.217080832,1.45371985,1.34447432,1.6678443,-0.940131903,1.98723078,-0.205469847,-1.38526368,3.2338357,1.44086885,-1.02156448
general_aleatoire,0.15076828,1.45185614,0.654498816,-0.935914516,1.13588738,0.363263369,-0.420770884,0.0230913162,0.584187746,2.07481456,0.892970979,0.52318871
general_aleatoire,-1.92804766,-1.3975563,1.73108506,1.73059225,-1.686692,-0.467764854,0.752875566,0.918085575,1.14002728,3.09725142,2.3512702,1.52111721
general_aleatoire,-1.91863585,1.18115139,-1.17925143,-1.45802212,-0.051669836,-0.209720373,1.51300979,1.31771541,0.109020472,3.02283406,1.8631916,0.260470927
general_aleatoire,-0.789283276,1.71948171,-0.129005432,-0.0648124218,-0.908824444,-0.0382037163,-0.145794392,-1.52101302,1.55135155,2.7421391,1.2199018,0.402231604
general_aleatoire,1.21062493,-0.179503202,-1.01213837,0.223647833,1.59844995,-0.384094954,1.64329672,-0.159531355,1.77324033,2.44494796,1.73052824,1.4739759
general_aleatoire,-1.9393034,0.0809218884,-0.865018129,0.708374977,-0.253673315,1.1140635,0.535187721,-1.47594166,-0.199792385,2.4934659,1.47263658,-0.664606214
general_aleatoire,0.403828621,-0.648731947,-1.86280847,-0.447605133,-0.00973582268,-1.03082681,-1.3806293,1.69797707,-1.2683084,2.73864126,2.03282881,0.286976129
general_aleatoire,0.0869727135,-0.539809942,-1.94636226,-0.270251513,-1.92221498,0.49268961,1.89184642,-1.70228648,-1.11419654,3.20039296,1.99591076,-1.26099002
general_aleatoire,0.0147669315,1.22243309,-1.26949954,-1.76689887,0.295900583,1.6846509,0.549618244,1.49766779,0.22683692,2.65686274,1.91464055,1.01267171
general_aleatoire,0.284372568,0.953181982,-1.96400547,-0.65756321,-0.968756676,1.06042624,-0.372709513,-0.268931866,-0.159743547,2.66112566,0.705167055,0.00536587695
general_aleatoire,-0.0632622242,-0.809285164,0.592408419,-1.86820865,-1.9265666,0.360509396,0.61597681,0.0966186523,0.474340439,2.8306458,0.967053115,-0.0879553705
general_aleatoire,-0.867997646,-0.760611534,-1.84809613,-1.65682292,1.97837663,-1.63625836,-0.0720553398,1.69289494,1.02401686,3.28572464,2.68374872,-0.0706316605
general_aleatoire,0.757117271,-0.190743923,-1.49158955,-1.82731891,-0.573107481,-0.761597157,0.369931936,-0.719559669,1.34228659,2.26783705,1.91713035,-0.848470509
general_aleatoire,1.35341144,-1.82535648,0.616919756,-1.05346751,-0.898280621,1.55899572,1.87095976,-1.9633379,-0.713832855,3.53657222,2.25155926,0.423424691
general_aleatoire,-1.19440365,1.9929359,1.83609653,1.98465466,0.453607321,-1.23515797,-0.953314543,-0.749035597,-1.73203564,3.51869011,2.27548456,1.1621846
general_aleatoire,-0.0558233261,-1.88723469,0.656402588,-1.0210197,0.11218977,1.52594304,1.87776566,-0.336345434,0.895956516,2.3158884,2.06551886,-1.48032689
general_aleatoire,0.881333351,-1.15182066,1.67314005,-1.57960987,-0.367838383,0.753605127,-1.2348907,-1.36619043,0.0684716702,2.47663975,2.14090347,0.88325423
general_aleatoire,1.15070724,1.63233471,-0.755853415,1.21749759,-0.692427158,-1.73668075,-1.95680666,0.77029109,0.804044962,3.19851804,1.91447186,0.843198657
general_aleatoire,0.287590027,-1.54692101,1.62985253,1.09152222,-1.51007438,-0.0325288773,0.1361444,1.13711905,1.51785064,2.65890694,2.14143038,0.751552522
general_aleatoire,0.335705996,-0.359905005,-1.67026711,-0.0720205307,1.0626092,-1.71815729,-1.72080207,-0.887425661,-0.0851931572,2.49466968,1.91100276,-0.999522805
general_aleatoire,-0.701973438,-1.31060338,1.78048968,1.00934052,-0.869330645,1.64636469,-0.156525135,0.216504574,0.685217619,2.92177176,1.24461174,0.56630522
general_aleatoire,0.108589172,-1.35126662,1.05585265,-0.0542304516,-1.97968483,0.954155922,1.67103434,1.46742082,-1.21020484,3.50075436,1.35904455,0.305017799
general_aleatoire,0.505037069,1.93647552,0.67621398,0.945015669,-1.49486613,1.09700441,1.78310585,0.624811888,-1.46970391,2.70487213,2.12057757,1.64622784
general_aleatoire,-0.113347292,1.0986917,0.286510706,-0.940734863,-1.81438851,1.73437238,0.495837927,0.87983799,0.504392385,2.7923398,1.31694639,0.479549736
general_aleatoire,1.01525474,1.56480312,-1.12376332,0.0226252079,-0.227840185,-1.6914227,0.47125268,-0.775216341,1.0798943,2.63155842,1.45593977,-0.774518728
general_aleatoire,0.622517586,-1.58416271,-1.0429647,1.84946108,-0.877888918,1.56088257,1.28187585,-0.918605804,0.337278843,3.06835961,1.94341469,-0.146739364
general_aleatoire,1.2910409,0.0341095924,0.0732955933,-0.726192236,-0.152774096,0.923712015,-0.742263794,-0.849126339,0.323874235,1.83316684,0.827137709,0.639898121
general_aleatoire,0.94825387,0.919556379,-1.71959424,-0.356268406,1.45816517,0.516876698,-0.00173425674,0.797251463,-0.245968103,2.25200129,1.68500197,-0.0864880607
general_aleatoire,0.84448719,0.444093466,-1.79213572,0.496768236,1.43899107,-1.47185946,-0.166986942,1.02493429,-0.950335741,3.08989215,0.974515796,-0.300617725
general_aleatoire,-0.896286964,-1.03294206,1.6198473,-0.067943573,1.2714026,1.54732609,-0.614935875,-0.486609697,1.23095703,2.73871136,1.77153456,0.0286237113
general_aleatoire,0.998902798,-0.574438095,-1.61272526,-1.59620929,-0.0957732201,1.84755278,1.96674442,0.610407829,1.08175111,3.12312913,2.31943989,-0.419889987
general_aleatoire,-0.175601959,-1.15788627,-0.408906698,0.0057656765,-0.701178789,-1.06550097,1.92579031,-0.361756325,-1.46101117,2.61824632,1.44271374,0.450746357
general_aleatoire,1.12033606,-0.740779877,1.08489919,-0.0580096245,-1.08759856,-0.0880019665,1.68889308,-0.11453414,0.370272636,2.32789445,1.18739402,0.590319574
general_aleatoire,-1.29686475,-0.480303049,-1.42026997,0.00774216652,-0.980929852,0.420284986,1.65810442,0.239562035,-1.54778814,2.32009792,1.98391354,-0.975818157
general_aleatoire,-0.05437994,1.02970028,0.0197310448,1.03019357,-1.29435253,1.23908138,1.2509315,1.54646182,0.167041063,2.35945535,1.90429127,0.355698973
general_aleatoire,-0.947855473,-1.47568059,-1.10176229,1.06462836,-0.137977362,1.72977591,-0.939643383,1.78922749,0.937239885,2.92099428,2.04217839,0.833380103
general_aleatoire,-0.523929119,0.543758154,-1.45793271,1.49995065,0.0735983849,-1.66904688,-1.54956317,1.66033316,1.73594952,3.4973309,1.69363928,-0.899090707
general_aleatoire,-0.826605558,-1.26568151,-0.0372226238,-0.988936663,-0.245554447,-0.373454094,1.04124641,-0.467342138,-0.318666935,1.7996906,1.19933176,0.4373115
general_aleatoire,1.17865133,1.77421236,-0.174732924,1.61013532,-1.31692719,1.4886446,-0.93116045,-1.71496677,0.0364534855,2.9740696,2.46025753,0.148390144
general_aleatoire,1.41703224,-1.41018438,1.12654161,0.44662261,-1.58594823,0.262989044,-1.57034278,0.858809233,-1.59534478,3.52134371,1.1770879,0.11322286
general_aleatoire,1.75081825,-1.95466971,1.64901805,0.194537163,1.78430223,1.8935771,-1.02113771,-0.245261192,-1.47373891,3.43981791,2.79193783,0.245133355
general_aleatoire,0.163029909,-0.790893316,1.8718791,1.58034062,-0.979271173,1.88821387,1.43388081,1.43729973,0.185561657,3.23154569,2.11099744,0.659472167
general_aleatoire,-1.55992913,0.277905941,1.78971195,-0.627304792,-0.306567907,0.246337414,-1.96275902,-1.70743012,-0.230425119,3.00987387,2.00576019,-0.0167047624
general_aleatoire,1.0585742,-1.81572342,-0.86124897,0.175511599,1.55043316,-0.645783901,-0.528597355,-0.1062603,-1.42870378,2.53394985,1.7377249,-0.949829578
general_aleatoire,0.452681303,0.783526182,1.47520423,-1.34168744,0.647606134,1.01472187,-0.263804674,1.87244892,1.27771139,3.03136611,1.33511746,-0.693343759
general_aleatoire,1.11821127,1.62232852,-1.91020322,-1.52096033,0.399543047,0.1277318,0.781642675,-0.861952305,1.30183315,3.01525402,1.96022558,0.367354602
general_aleatoire,-1.81175542,-1.77599096,0.674186707,-0.0795688629,1.45108294,0.141483307,-1.34838939,-1.32350063,1.24965453,3.53473258,1.19072139,-0.492353827
general_aleatoire,-0.710200787,1.4135828,-0.239113331,1.65736175,1.33283854,-0.938859701,1.71763015,1.61581206,0.513691187,3.21908927,1.52823675,-1.04473841
general_aleatoire,-0.717349052,-0.420219421,0.209352016,-0.98387599,-1.79797029,1.92854071,-1.82447577,1.93207979,0.881492615,2.90451884,2.79900122,0.472246498
general_aleatoire,1.69990778,-0.222080231,1.14267659,-0.974830627,-0.69688201,-1.2383461,1.26800179,0.679813862,-0.36482811,2.71755743,1.18809247,0.787748933
general_aleatoire,-1.99839401,-0.69290781,1.22356462,0.979461432,-1.68300176,-1.68138433,-1.23404169,-1.80574918,-0.455054522,3.0304563,2.88944244,-0.218684584
general_aleatoire,-0.208185434,-0.0605652332,-0.217444897,-0.580019712,1.58257651,-0.717151403,-1.49538779,1.85566401,-1.50686431,3.32829857,0.566395819,-0.0388162844
general_aleatoire,0.566318512,-1.41018963,-1.90626836,-1.88105512,-0.279296398,-1.71307325,1.50003457,0.639479399,-0.794175386,2.97871733,2.37530446,1.1265564
general_aleatoire,-0.273662806,-1.62177467,1.05441213,1.03353906,1.9703908,0.424055099,0.636138678,0.28125,-1.79817772,2.90547323,1.96311319,-0.607391238
general_aleatoire,-1.78569388,-1.58174872,-1.43800402,1.52401614,0.49019742,0.109983683,-1.16870475,1.29934859,0.0162801743,3.11299157,1.84055972,-0.556387484
general_aleatoire,1.4264493,0.179526567,1.71069813,-0.865971327,1.79931664,1.79370046,0.219303131,1.36985636,-0.635919333,2.93282509,2.05409956,-1.30632639
general_aleatoire,0.889493942,1.84745932,-1.68802476,0.189625502,-1.57547998,-1.7429893,-0.0288746357,0.571106195,-1.35714674,2.99183464,2.37014484,0.458281934
general_aleatoire,0.350738764,1.91306162,1.58317137,-1.36591911,0.612748623,-0.0501286983,-0.603790522,-0.543515921,1.86490273,2.70753789,1.78985059,1.46166742
general_aleatoire,0.557545662,1.20647788,-1.48385453,0.521670341,-0.278734446,-0.828299284,-0.901180029,-0.505838871,1.55100608,2.77913308,0.863869905,0.0891527012
general_aleatoire,0.679879665,-1.83765721,-1.7120769,1.65490985,-0.973277807,1.33197641,0.855603695,-0.809717178,-0.0799260139,2.87522197,2.31240749,-0.102683395
general_aleatoire,1.15716243,-0.39042592,-1.87514591,-1.39416957,1.86746216,-0.232604027,0.106379747,1.08276772,-0.786875963,2.70282388,2.20223594,0.375012845
general_aleatoire,-0.943948746,-0.549667358,-1.97840595,-1.73437881,0.674019575,1.95739794,1.89050627,-1.84283233,0.427306175,3.31971216,2.70403671,-1.10515881
general_aleatoire,0.619628429,-1.52031279,-0.229056358,-0.717067719,1.79566479,1.47056627,-1.01600122,-1.0697279,0.128347158,2.91065145,1.39330697,0.654808044
general_aleatoire,0.43078351,-0.0705752373,-0.389315367,0.81146574,-1.16862512,-1.72795916,1.25362754,-1.2248435,0.971324921,2.37796497,1.90269947,-0.304036677
general_aleatoire,-1.1417408,0.646364212,0.952602863,-1.05465364,-1.2434454,-1.60857201,0.293967009,0.304637194,-1.13902473,2.48230505,1.58883691,-0.815550148
general_aleatoire,0.214711189,1.44649959,-1.2464602,1.76874161,-1.77501345,0.0739717484,-1.67716622,-0.590764523,1.97108388,3.07204676,2.75202632,-0.112503842
general_aleatoire,-1.0637691,1.13433552,-1.80087614,1.6879499,-0.92599988,-1.21978116,0.616942883,1.84227395,0.134467602,2.61051559,2.17669654,-1.75950766
general_aleatoire,-1.4293828,1.77616501,0.0363271236,-0.414891005,1.31878257,0.775453329,-0.600786686,-0.0427091122,-0.300685883,2.67741632,0.979868889,-0.190648586
general_aleatoire,0.0503046513,-1.48725963,-0.928902864,-1.5083127,-0.180197001,0.478272676,-0.116860151,0.702129364,0.826570034,2.07272124,1.56446898,-0.244292736
general_aleatoire,1.10932994,1.76255989,0.226728201,-0.682714939,0.583037138,-1.83119822,-1.94593096,-0.014819622,-1.35131717,3.09375262,2.04657292,0.633336008
general_aleatoire,0.17784524,1.93965888,-1.32623792,-1.69602609,1.0418582,0.71515274,1.93971634,-1.29566956,1.7830987,3.61573577,2.0335288,1.19922662
general_aleatoire,0.866874218,-1.21157598,0.823961496,1.50145292,-1.06320381,0.817974329,-0.921462536,-0.184613943,0.619082689,2.61680031,1.15592575,0.186484411
general_aleatoire,0.162443876,-0.439656019,1.39840055,-1.2218082,-0.0794603825,0.926718235,-0.507170677,-1.38340998,-0.0270102024,1.95875394,1.32540107,1.0542841
general_aleatoire,1.42257452,0.316519022,0.0586779118,-1.24368954,-1.57719779,1.60363078,0.776289225,0.69674778,0.07665205,2.86914206,1.20421791,-0.38096559
general_aleatoire,0.533075571,-0.807769775,-1.60201526,-0.309842587,0.416695595,-0.806649208,-1.51615739,-0.947896719,-1.68520951,2.84375048,1.35395479,-0.735185504
general_aleatoire,-1.34556651,0.109243393,-0.548931599,-0.38885808,-0.996051311,0.35524106,0.733737946,-1.64311147,0.735506773,2.27339315,1.40731728,-0.153728604
general_aleatoire,-0.276067972,0.00736093521,-1.30085325,1.11177802,1.94840026,1.36535883,0.244600773,0.319065809,0.749747276,2.87147784,1.06847012,-0.041780673
general_aleatoire,0.475740433,-0.698327065,-0.868456364,-1.6210444,1.57947659,1.90348339,-1.90317583,-0.854964018,-0.605590343,3.19578505,2.17234921,-0.040285781
general_aleatoire,-0.30476737,0.887201548,0.599455595,-1.67964196,-1.90121102,-1.26732206,1.24103642,0.357142687,0.146312714,3.09749031,1.17200863,-0.0483994484
general_aleatoire,0.239974499,-0.887131453,0.955713034,-1.75356817,1.25045037,-1.35000634,-1.48568177,1.58013535,-1.92647624,4.01706791,0.698428214,0.0993608832
general_aleatoire,0.744096756,0.758553982,-1.00039315,-0.794432878,-1.73759699,0.503935575,0.762461185,-1.39782166,0.28963089,2.57935834,1.30715704,-0.539979756
general_aleatoire,-0.123839855,-0.381922007,0.0176987648,-0.545554399,0.34031105,-1.13274312,0.0526800156,0.678444862,-0.017236948,1.32123244,0.755066276,-0.0751099065
general_aleatoire,1.88267207,-0.669063568,-1.29713917,-1.7152791,0.388466358,-1.64191937,-0.30325985,-0.264887094,-0.213245153,2.6741581,2.10165453,-0.321230859
general_aleatoire,-0.576827526,-0.983411074,0.0645391941,1.30053949,-0.780647516,-0.0589776039,0.75164032,0.173623323,1.45581913,1.83616388,1.36987543,1.03669918
general_aleatoire,-0.780956507,-0.80454731,-1.27276635,-1.22806406,-1.65635848,-1.53527784,0.856476545,0.465016127,-1.2150631,3.06504774,1.57441938,-0.196777567
general_aleatoire,-0.224576235,0.760301352,-1.2479372,-0.438494444,0.612546921,-0.336900949,-1.40606737,-0.123290062,0.217202663,1.6483568,1.44758081,-0.306048572
general_aleatoire,-0.529165983,0.108593464,-1.59752011,0.936911106,-0.76147294,-1.77956152,0.654937267,1.5514915,0.663137436,2.70282507,1.46263921,-1.14000177
general_aleatoire,0.811966896,-0.855102777,-1.13549614,-0.159589529,-1.26637864,-1.22621131,-0.273359299,-1.15851188,1.27026129,2.31660509,1.73590255,-0.680471778
general_aleatoire,-1.90781188,1.37179995,1.58698606,0.0818243027,-1.1571734,1.44324327,-1.08986449,-1.97822523,-0.881594419,3.04338861,2.29824686,-1.67422783
general_aleatoire,-1.85930157,-1.49036789,1.64728618,0.55705142,1.10132766,-1.69942832,-0.19717598,-1.46319032,1.0144403,3.84455633,0.990672946,0.499882966
general_aleatoire,0.579026699,1.82255769,-0.64135766,1.08835793,0.831791162,1.36948514,0.229698896,1.04242611,-0.975915432,2.50375247,1.90447903,0.127382129
general_aleatoire,-1.32715583,0.603311777,1.33429623,-1.53490543,-1.21956491,0.145641327,1.5704453,-0.251407623,-0.165400505,2.74021244,1.54996538,0.644874394
general_aleatoire,-0.928505898,0.707906961,0.416019917,-0.0110366344,1.48533416,-1.62403631,1.99561858,-0.837110996,0.431051016,2.73124957,1.86431861,-0.56018424
general_aleatoire,1.93492723,-0.38117671,1.84285879,-1.09917164,-0.718052626,-0.971615791,1.98518705,-0.0821802616,1.38220477,3.88184977,0.816375613,0.275984704
general_aleatoire,-0.530889273,0.443837881,1.65525794,-1.83950162,-0.526818275,1.60578728,-0.506221771,0.229717016,-0.465862036,2.90756154,1.09884942,-0.56854564
general_aleatoire,1.47390437,1.34648061,1.33771634,0.603153229,1.33202481,0.456675291,0.792695284,-0.663428068,-0.834339619,2.82458138,1.26616144,-0.552019298
general_aleatoire,1.2716167,-0.65535903,-1.84654474,-0.766123295,1.48318863,-1.91981602,0.050999403,0.330275536,-0.406999111,2.80743217,2.07357645,0.15702346
general_aleatoire,0.795334578,-0.0113310814,1.41546392,0.669661999,-1.43933845,-1.94893837,0.17673254,1.48620725,-1.96796751,3.11587906,2.10534048,0.962552488
general_aleatoire,-0.213042021,-1.61962557,-0.628134012,-1.78315306,-1.44701791,0.901911974,-0.242138624,-1.67576194,-0.0147089958,3.07607293,1.56397653,-0.329918176
general_aleatoire,0.865811825,-0.385413408,-1.00150132,0.714640141,1.51085162,-0.316414118,1.25259972,1.84567022,1.83132076,3.14874649,1.58991921,0.825513124
general_aleatoire,0.397109985,1.53504801,1.22991157,1.73331761,-1.56257653,1.43496943,-0.410835028,0.773527384,-0.652609348,2.93370223,2.00986409,0.28069672
general_aleatoire,-1.31896353,0.277929544,-0.913170099,1.44445395,-1.1490922,-1.68664718,0.414343119,-1.70970082,0.0144796371,2.80999017,1.64957821,1.17483675
general_aleatoire,1.40127063,1.46831989,-1.14859986,1.81069136,0.675012827,-0.380560637,0.171512365,0.0254020691,1.3315742,2.97773957,1.39756227,-0.54855752
general_aleatoire,1.88606524,-1.49964452,-0.895044327,-1.48086834,1.16956306,0.227273226,-1.09904051,1.78551459,0.72584033,3.82633996,0.619326174,0.343712211
general_aleatoire,-0.340008974,-0.985537529,-0.692231655,1.53493333,0.426757097,0.245911598,1.72179437,-1.25626564,1.34771132,2.76590872,1.51853764,0.753383338
general_aleatoire,-1.10252333,1.98193431,-0.0246033669,-1.9097259,1.84640789,-1.54856753,1.07856846,0.437870979,-0.0467615128,3.6875298,1.26225615,-0.874427259
general_aleatoire,1.28230572,-0.64912343,-0.859022856,0.197073936,-1.04315567,0.993443251,1.14790297,1.13571429,-1.77447271,2.82414079,1.61924851,-0.275818139
general_aleatoire,-0.701565027,-0.522469521,0.884636879,0.0232367516,0.631155014,0.24139452,1.83644915,0.914460421,1.72436094,2.71102667,1.24240756,-0.542106986
general_aleatoire,-0.580617189,1.15751719,0.450737238,0.893578529,0.341501474,-0.903833866,0.190464258,1.38386083,0.561933041,1.96470404,1.36127901,-0.407579958
general_aleatoire,-0.289977312,-0.962203503,-0.911037922,-1.66140509,-0.463356972,-1.52291346,1.34374189,-1.1016705,-1.40546727,2.69661689,2.16916871,0.389574468
general_aleatoire,0.000791549683,-0.17536521,1.36177087,-0.0305697918,0.805173159,-1.85348129,1.15616226,-1.21701598,-0.596097708,2.43493223,1.78230166,-0.193603903
general_aleatoire,1.30696964,-0.381385088,1.32306933,-0.425272465,-0.83033967,-1.23250747,1.49958873,-1.75513339,1.08713174,3.11343145,1.66878271,-0.162342876
general_aleatoire,0.36366415,-0.328370094,1.9568665,0.993625164,-1.33268142,1.84533834,-1.81326079,-0.164121151,1.11812663,3.16190481,2.10766745,-0.602629483
general_aleatoire,-1.04629135,-0.98965621,1.7672658,1.31857514,0.414977074,0.815746546,-1.57893944,1.7826941,0.290731192,2.51324153,2.23570275,1.48811424
general_aleatoire,-0.364291191,0.00232338905,0.647879124,1.42235541,-0.140580893,0.122780561,0.522354603,-0.979070425,-0.201604605,1.6558758,0.852627337,-0.643096626
general_aleatoire,0.70257616,-1.24547124,0.170301676,0.0315895081,-1.0678215,0.114336729,0.294511318,1.24241519,1.28614211,2.18642282,1.26599979,-0.359751761
general_aleatoire,0.942082644,-1.88571644,0.655166388,0.523404121,-1.54645181,-0.601659298,0.882465124,-0.829314232,0.00122046471,2.89383531,0.893164217,0.441171557
general_aleatoire,-0.429649115,1.57639813,-0.63190937,1.67948365,1.32895637,-1.77937365,-0.900808811,1.28256607,0.932611942,2.98581123,2.22336245,-0.538226306
general_aleatoire,-1.8492105,-1.62376094,-0.531321526,1.80558538,0.169199705,0.489266396,-1.40759683,0.826874256,0.985255241,3.09156203,1.89241564,0.60283941
general_aleatoire,-0.807842731,-1.96658134,-0.35161376,-1.32560396,-1.10488653,0.323187113,1.73014426,0.857550144,-0.0475823879,3.18678808,1.09950304,-0.304409176
general_aleatoire,1.66657233,0.521792412,0.821986437,0.937088013,0.687116861,-0.515575647,-0.422635555,0.880406618,-1.99486232,2.51238751,1.98832476,0.0957030058
general_aleatoire,0.703969955,-1.51936316,0.82263732,0.138218164,-0.0430805683,0.700519323,-0.468250513,-0.330206871,-1.11167145,2.00274253,1.23221087,0.165060967
general_aleatoire,0.922715902,1.29850531,0.0874490738,0.433400154,-1.70329523,-0.2225914,-1.23193502,1.77598357,1.35999274,3.10815382,1.51907575,-0.486740857
general_aleatoire,-1.80864477,0.899650812,1.40068769,1.57904792,1.99033022,-1.52977109,1.54776835,1.96089005,1.24174619,3.65112257,2.71231556,-1.39023685
general_aleatoire,-1.1623733,-0.502776146,-1.95288062,-1.07474351,1.98969173,0.939401865,-0.875704527,-0.781698704,0.672077656,2.70542622,2.02447176,-1.35123777
general_aleatoire,-1.29584146,-1.29327083,1.14610338,0.32091403,-0.749825478,1.61613989,1.65776682,-0.719275475,1.36253047,2.91047859,2.12052679,-0.311380088
general_aleatoire,0.68101573,1.3905611,-1.24838567,1.08627868,0.499181509,1.52352548,-0.654198647,1.22298741,-1.1551671,2.6670382,1.83821785,-0.687146544
general_aleatoire,0.410045385,-0.747272015,-0.81670928,-1.28463578,1.55283666,1.60766435,1.36241436,-0.411252499,-0.108482838,3.01112223,1.00490165,-0.0113160592
general_aleatoire,-1.01888299,-1.84368539,-0.206368685,0.5541749,-0.717855453,-1.79761267,0.977676868,1.70511961,1.88487959,3.54766989,1.76695085,0.491633505
general_aleatoire,1.84652495,-0.247865438,-1.24203944,1.44413352,0.705557346,0.263452291,-1.63092399,-1.37105751,0.918067694,3.27670217,1.30705416,0.777100444
general_aleatoire,0.762490749,-0.61084938,0.0537378788,0.724200249,0.602426052,-0.508494139,1.55874944,-1.41773009,-0.238261938,2.33892727,1.05097795,-0.1570272
general_aleatoire,-0.375560284,1.60471034,-1.54930592,1.00267601,0.307533026,-0.0455803871,-1.83619404,0.412888527,0.109278679,2.4210093,1.94923127,-0.334278315
general_aleatoire,-0.697675705,1.54547453,1.93438911,1.35149288,0.669404507,1.53112674,-1.82461262,1.68819499,-0.69351244,3.04795361,2.85021996,0.694612622
general_aleatoire,-1.58188868,0.493257523,-1.48501134,-1.77466702,0.228027105,-1.90446329,1.57589054,-0.19990325,1.89739776,4.21812391,0.323012531,0.0771964714
general_aleatoire,-0.669239283,-1.81495237,-0.246805668,-0.57690382,-0.949226856,-1.14842319,-1.34112906,1.02386332,0.7565732,2.54042101,1.62024355,-0.834247887
general_aleatoire,0.56077528,0.0582842827,-1.52044797,-1.19938326,-0.0659117699,-0.721642494,0.741761923,0.367231607,1.11602139,2.11367512,1.41177952,0.251177818
general_aleatoire,-1.7110827,-1.91978931,-1.4101882,1.5618782,-1.70701766,0.277125359,1.24926925,1.24763632,1.00963688,3.56826448,2.33152437,0.0178214964
general_aleatoire,1.23175192,1.01325154,-1.24058938,0.865301371,-1.55931163,0.677541494,0.885149002,-0.0920324326,-1.37429237,2.56666851,1.85471833,0.61244303
general_aleatoire,0.569112539,1.39974976,-1.8465538,0.904757738,0.485857487,1.36730123,1.11151075,-0.803949356,0.0014333725,2.51713443,1.60371435,1.26136184
general_aleatoire,-0.733607769,-0.569946766,0.684886217,-0.890293121,-1.87421632,0.571208,0.905986786,0.77120471,1.34313226,2.51339078,1.62908697,0.460642308
general_aleatoire,1.48387027,-0.339345694,-0.630663872,1.05951524,1.07908916,-1.30155635,0.245423079,-0.710958481,1.53134584,2.61274838,1.56205404,0.583152473
general_aleatoire,1.89721966,0.111248255,1.9453125,0.0705192089,0.0504200459,0.311508179,1.73707914,0.997261286,0.0909225941,3.1186111,1.33315921,-0.1334351
general_aleatoire,1.85876179,-0.83364749,-1.70574665,-0.932402849,-1.7862618,1.71802258,1.75020123,-1.31021452,0.119502306,3.36261344,2.65952945,-0.696506739
general_aleatoire,0.318529606,0.459611893,0.222100258,-0.0703058243,0.958486557,-1.62537026,-0.00302839279,1.07235742,-0.910857439,2.32653642,0.687745333,0.146137252
general_aleatoire,0.988898516,-1.32241416,-0.753186941,0.483275175,-0.775043249,0.875962973,1.35136533,0.278084993,-1.71057105,2.54486823,1.71009111,-0.569522023
general_aleatoire,0.953404903,1.5244205,-1.43391538,-0.973353386,1.52988076,0.371938944,0.329581976,1.74397659,-1.49262452,3.30508018,1.75708795,-0.286941916
general_aleatoire,0.712489843,-0.152299404,-0.342280865,1.37916684,0.758136749,1.59024858,-0.624081612,-0.941402197,-0.890966415,2.6232934,0.835140765,0.379689991
general_aleatoire,0.84506321,1.98673296,-1.60005903,1.00316072,-1.86581659,0.578879833,0.241595745,-0.578841448,0.779310226,3.28673768,1.43532085,-0.426723748
general_aleatoire,-1.80335689,1.18314672,-1.87577271,-0.639135122,0.216724873,-1.97389841,1.04813075,-0.0819232464,0.149516582,3.49953365,1.08932006,-0.465278745
general_aleatoire,-1.9365859,1.36314011,-1.63206196,-1.86629391,-0.69324398,-0.532991886,-0.251312017,-1.05171847,-0.882122278,3.24368286,1.78128731,-0.879095197
general_aleatoire,-0.210908175,0.327461004,-1.71049452,-1.77860093,1.81652641,-1.42168117,-1.10697842,0.781033516,1.68923092,3.1829617,2.47312307,-0.0566049218
general_aleatoire,-1.43143678,-0.296427488,0.559100628,1.94209647,-1.78126168,0.216233492,-0.370471001,1.72333145,-1.29036212,3.21149898,1.94933617,-0.315244257
general_aleatoire,-1.97860408,-1.56145501,0.992955208,0.268131018,1.61220241,1.71334291,-1.44111776,-1.78085184,-1.61549664,3.86823559,2.37454557,0.449422896
general_aleatoire,-0.313783169,-0.301709652,0.830141544,1.73471546,-0.149248838,0.169546127,1.22598362,0.10982585,-1.2814188,2.3228457,1.29428613,-0.158825979
general_aleatoire,-1.43549562,1.83837676,-1.99684215,-0.459349632,1.24056029,-0.63372159,-1.64970183,1.4984231,0.535399199,3.72166348,1.67338049,-0.426274151
general_aleatoire,0.255467892,1.65846562,0.0657773018,-1.1653924,0.907911539,0.661091328,0.319336891,-1.6852057,-1.34993744,2.88890171,1.21333754,-0.621182144
general_aleatoire,0.415020466,0.696790457,-1.34427333,-1.46612453,0.943814039,1.22343063,-0.79507494,1.95894623,-0.146435976,2.71409702,2.02368259,0.177097052
general_aleatoire,-0.490449667,0.397722006,-0.220976591,-1.31490636,-1.81426549,0.966551065,-1.94506741,-0.789438725,1.68567729,3.50108504,1.07838285,0.479391009
general_aleatoire,0.649487257,-1.48550391,-1.36686802,-0.21688509,0.752470493,1.26141834,-1.48724794,1.55727482,-0.298574209,2.96498108,1.62162447,0.0817963406
general_aleatoire,0.077590704,-1.01117587,0.260129929,0.993500948,0.678735733,-0.951860189,1.84552979,1.52686906,0.410679817,2.74743795,1.07054615,0.813271523
general_aleatoire,1.56728077,0.237900972,-1.21423483,-1.94186354,0.455383778,-1.67620134,-1.64912963,0.308686495,-0.433851719,3.15542722,1.95084238,0.12581189
general_aleatoire,1.7449615,0.853286743,1.46676517,0.637692928,1.93031549,0.498802662,0.111335993,-0.869836569,1.15172362,2.95600915,1.83642507,0.539440513
general_aleatoire,-0.487900257,1.36160111,-1.58821559,0.592126608,0.876091242,-0.645000458,0.0155551434,-0.120086432,0.835062504,2.45719671,0.787301004,-0.450490981
general_aleatoire,1.43166828,-1.00422597,-0.805808306,-0.702247143,1.69497252,-0.663138866,-1.08077478,-1.89703059,0.998065472,2.87563658,2.1723187,-0.536643267
general_aleatoire,-0.635808706,0.522236824,1.21321821,0.998397589,1.58919382,-0.250609875,0.0728731155,1.73056412,-0.177993298,2.49398541,1.50984669,0.516010106
general_aleatoire,0.52988863,-1.87670159,-0.846817017,1.51681733,0.553820133,-1.94795918,-0.852737188,1.77900028,-0.825470448,2.76519918,2.6554215,-0.893140435
general_aleatoire,-0.0431351662,-0.401606083,-0.63226223,1.40972161,1.69687366,0.00119137764,-1.90243626,0.715603352,0.325699568,2.46411777,1.81014514,-0.564385056
general_aleatoire,-0.432129145,0.195729971,-0.945578337,-1.12271857,1.8185606,-0.284450293,0.41432476,0.609055996,1.73580527,2.25635386,2.05636454,0.0600181445
general_aleatoire,0.908524752,-1.1863482,-1.99713278,-1.41242337,1.74741364,1.42329144,-1.34189868,0.723668814,-1.06567836,3.60629225,1.92862368,-0.17508696
general_aleatoire,-1.25368619,-0.946106434,-0.922561407,-1.8487196,1.20265555,-1.50779152,-0.184525728,1.94539952,0.682161808,2.91595149,2.46093655,-0.424897641
general_aleatoire,-0.73913312,-0.726592064,-1.53879571,-0.475080252,-1.57203507,1.96285009,0.877839804,-1.00953174,1.41827464,3.20295382,1.694417,-0.814383686
general_aleatoire,0.0258255005,-0.972190857,1.37760925,-1.91636205,-1.04310727,-1.10764003,-0.339145184,-1.77393746,0.460365057,2.6855011,2.20247197,0.491957426
general_aleatoire,-1.5864203,-0.0752475262,-0.273967743,-0.161991119,-1.08032656,-0.54996109,0.0637834072,0.346585274,-0.986025095,1.67459238,1.15941954,-1.02038002
general_aleatoire,0.497490644,1.7621491,0.613157988,1.62377572,-1.71852779,0.267224312,0.524136543,-0.582304239,1.8129487,2.80552578,2.03704143,-1.12698281
general_aleatoire,-0.475412607,0.163944721,-0.352591038,0.861068249,0.910317183,0.226929188,-0.193444252,1.41896224,1.4269197,2.18582273,1.01604903,-0.525001347
general_aleatoire,1.71833229,1.77637911,-1.26312041,-0.656215429,-0.2525599,0.242777824,-0.430471659,-1.61977386,-0.379139662,3.11163783,1.20732164,-0.264220566
general_aleatoire,-1.19812393,-1.49790335,-0.346137047,1.25446272,-1.17518926,-1.85693526,1.5062418,0.112906218,-1.36685514,3.11835313,2.14348984,-0.181963474
general_aleatoire,0.64751339,-0.17735672,-1.17012239,0.422796726,1.62340069,0.767455578,1.35419679,-0.467722654,-0.115665197,2.02573633,1.56465662,0.858675599
general_aleatoire,1.47639608,-0.355404377,0.273276567,-1.05372834,-0.241969109,0.919972897,-1.73103762,-1.47302485,-0.141242266,2.71093369,1.14571786,0.959370673
general_aleatoire,0.720950842,1.28294325,1.36982775,0.458163977,-1.08611393,1.32864976,1.46570945,-0.0239534378,-1.86670732,2.72521448,1.7837919,1.4905622
general_aleatoire,-1.52615333,1.65114951,-1.94544077,-1.52655125,-0.787122011,0.583036661,0.79196167,-0.999670267,1.16103959,3.43681383,1.81463325,0.00193327281
general_aleatoire,1.34620953,-0.816988707,0.0492012501,-0.0173845291,-1.4590354,-0.315524578,0.283966064,-0.357908964,-0.368469715,1.93879783,1.09375858,0.316345632
general_aleatoire,-1.07460523,0.645791054,-1.4545157,1.52761292,-1.21324587,-0.362443686,-1.77867055,-0.840477467,-1.20747709,2.95378733,1.78716958,1.01666534
general_aleatoire,-1.94193983,-1.96319652,0.299355984,0.509033442,-0.390901089,-0.734498501,-0.501403332,1.89257884,-1.26825881,3.14834213,1.81542122,-0.948798895
general_aleatoire,-1.22513199,-0.279778719,-0.616685867,1.93776774,-0.568635464,-0.808983564,-1.96619415,0.398817539,1.35683179,3.31903791,1.21403265,0.261439085
general_aleatoire,1.10594749,-1.87202239,0.996631145,1.7607193,-0.684902906,1.56829739,0.443440199,0.14208746,1.48505855,3.44481683,1.40613222,0.572624266
general_aleatoire,0.17438221,-1.93821049,0.615111589,-0.257062674,-0.451800108,-1.10290647,0.588889122,-0.445471048,-1.82092667,2.24801326,2.04278994,0.535251498
general_aleatoire,-0.336041689,-1.78380966,0.986683846,-0.171078444,-1.62471271,0.198489189,0.0503354073,1.55127048,0.256778955,2.95360851,0.853071451,-0.0133687127
general_aleatoire,-1.58135748,-0.0233697891,1.29059148,0.927492857,-1.15981078,-0.464835167,-0.423665524,1.77986813,-0.733590364,2.46497154,2.08453345,-0.229243904
general_aleatoire,-0.0727863312,-0.399379015,0.284855604,-1.39801812,1.30212307,0.0142800808,-0.899055719,1.20657015,-1.69919205,2.72641897,1.23759413,0.287217557
general_aleatoire,-0.233864069,0.83113575,-0.0375459194,-0.0679526329,1.39507031,1.58601689,0.82423234,1.93072009,-0.038182497,2.73657656,1.37398934,0.494950414
general_aleatoire,-0.403562784,-0.969217539,-0.338243961,1.53970695,-0.368149757,0.308081388,-0.701783657,-1.11540961,1.12674832,1.90647054,1.55932128,0.870567977
general_aleatoire,-0.923521042,1.03598285,1.21253228,-0.0854206085,-1.8234179,-1.82135534,1.96836853,-0.761762857,-1.47859335,3.73179603,1.65844679,-0.100602113
general_aleatoire,-0.830787897,1.18427396,1.24434876,-0.420898914,-1.64969778,-0.0311353207,1.22270131,1.52260208,0.676734447,2.81793475,1.56179893,0.65731138
general_aleatoire,-0.348355293,0.929765701,0.149974823,-0.271147251,-1.80280137,0.718903065,-1.99061012,0.436115742,-1.02080059,2.48616886,1.88010299,-0.57243371
general_aleatoire,1.07592058,0.722332239,-0.212920666,-1.5149405,-0.108697653,-1.54495239,0.574304819,-0.35615778,-1.56769013,2.4122622,1.74374568,-0.68783021
general_aleatoire,0.591347933,-0.255022287,0.848287821,1.88780332,-1.28619742,-1.84979081,-1.68164754,-0.735981226,1.7615881,3.62939215,1.4691335,-0.957137287
general_aleatoire,-0.743560791,-0.957334518,0.533856392,1.41338587,-1.57679868,1.45396566,0.514175892,1.09009027,-1.61983919,3.10065293,1.60891974,-0.475633383
general_aleatoire,-1.32466578,-1.62018561,1.2872057,0.912733316,1.07700205,-0.703459501,0.386891842,1.90969157,-0.65119195,3.47467232,0.810992956,0.118793257
general_aleatoire,-1.85058832,-0.949965715,-0.219573498,-1.5124433,-1.54745626,0.0390281677,-0.594484329,0.341043472,1.99288964,2.97710323,2.09091926,0.514973164
general_aleatoire,-0.562644243,1.55536985,-0.0985639095,-1.80670238,-0.545942307,0.253023148,0.56402421,0.591289043,1.60503674,2.09968853,1.74721873,1.46769524
general_aleatoire,-1.16186166,-1.34431911,-1.41957784,-0.474364996,1.61752439,-1.43652582,1.8752656,0.499774933,1.96757126,3.60403585,2.15030265,0.319669098
general_aleatoire,0.915481806,1.15904689,1.72765088,0.65400815,-0.884512424,-0.61707902,1.80084467,-1.31440687,-1.74694943,3.35235834,1.85485697,0.317629039
general_aleatoire,-1.68407774,0.412055254,0.773189783,-1.77146935,1.1388936,1.57509661,1.3058145,0.119235992,1.65505981,3.19677162,2.15990663,-0.306410223
general_aleatoire,0.677393198,1.51971817,1.32629561,1.99896502,-1.3987577,-1.02374411,-1.84563398,1.05323029,1.51552439,3.82353425,1.88117516,-0.426779121
general_aleatoire,0.345837831,-0.740267277,-0.955019474,-1.48408461,1.92762113,-0.126155138,1.59159231,0.393224239,-1.48593736,2.80760288,1.98286915,0.771494865
general_aleatoire,-1.87611771,-1.89536667,-0.900417566,0.75332284,-1.86880064,0.416522503,-0.31865859,1.74326229,1.58039999,3.50592685,1.97499418,1.265872
general_aleatoire,-1.06397891,1.93060946,-1.66244841,0.548190117,-0.963138819,-1.35344934,-1.92428946,1.62339735,-1.8564291,4.12855911,1.74900162,0.603025794
general_aleatoire,0.0649912357,1.65943122,-1.38500285,-0.591933727,1.68690658,-0.356764078,1.02987599,-1.92651343,0.926820993,3.55137825,0.945447385,0.352741867
general_aleatoire,-0.91791296,0.836722612,1.21890378,-1.19864082,0.461963654,-1.15597343,1.01512218,0.753171921,-0.211145163,1.8624599,1.71207595,-1.12124157
general_aleatoire,-1.12110901,-0.761083126,-0.245313406,-0.0687596798,1.12800717,-0.70771575,1.1358099,1.35588431,-0.186953068,2.36260319,1.11973643,0.0451192707
general_aleatoire,-0.809305191,1.16875958,0.639054537,1.35448718,-1.45207119,0.619102955,0.747465849,-1.0862968,1.65319872,2.97207046,1.5340457,-0.202761725
general_aleatoire,-0.903953075,0.434332609,-0.740635395,0.239421368,-1.53278375,1.84447289,-0.907361746,0.509586096,-1.16192317,2.97472763,0.961743355,-0.149126247
general_aleatoire,-0.961798429,-0.178685188,-0.830435991,1.63374996,0.821226358,-1.58207893,0.941746235,0.881071568,-0.786015272,2.83647466,1.26909757,-0.343409568
general_aleatoire,0.749131918,-0.61862421,-1.61698341,1.96422601,1.6902895,-1.59219003,0.273888588,-0.381419897,-0.545098066,3.26924491,1.62240231,0.0796104968
general_aleatoire,-1.75021005,1.02615428,1.28431344,-0.970538378,-1.63061666,0.774039268,0.696029425,-1.84115529,-1.77406645,3.43747902,2.17241144,-0.672063172
general_aleatoire,1.35763192,0.691420078,-0.207316637,1.37214756,0.546771526,-0.404714108,-1.11504889,0.0885057449,0.70829463,2.4518919,0.670342386,0.0382543653
general_aleatoire,-0.39383316,1.08896089,-0.798045158,-0.107147455,1.21305346,0.470907688,-0.911989927,-0.174696445,0.891773462,1.69684708,1.38848782,-0.729976296
general_aleatoire,1.57636547,-1.17521191,-0.0085234642,-1.00058484,1.36723471,-0.654155493,1.2054081,0.356625319,-0.357980728,2.67381859,1.28260159,0.280198932
general_aleatoire,-0.18231082,-1.07966208,0.980579138,-0.375671625,-1.14573097,1.30486941,-1.95731091,-1.08946991,1.10622978,3.17858553,1.1996913,0.126672387
general_aleatoire,0.0977451801,1.28659725,1.22438693,-1.76207948,-0.586090326,0.44362998,0.568838358,-0.48717308,-1.01747394,2.13170624,1.96214283,-0.105995767
general_aleatoire,1.17558241,-1.56288242,1.49765801,1.17753673,1.40401506,-1.60412574,1.10881686,-0.914474487,-0.92379117,3.03543377,2.20705795,-0.912583947
general_aleatoire,1.42043757,1.24755836,-0.614122868,0.133913755,1.8921814,-1.78897357,1.91893721,-0.172244787,-0.926896095,3.29334617,1.98285544,-0.737008452
general_aleatoire,1.76863146,-1.83608723,1.55143738,0.820253134,-1.5909431,-0.19605422,0.97650671,-1.59698868,1.22317123,3.98337817,1.08276916,-0.330121875
general_aleatoire,0.830091238,-0.914447308,-1.87530041,-0.113565922,1.48078656,0.843951702,-1.44538999,-0.243834257,-1.4907527,2.91572404,1.75149322,-0.872738481
general_aleatoire,-1.54881239,-1.29731083,0.82352972,1.84106541,1.64655471,0.772677422,0.60993886,1.20548606,1.09520292,3.47354555,1.5228411,0.312821597
general_aleatoire,-0.409460068,-0.566550016,-0.654749155,-1.26720715,-1.06206417,0.571094513,-0.0774080753,-0.688915253,0.20731473,1.90053976,0.826458752,-0.453614593
general_aleatoire,1.44029403,0.527099371,-1.50948787,-0.971526146,-0.266145229,1.79461622,-0.413089752,-1.32096624,1.75221539,3.56027341,1.00249779,0.414105922
general_aleatoire,1.86261249,-1.38746095,-1.9405756,-1.96061277,-0.0754973888,-1.04765916,-0.666528702,1.28110743,-0.20350647,3.26531243,2.12923646,1.01906717
general_aleatoire,-1.16271281,0.2826581,-1.03648782,-0.257643461,-1.48040485,-0.34061265,0.861744642,0.93089366,-1.72330332,2.29616833,1.63564253,-1.22935963
general_aleatoire,0.743505001,-0.675166845,1.33308506,-0.870005131,-1.00016427,0.220638752,0.438113928,0.921664953,0.340779066,1.71781301,1.62057161,-0.414839029
general_aleatoire,0.131505728,-0.521048784,1.72410393,-0.0557699203,1.8057704,-0.744871616,-0.554138899,-1.43262243,1.11072135,3.01414013,1.15746927,0.498471826
general_aleatoire,-1.14479518,0.955205441,-1.57794547,1.57185817,0.732278109,-0.208225489,0.642909527,0.121892691,1.80242538,2.81538653,1.67987502,-0.831719816
general_aleatoire,-0.336902857,0.91871357,1.40150762,-1.79181671,-1.08119082,1.53698063,-1.04116392,1.45070052,-0.509579659,2.72667837,2.01918149,-1.26491416
general_aleatoire,-0.226718903,-1.07862878,0.343451977,0.244027138,1.90431333,-1.46203971,0.129217386,-0.719255209,1.62128711,3.07577276,0.926534593,0.00847964827
general_aleatoire,1.65377879,-1.66784501,-0.363098145,-1.23579264,0.992934704,-0.236980438,-1.5461514,0.339027166,-1.00974202,3.17749333,1.27811551,-0.113377362
general_aleatoire,1.26491117,1.22938228,1.95304823,1.05197167,-0.444594145,-0.455376387,-1.81033754,1.81758738,1.20468593,3.2644794,2.39757586,0.253913134
general_aleatoire,1.64257193,0.417522669,1.84920287,-1.20582867,-0.288341284,-0.020686388,-1.2101059,0.969240904,0.506634474,2.70951056,1.66682518,-0.608457029
general_aleatoire,1.08164692,0.739092588,-0.00152635574,-1.49823308,-0.779141903,1.14593196,1.89497018,-1.92775917,0.653450251,2.82975006,2.27846479,0.645308316
general_aleatoire,-0.0690865517,-0.367049932,-0.67593503,-0.878147125,0.961212158,0.924411774,-0.748957157,-1.03126645,1.30722833,2.03152752,1.45685649,-0.479326308
general_aleatoire,-1.31316018,0.37981391,0.119335413,1.17557335,-0.840050459,1.95736241,0.51562047,0.71663332,-1.52824545,2.83000255,1.68059385,0.288905621
general_aleatoire,1.93980122,0.619764328,-1.88465476,-0.866813898,-0.647440195,-1.99902844,-1.56858706,-1.49225593,-0.950780392,3.1233077,2.92212892,-0.403617144
general_aleatoire,1.73446131,1.35555148,1.46941853,-1.87070704,-1.06556392,0.0807316303,1.11348748,0.268514633,0.434286356,3.449018,1.0510664,0.382947922
general_aleatoire,0.244604349,1.88361883,-0.0988118649,-0.505577564,1.16241169,0.725842237,-1.4658277,-1.74585724,-0.757692099,3.0668757,1.24161828,-0.758086085
general_aleatoire,-0.415010691,0.462903976,1.85527062,0.763805389,0.155923367,-0.383406401,-0.848482132,1.50148487,-1.51891637,2.55906773,1.6913743,0.67465961
general_aleatoire,-0.338026524,0.81411314,-0.388895512,0.579424143,-1.85517097,-0.504245281,0.204565287,1.8037653,0.834723234,2.8506031,0.843204558,-0.339387417
general_aleatoire,-1.91118884,-1.54224753,-0.785104752,-0.778269053,1.68427777,1.12502766,-0.716258287,-0.536322355,-0.990988731,3.05558157,1.86779308,0.559677362
general_aleatoire,-1.03359032,0.13688159,0.688802481,1.29520679,-1.21296501,-1.58741307,1.58261156,1.77208281,-1.57760644,3.30299997,2.08956456,-0.296494544
general_aleatoire,1.18029141,0.826199055,-1.27499914,-0.00180530548,0.848031759,1.47971821,-0.460165262,-1.49521971,-0.390821457,2.14641142,2.13054609,0.252802312
general_aleatoire,0.711579561,1.13316035,0.288218498,1.85113907,-0.0796394348,-1.49337673,-0.0343711376,-0.317479134,0.887907743,2.48506474,1.3148663,-0.722934127
general_aleatoire,-0.0762336254,1.75096655,-0.494752884,-1.63499355,-0.547243595,-1.92198944,-1.7909255,1.22281909,0.74215436,2.70915484,2.40409517,1.455163
general_aleatoire,-1.56732249,-0.25514245,1.94678712,-1.22082496,0.477392912,1.26413393,0.603465557,1.21024299,-1.2044332,3.35422587,1.28705883,0.00984281395
general_aleatoire,-0.0544335842,-1.03875089,-0.806197405,0.637401104,0.552370787,1.63890719,-0.847391605,1.92956209,-1.05596828,2.47224855,2.13712502,-0.0797875524
general_aleatoire,-1.20787644,0.922058582,-1.46352172,-1.8386991,-1.77439475,-1.62092614,1.47318792,-1.97284746,-0.821140766,3.29315925,2.86972451,-1.12437189
general_aleatoire,-1.38822746,-1.99275208,-1.72404003,-1.10472775,1.98320937,-0.638235807,-0.84476018,1.96394467,-1.40292811,3.49062037,2.92351556,0.488847017
general_aleatoire,0.0941662788,-1.03601503,-1.18114424,1.74450207,-0.660726786,0.0806407928,-0.67876935,-0.540727615,-1.92109704,2.53872085,1.96288717,-0.330674171
general_aleatoire,1.4935658,-1.45926785,-0.420038939,0.780785799,-0.659965754,-1.51899624,-1.17087007,-1.07706308,-0.488812923,2.60901809,1.68249786,-1.01060891
general_aleatoire,-0.597050905,-0.733262777,1.03093958,0.709215641,0.329603672,-0.841669321,0.755999804,0.30879879,0.26804924,1.82489336,0.787620723,0.255292088
general_aleatoire,-1.73643136,0.734369516,-1.23484349,-1.98863149,-0.370378971,1.72359252,1.74779701,-1.55631924,-0.490992069,3.42705441,2.23551464,-1.05721784
general_aleatoire,-0.375003815,0.656296253,1.08415341,-0.979651213,-0.259077311,-1.49186587,1.7873702,-1.76585364,-0.129644394,2.67296481,2.02621078,0.280553699
general_aleatoire,-0.778346062,1.49975753,-1.36935592,1.24331236,-1.30395842,1.92394519,1.04303718,1.70619106,-1.93664789,4.03622293,1.736359,0.348583728
general_aleatoire,1.5924952,0.231240273,0.926417351,-0.482154608,-0.532007456,0.0261998177,-1.57549834,0.251320839,0.754580021,2.29863882,1.23686016,-0.514916241
general_aleatoire,-0.746529341,1.91461611,-0.819564581,0.906417608,0.93360734,1.71491742,1.4851079,1.21721864,-1.22967362,2.69885516,2.178653,1.64250445
general_aleatoire,-1.34754133,-1.60952497,-1.00318503,1.59118319,-0.632537603,-0.600418329,-1.32695842,0.205269337,0.32660532,2.53228664,2.04968905,0.0348267555
general_aleatoire,-0.56182766,1.90180206,-1.49679089,1.04583526,0.357326508,-0.306453228,0.100563288,-1.98198223,-1.18802595,2.81079602,1.91931188,1.11968374
general_aleatoire,-0.746896029,-0.192523956,0.107037067,1.18778992,-0.702996731,0.36170435,-1.55586052,-1.61233091,-0.228940248,2.39896154,1.37772703,-0.248662651
general_aleatoire,0.192085981,-0.986988783,0.81095314,1.63692927,1.17081356,-1.59298205,0.516470194,-1.80338955,-1.38936734,2.75347495,2.34049082,-0.803988576
general_aleatoire,-1.97874355,0.840692997,-0.687721491,0.709367275,0.641547203,-1.90229249,0.92165494,-0.353009462,-0.186953306,2.43235135,2.16778946,0.148403451
general_aleatoire,-0.668199062,0.737314463,0.677648067,-0.560343981,-1.1354568,0.671224833,0.363487482,-1.83761621,1.65282369,2.79783058,1.21138179,0.669775963
general_aleatoire,-0.436988115,1.19120932,1.1633985,1.68583083,1.21202397,1.91402364,0.864594936,-1.9573195,-1.18304563,3.56642222,2.03482914,-0.2372168
general_aleatoire,0.49096489,-1.01117969,-0.348642588,1.98435473,1.43941784,-1.58648801,-0.992741346,-1.27734923,1.9241178,3.79109502,1.18679357,0.670909703
general_aleatoire,-1.47989511,0.454831839,-0.689380169,1.17414951,-1.15929675,-1.65760183,-0.00924825668,-1.26616859,-0.0959172249,2.54438972,1.56857026,1.01023912
general_aleatoire,1.03361464,1.60602236,-1.91205406,-1.86104035,1.26751184,-0.720481873,-1.94420409,0.386631489,0.628475189,3.01352763,2.84367442,0.222102612
general_aleatoire,0.419206858,-0.539624453,-0.0794951916,0.445979357,1.26266193,0.784125566,-1.74911141,-0.630099297,1.26195097,2.28092337,1.57691348,0.49089852
general_aleatoire,-1.56815028,-0.0209832191,-1.72141671,-1.46495724,0.355743885,1.54280758,0.082621336,0.596915007,0.968803883,2.56912565,2.14061952,0.441335589
general_aleatoire,-1.34581733,0.0389418602,-1.86540127,-0.310216904,-1.43556142,-0.407651424,0.435191631,-1.89421248,-1.28281522,2.93677425,2.00341749,-0.632800758
general_aleatoire,-0.657771349,-1.09694791,1.90408063,-1.89944124,1.49422216,0.891722679,-0.682487965,1.24145746,0.351181507,2.97026968,2.25709677,-0.332525909
general_aleatoire,1.18739247,1.38918686,-1.4897275,-0.234902859,1.61320448,-1.92816877,0.689115286,-1.70195818,1.59011436,3.9817512,1.39267588,-0.201465636
general_aleatoire,0.0415706635,-0.21135807,1.87775731,-0.252180576,0.772838116,1.13814592,-1.7163353,-1.62680864,-1.24255657,3.03588939,1.70812464,0.728401184
general_aleatoire,0.0834960938,1.08529234,1.34553671,1.3657589,1.32077003,0.470778227,1.82453132,0.577692509,0.793090343,3.0057075,1.31425786,-0.597283423
general_aleatoire,-1.88665032,-1.16891766,1.31412101,-1.91887879,1.15310073,-0.0823369026,-0.963859558,0.0548152924,0.834706783,3.097615,1.87745297,-0.424221903
general_aleatoire,-1.03894973,-1.14058161,-1.50121021,-1.83867955,0.344832659,-1.19545388,1.05702257,-1.28548455,1.9726162,3.56731319,1.69234931,-0.796209335
general_aleatoire,-0.649008036,1.03321028,-0.326202154,1.17452955,0.0341553688,0.465843439,-0.0929846764,1.94369054,-0.917301655,2.46585584,1.2861985,0.29344213
general_aleatoire,0.55982542,-1.88331747,1.4410131,0.420406342,1.78313851,-0.417020798,1.71943378,-0.805311441,-0.47433877,3.03698564,1.84428823,-0.819960117
general_aleatoire,1.46776414,-1.68535185,0.986973047,-1.31250525,1.43106198,-1.76310682,-0.0200688839,-1.57841229,-1.47627521,3.54331994,2.21473455,-0.242948681
general_aleatoire,-1.26139522,0.784885645,-0.63562274,-1.17570496,0.174158573,-0.235081434,0.846728086,-1.73999691,-1.15629077,2.56071806,1.55899107,-0.415779293
general_aleatoire,1.30123353,0.690089464,-1.49623752,0.817036152,1.6123898,0.234489202,1.45692229,1.61447144,-0.141669035,3.19090414,1.49936652,0.223014489
general_aleatoire,-1.55602098,0.977472782,-1.2915144,0.477780104,-0.285340786,1.21230245,-1.49314928,-0.272779703,0.265184402,2.65718317,1.3996824,-0.422524512
general_aleatoire,1.14323378,-0.406398296,-0.150172949,-0.86161685,1.76386309,-1.32004094,-0.0545117855,-0.65864706,-0.14952302,2.49840117,1.00451934,-0.546695888
general_aleatoire,0.43183732,1.1402874,0.30314064,1.28631067,-1.34550405,0.217956305,-1.50032091,-1.28080893,-1.89329314,2.91995525,1.9617455,0.438774407
general_aleatoire,-0.128967285,-1.95029783,1.8722899,1.51924157,1.01194477,-1.81964469,1.24465036,0.924884319,-1.86869812,4.25927258,1.30476141,-0.14762257
general_aleatoire,1.48794031,-0.128562212,-1.60776877,0.586484432,-0.254794359,1.32013059,1.84921193,-1.80290556,1.33655453,3.14497519,2.29353142,0.521843135
general_aleatoire,1.40975547,-0.0411839485,0.193603516,1.05028439,-1.21074414,1.3335104,-0.730979204,-0.607892275,-0.872282028,2.43577719,1.21829116,0.788246274
general_aleatoire,1.56861162,0.123435974,-0.118106842,-1.79325747,0.11122942,-1.36585546,1.99883032,1.250772,1.37321186,3.64291453,0.994038165,0.877473831
general_aleatoire,-1.46958423,-0.552920103,-1.06641507,-1.95861769,-0.186517715,0.504696131,0.0684833527,0.815653563,1.05444169,2.55407596,1.69677246,0.3283571
general_aleatoire,0.603210688,-0.210670471,1.87144923,1.1594584,1.45188403,0.473385096,-0.20467329,-1.54760122,-1.7485702,3.13072991,1.59280992,-0.861926258
general_aleatoire,-1.37467432,-0.0957651138,-0.251865149,0.756975889,-0.412442446,0.430839062,0.974176884,0.152548075,0.322948456,1.92448533,0.496516675,0.132268533
general_aleatoire,-0.124724388,-0.447467804,-0.824952602,-1.3169589,-0.890613079,-1.09265161,0.000925779343,0.30200386,-1.35758758,2.25193024,1.16327167,0.357283026
general_aleatoire,-0.30624485,-0.63725853,0.0597100258,-0.704082966,-1.31729031,0.348531008,0.651624918,-1.73327088,1.41015482,2.63799572,1.14292693,-0.0893658176
general_aleatoire,1.31867456,-0.968242168,0.249513388,-0.0339431763,0.683306694,1.90210915,0.812375546,-0.667033195,-0.83406353,2.37920117,1.71372819,-0.16678752
general_aleatoire,0.380185366,-0.118513823,-1.63921738,1.8249836,0.424059868,1.06682086,-1.64147305,1.87822747,1.83694172,3.36983132,2.22621822,-0.882517397
general_aleatoire,0.9850173,0.862650394,-1.29759955,1.15263915,-1.74185658,0.816417217,0.31064558,0.358916044,-0.568747044,2.4845674,1.67330778,0.0559332296
general_aleatoire,-0.200349092,-0.898168564,1.43349338,1.22884393,1.82734251,-0.532027006,-0.00385546684,-0.731996298,1.72614002,3.04332042,1.51241565,0.0152164586
general_aleatoire,1.39995027,0.333331585,1.38514924,0.153536558,-0.574533463,-0.182069302,1.32999468,-1.16284919,1.40311384,2.83110428,1.1826731,-0.228878871
general_aleatoire,-1.98512149,-0.304277897,-1.03397512,-1.73410749,0.0388925076,-1.99366164,-0.480160236,0.0931696892,-0.206059217,3.44391537,0.693181634,-0.162374213
general_aleatoire,-0.623698235,1.92259264,1.98852754,-0.59891057,1.08964396,-0.191268444,1.04510164,-1.46593785,1.82097101,2.97977448,2.70185685,0.0162906293
general_aleatoire,-1.80816913,1.55089736,1.10163784,-0.727250099,0.282732487,-1.33605123,1.04281902,0.983568907,-1.40054893,2.80412841,2.03192759,-1.14314365
general_aleatoire,-0.486904621,0.287314892,-0.10730958,-0.985430241,0.52159071,-1.08775282,1.63149071,-1.95389605,-0.323649168,2.80868959,1.19952011,0.118791968
general_aleatoire,-1.47863722,1.1332674,-0.762927771,-0.926640987,-1.53248501,0.791887045,1.94343376,-1.99368238,-0.765469551,3.372684,1.94094861,-1.04036021
general_aleatoire,1.48602867,-1.47870421,-1.87848186,-1.20367098,0.851014853,0.350812912,-1.81496739,-1.74382591,-0.935017347,3.21356368,2.61009479,-0.537929714
general_aleatoire,1.44973636,-0.0111904144,1.84599853,-0.320245266,-1.0130105,-1.23265576,-0.199619055,-0.664740562,-1.91146231,3.27951336,1.16291153,0.430817306
general_aleatoire,0.910825253,0.5628407,0.677028179,-0.344295979,-1.71274185,-0.919766188,0.989263296,-1.17265177,-1.78781652,2.94533134,1.43687165,0.559660316
general_aleatoire,0.616092205,0.171705484,-0.335131884,-0.959749222,-1.28136301,0.35076046,0.75643611,-0.954686642,0.260288954,1.78191614,1.23395932,-0.246779516
general_aleatoire,1.93983173,1.43468809,-0.761087418,-1.53009653,-1.03215766,1.14266634,-0.886138916,0.694067001,1.58589125,3.47489095,1.66684246,-0.20384714
general_aleatoire,-1.53995633,0.544875145,0.779282808,0.922736168,-0.233810902,1.67204189,1.77993894,1.64748979,-1.43355465,3.08563042,1.9523989,1.2577666
general_aleatoire,0.955783367,0.571333408,-1.20870233,-0.472079992,1.37349319,1.82725859,-1.18489599,-0.680100441,0.971595049,2.78766394,1.77706027,-0.174988404
general_aleatoire,1.84874344,0.74241209,1.6059432,1.03555536,-0.918467283,0.13074255,1.21416688,0.554904699,1.98241663,3.50410509,1.29676545,-0.482570887
general_aleatoire,1.81328011,-0.989348173,-1.59564567,-0.252891541,-0.764611006,0.0807228088,0.445427895,-0.820275545,1.85621643,2.72025514,1.96820045,-0.71496588
general_aleatoire,-1.93894076,-1.61770225,-1.11948323,-1.90980315,-0.872252464,-1.77700162,-0.225601196,-1.79037738,-1.31559014,4.23423767,1.35027921,0.65628016
general_aleatoire,1.63126326,1.4930172,0.885031462,0.819644451,0.708425283,-1.65919828,0.0902912617,0.600369692,1.12781024,2.56417584,2.13752055,0.31077832
general_aleatoire,0.614625692,-1.37740827,1.82488465,-0.432235241,-1.98791671,-0.0399830341,-1.00827026,-1.55836225,1.7111659,3.56342936,1.53753185,-1.02791941
general_aleatoire,-0.32194519,1.72853565,-0.733993053,0.882345676,-1.8576715,1.06305313,-1.45305848,-1.63406825,1.0561471,3.44226193,1.73181462,-0.196074918
general_aleatoire,0.05550313,-1.92784858,-1.07366824,1.7370131,-1.27512789,-1.65430164,1.24121308,1.19695234,-1.45984769,3.37054896,2.379107,-0.579684019
general_aleatoire,1.59446597,-0.125393629,1.7645421,1.75431275,1.469908,-1.25667191,-0.849799871,1.91197348,-0.667651653,2.97847009,2.59422445,1.30820405
general_aleatoire,1.97715187,-0.293817282,0.222468615,-1.4428134,-1.31942916,-1.91091037,-0.735580683,1.47648644,-0.302028894,3.03363037,2.10065222,0.846045196
general_aleatoire,0.216514826,-0.76270318,0.434891701,-0.877457857,1.70795369,1.88891864,0.660480499,-1.38654089,0.763413906,2.81187963,1.75901878,-0.116162807
general_aleatoire,0.933311462,1.14787459,-1.99835896,-1.53460622,0.384730577,-0.559351444,1.66377187,1.87283158,-0.848263741,3.47731781,1.79610252,0.821885467
general_aleatoire,1.69172025,-1.25789618,1.53630114,0.606719017,-0.191646099,0.850405455,1.42877173,0.752121925,-1.80641651,2.93722868,2.24855971,-0.345471621
general_aleatoire,-0.722732544,-1.40593052,-0.991190434,-0.344129324,1.82367516,-0.0664317608,1.69319797,-0.945971489,-0.17073369,2.62832761,1.83242083,0.674632907
general_aleatoire,-0.574093342,1.3847754,-1.34889579,-0.190706253,-0.0434639454,-0.302443981,1.17537308,-1.37294841,0.645441532,2.71536422,0.656453729,-0.274564743
general_aleatoire,-0.294375896,-1.56883121,0.14966774,-0.0496737957,-1.90998292,0.790585518,-0.223548174,0.119580984,1.12542486,2.59331584,1.17693317,0.257316768
general_aleatoire,-0.433297634,0.720184088,0.487657547,0.540627718,1.87455463,1.6382215,-1.62036848,-1.92787218,-0.439935923,3.47570038,1.31870067,-0.388056368
general_aleatoire,0.228190184,-0.373576641,1.14939523,0.307869196,0.165341377,-1.39130163,-0.704417944,-1.29342794,-1.45499778,2.44494224,1.30674672,-0.414042532
general_aleatoire,-0.858554602,1.5502522,1.82348013,-0.116950512,0.936434269,1.51246071,0.6467731,0.343408346,1.26783061,3.25348854,1.09638107,-0.00130192703
general_aleatoire,0.696768284,-1.48969436,1.21704459,1.4373312,0.636621952,0.379330635,-0.407780647,-0.658684015,0.0545334816,2.09873605,1.73002577,-0.0800917596
general_aleatoire,1.26342082,1.21218204,1.21025801,-0.505398989,1.3828342,-0.447514296,-1.53792858,-1.61723971,1.87744474,3.13376474,1.99548304,1.26543367
general_aleatoire,1.65833759,1.83850455,-1.63585496,-0.570121527,0.592836618,-1.73642397,-0.34722209,-1.33177733,-0.377522469,3.27488518,1.73602295,-0.892152607
general_aleatoire,1.97132325,0.718207121,0.252051592,-1.73162508,-0.573513031,0.374823093,-0.847189426,1.08812714,-0.972033262,2.82787728,1.62474394,-0.378574699
general_aleatoire,1.31285095,0.656610966,-1.31787848,-0.32244873,1.58967614,1.8616426,0.624584198,0.735372066,1.52741909,3.06762838,1.81690347,0.735309124
general_aleatoire,1.16817832,-0.0588772297,-0.829033852,0.168133259,-1.68325448,1.67615294,-0.0487086773,1.59963799,-0.741673946,2.95608258,1.37734234,-0.449784577
general_aleatoire,-0.207356691,-1.19166756,-0.90234971,1.81056833,-0.427318335,-0.224047184,-0.4489429,-1.30116582,-0.852532625,2.21186924,1.87380791,0.078302756
general_aleatoire,-1.20539761,-0.925681591,-0.877161264,1.44425154,1.99726486,-1.72055244,-0.927954197,0.710444689,-0.684792995,3.12901497,1.87142038,-0.810144186
general_aleatoire,-1.30871987,0.637312412,-0.621976614,-0.824154615,-1.75382805,-1.13678312,-0.920105457,-1.36545134,1.07368422,2.55072141,1.76605117,1.3386271
general_aleatoire,-0.749269485,1.54006124,-1.57633734,-1.1138916,-1.92541385,-0.145808697,1.21856666,-0.118703842,-1.44842029,2.76760173,1.82046211,-1.73507369
general_aleatoire,1.49430108,1.10390735,1.0511961,1.19016981,0.0523087978,0.151678085,0.682988644,-0.761272192,1.38942003,2.55908251,1.40471458,-0.673184037
general_aleatoire,-1.41986918,-1.96184421,0.947220325,-0.388439894,0.405547857,1.62897253,0.621813774,0.961251974,-1.96532369,3.41989136,1.75052643,0.379671991
general_aleatoire,0.171365261,1.71006799,0.118577957,-1.73483944,-0.608919621,-0.532776594,0.0820820332,-0.389153481,0.621532679,2.18344188,1.44977582,0.55432272
general_aleatoire,-1.99457812,-0.326547861,-0.0116429329,0.856612444,1.01123595,1.44492888,1.29307461,-1.38126063,1.5175879,2.97018147,1.75745797,-1.37901175
general_aleatoire,-0.193812132,-0.0491247177,-0.367919683,0.522544622,0.749859095,-1.68192124,-1.00053024,-0.047847271,0.561003447,2.10758376,0.812972903,-0.234058037
general_aleatoire,-1.38073707,1.50995684,-0.521427631,-0.32747364,-0.682778835,1.64406276,-0.30583787,1.97265482,0.286546469,2.83628392,1.68545222,0.957296729
general_aleatoire,-1.57563186,1.61150646,-1.06778741,-0.422061682,1.80151892,1.92452455,1.8333106,1.03611207,-1.60917091,3.04774094,2.64529181,2.02109694
general_aleatoire,0.0459241867,-1.94000602,0.576105595,-1.35560012,-1.59110355,1.98405099,1.37808609,-1.28000164,0.329429626,3.38819361,2.06707072,-0.544759154
general_aleatoire,0.0101902485,1.9442699,1.3936708,0.545714855,-1.91839361,1.33644629,0.417955875,1.1990509,-0.891898394,3.02081466,2.08658552,0.644567847
general_aleatoire,-0.618155479,1.44933963,-0.961557627,-0.866155624,-0.278025866,0.747022867,-0.131034851,0.696878433,-1.03966141,2.24303699,1.12749565,-0.272224039
general_aleatoire,-1.11402583,1.57839131,-1.86080337,0.170191288,-0.363001823,1.91377735,-0.843227625,1.24007106,1.23591089,3.19252229,2.14433455,0.0644714683
general_aleatoire,0.222819328,1.20145655,1.78816104,-0.171904325,0.0194990635,0.426048756,1.54842591,0.417037964,-0.567420959,2.20087457,1.71390486,0.119608372
general_aleatoire,1.30863237,-0.485430479,-0.299990416,-0.327477455,-0.898213387,0.186502457,-0.939860344,0.213960886,0.144768953,1.72685444,0.974901915,0.0676916391
general_aleatoire,-0.0144045353,-0.203407288,-0.775996208,-0.239516973,1.70882583,-1.63545084,0.354344368,0.874414921,-0.36904335,2.55805874,0.801472545,0.369102508
general_aleatoire,-1.14505339,0.604707718,-1.21218562,1.07186699,-0.348966837,1.8429122,-1.08888674,-0.00180339813,0.335433006,2.79238677,1.11422181,-0.269245088
general_aleatoire,-1.55160618,-0.514146805,-0.236936808,-0.204353333,-0.0841178894,0.148677111,1.58797622,-1.18585801,-0.42079711,2.30973244,1.24065948,-0.172644347
general_aleatoire,-1.37699366,1.81329703,1.52168751,-0.0594725609,-0.265105247,1.89512181,-0.351625681,-1.96720672,-1.85755157,3.83804178,1.56400239,-1.19681585
general_aleatoire,1.59526134,-0.00809502602,1.72448158,0.216678858,1.84408355,0.235363483,-1.94769406,0.828124523,-1.31319666,3.35429597,1.96183705,0.35416308
general_aleatoire,-1.29007268,0.615057945,-0.991107464,-1.89810944,1.24292183,-1.74556422,1.78868246,-1.11568451,-1.45626903,3.52783966,2.3047626,0.163767159
general_aleatoire,0.0497589111,-0.00940179825,0.183610201,-1.14329505,-1.86295557,-1.75970745,-1.31853104,-0.697986841,-0.00117731094,3.00801635,1.0356971,-0.124317423
general_aleatoire,-1.42524958,0.375762463,0.83973217,-1.40639329,0.134901524,-0.404634476,-1.42466235,1.61760569,-1.96303368,3.17031217,1.78353453,-0.552712381
general_aleatoire,1.99559712,1.23262811,1.94885778,-1.29522252,1.52669787,0.424866438,-0.421359777,-0.652312517,0.746297121,3.05081868,2.04726171,1.07237446
general_aleatoire,0.341943741,-0.333631277,-0.737385511,0.594108105,-1.65224195,-0.762270212,-1.10820007,0.424808979,-1.24776578,2.05448747,1.73641253,0.406618267
general_aleatoire,0.095033884,-0.287922621,-1.90207911,0.63313508,1.16281152,-0.94477582,-1.95240879,-1.95172048,-0.827376366,3.11245823,2.18870091,-0.428118706
general_aleatoire,0.0757493973,-1.97630382,0.423037767,-0.495194435,1.85148191,-1.74735808,0.357882977,1.65404367,-0.115309954,3.48874068,1.21459627,0.218218014
general_aleatoire,-0.337282896,0.293606281,-0.162017107,1.71160245,-0.600599289,1.31351256,0.510024548,-0.708085299,1.13763237,2.62377429,0.613065183,-0.193669781
general_aleatoire,-1.05098271,0.592586756,-0.949465752,0.992828369,0.0176839828,1.62389445,0.97619772,1.45418596,0.012876749,2.43593645,1.69259322,0.499389887
general_aleatoire,0.696233749,-1.7288146,-1.14144826,0.894322634,0.550811291,1.22388029,0.0243322849,-0.842008591,0.868876696,2.39435363,1.52846658,0.879154384
general_aleatoire,0.656502724,1.33172655,-0.293632507,0.970885754,1.55647731,1.38624454,1.38090205,-1.74453473,0.101727962,2.77681541,1.97986948,0.952722013
general_aleatoire,-1.8735199,0.766021967,-0.965997934,1.53339863,1.60266423,-0.0171320438,1.29463696,-0.746997118,0.730909109,2.93627357,2.024019,0.0108758491
general_aleatoire,1.01466441,0.803034544,-1.119735,0.906681776,-0.445875645,1.77041078,1.46290874,1.32876444,0.897689342,2.60552812,2.15133309,-0.61481595
general_aleatoire,0.493561506,-0.384756088,0.662861586,-1.14102221,-1.14503908,-0.576126575,0.629275084,-0.863583565,-0.301284075,1.76711535,1.2300303,0.610620856
general_aleatoire,-1.29564285,-1.3881526,0.973331451,1.22561121,-0.991720676,0.0409882069,-0.183330297,1.90970016,-0.456562281,2.73302603,1.85250294,0.167809054
general_aleatoire,-0.873282671,1.92830944,-0.077319622,-0.435631037,-0.208018303,-1.68007016,-1.51688194,-1.640697,-0.295538902,2.6347394,1.96384478,1.35065997
general_aleatoire,0.363014698,-0.849786282,0.397454023,-1.35871816,-0.324964046,-0.871377707,-0.272625446,-1.06699324,-1.78426981,2.44717836,1.25999475,0.736920416
general_aleatoire,0.936294079,0.0661859512,-1.87689948,0.0189578533,0.469850779,-1.40180278,1.04264522,-1.58464265,-0.0771062374,2.50921893,1.95826244,-0.251245797
general_aleatoire,-1.50571012,1.72625971,-1.59588718,0.831522703,0.43883276,0.99169445,-1.2140696,-1.21226621,-0.994279623,3.04807472,2.06767964,-0.165955171
general_aleatoire,1.10918212,-1.30571151,1.32837892,1.83134103,-0.554934502,1.41846967,-1.14654779,-1.07802081,-0.459797382,3.21573186,1.64713943,-0.087701194
general_aleatoire,-0.689734936,0.958431721,-1.16042876,-0.32944417,-0.0324962139,0.946607351,-1.9215579,-1.54574203,0.685472012,2.67364311,1.63244915,-0.696342587
general_aleatoire,1.22404671,0.0926325321,-0.987170219,1.59455562,-1.00428414,-1.3424294,0.361523628,1.21643686,-1.71952796,2.99986672,1.80544484,0.378219038
general_aleatoire,1.16784406,-1.89480925,-1.49127531,-0.95588541,-0.405763149,0.152270079,-1.31938958,1.63046551,-0.981118202,3.1027689,1.72489369,1.01930237
general_aleatoire,1.38574052,-0.947015524,-0.0382142067,0.224945545,-1.8517921,-0.354356289,0.141010761,1.79093099,0.819182396,2.9118216,1.33173394,-0.264642119
general_aleatoire,-1.49451947,-0.643342018,1.89476848,-1.55574679,-1.07744551,-0.885728359,1.09149551,1.08635545,-0.644120455,3.09241152,1.92141986,-0.367335707
general_aleatoire,-0.595024824,-1.42767453,1.24792576,1.4315567,-0.721914291,-0.764556408,-1.3457799,0.635421515,-0.256606579,2.24995875,2.00588918,-0.547279
general_aleatoire,0.265774727,-0.190901995,-0.112974882,-1.93556714,-0.0167222023,-1.53181982,0.928951502,-1.26029611,-1.64890838,2.55176425,2.20712662,0.0173602197
general_aleatoire,-1.54565096,0.672722578,-0.633895874,1.58324838,1.85849142,-1.76884723,0.0368900299,-1.43738675,0.510223866,3.2580862,1.93968618,0.532132149
general_aleatoire,0.866527557,-0.574454308,-0.250873566,-0.706048965,-0.385805607,-1.90741301,-1.45213366,0.00133442879,0.0270800591,2.16835546,1.63248754,-0.414761752
general_aleatoire,-0.0655641556,-1.49381876,-1.36867714,-0.0935182571,1.0572958,1.054461,-0.0293028355,-0.966942787,-0.644024134,2.7658937,0.197038621,-0.0958677083
general_aleatoire,-0.0768554211,-1.41236448,1.96806383,0.208643198,0.746601582,1.0112679,1.36542702,-0.872002602,-0.340609789,2.4683814,1.75671518,-1.02927303
general_aleatoire,-1.12482262,1.07144356,0.087739706,-1.83796334,-1.37862682,-1.50835538,0.666453362,-1.18771768,0.421374321,2.76167226,2.03744745,0.478682637
general_aleatoire,-0.392192364,-1.65167189,1.38297939,-1.85391855,-0.614935875,0.481154442,0.618484735,-0.822824955,0.837257147,2.710217,1.80294156,-0.0763245299
general_aleatoire,-1.654217,0.344729185,1.03771472,-0.571032286,-0.743824005,0.308213234,-0.16160202,-0.630937815,-1.05274844,2.129776,1.24098802,-0.602454484
general_aleatoire,-1.66450524,0.509268284,1.97121572,-0.794046402,-1.4912703,1.87208366,-1.71060658,0.811789989,1.51412296,3.94405675,1.89151418,-0.138032511
general_aleatoire,-1.45311093,-0.792661428,-0.33322072,0.601187706,-0.458315611,-0.683977127,0.136988401,-0.434183121,1.36772251,1.72103548,1.53369641,0.808666825
general_aleatoire,-0.951548338,0.333688021,-0.627824068,-1.75377345,-0.357198477,0.621662617,0.881664276,-1.96693897,0.0461447239,2.42800713,1.7806567,-0.76360029
general_aleatoire,1.11984181,1.77426076,0.666544199,-1.83247852,-0.764857531,0.0122730732,-0.830232859,0.336899042,1.19309187,2.80546141,1.72461104,0.413307279
general_aleatoire,1.6807878,1.13334656,-1.80336595,-0.590790749,0.293998241,-0.804209232,1.41451955,0.239299059,-1.03228927,3.20618582,1.08457065,-0.334216565
general_aleatoire,-1.96653748,1.50516939,-1.66933203,-1.92382646,-1.49532175,0.929818392,-1.25835276,1.73245287,0.0480723381,3.49364161,2.60804868,1.14054239
general_aleatoire,0.628790617,1.96896744,-0.243883133,0.610453606,-1.82047606,-1.75480485,1.68045521,0.102317333,-0.118815184,2.92962122,2.08317208,-1.01195109
general_aleatoire,-0.0134191513,-1.88401318,-1.42332888,0.759284258,1.6810894,-0.0726511478,-0.236939192,-1.50261879,1.97823644,3.00759745,2.42748356,0.522023797
general_aleatoire,-1.14291286,-0.31971097,-1.7420373,0.431830645,0.297173977,-1.58095002,0.488117695,-0.183088779,0.0229690075,2.44019485,1.19406974,0.330614567
general_aleatoire,-1.04493666,1.2684083,1.34225917,1.44403505,1.13567829,0.462497473,1.29671979,-1.94897413,0.894437551,2.85993409,1.94441962,-1.55284572
general_aleatoire,0.780918598,1.33073282,-0.328003168,-1.19668508,0.262229919,-0.191824913,0.596322298,0.76738739,-0.599053621,1.96605957,1.16318154,-0.332947522
general_aleatoire,0.549569845,1.66839385,0.865417719,-1.4641006,-1.10296655,0.686047077,-1.60626125,-1.98256183,1.66722608,3.74336004,1.64743638,0.478307217
general_aleatoire,1.69860435,0.24068737,-1.5499835,-1.38469648,-1.62046313,1.17374611,-0.667969704,1.65971971,-0.505734921,3.26295948,1.96530962,0.462467253
general_aleatoire,-1.32174611,-1.14279985,1.26964974,0.340486526,1.73290014,-0.228343725,1.75344634,-1.8632977,1.65662575,3.41989446,2.13712168,-0.929474473
general_aleatoire,-0.721391916,0.185683966,1.24173164,-0.575154781,0.75880599,-1.97090888,0.899483204,-1.75635123,0.792467594,2.89506984,1.67886257,0.457918018
general_aleatoire,-0.284644127,-0.756108046,-0.402695417,-1.60134435,-1.2611444,-0.910131454,-0.418080091,1.32714105,-1.30139995,2.37447524,1.9168644,0.339481413
general_aleatoire,1.92188311,1.39516497,-0.0246119499,-0.807220697,-1.96119881,0.394257307,-1.43982077,0.0113720894,-0.71167779,3.21958852,1.56718385,0.22793439
general_aleatoire,-1.79247189,0.314341307,1.76893473,-1.69962549,0.108903885,1.77342916,-0.699769497,-0.539665461,-1.36749387,3.57835937,1.52004993,-0.149270803
general_aleatoire,1.65033674,-0.645893574,1.122087,-1.91795373,1.02174902,-0.545767546,0.426878214,0.125943661,0.507135153,3.06864548,0.664414704,-0.132247001
general_aleatoire,1.4874649,0.55201292,0.749497652,0.514885426,-1.55367088,0.214912891,-1.40901494,1.94565606,-0.28750658,2.93517804,1.73462439,-0.183229938
general_aleatoire,0.929162264,-1.21716905,1.10778546,-1.88860106,1.48985124,1.22005939,-1.13744116,-1.92190981,-1.66478348,3.23475766,2.48354292,1.40514076
general_aleatoire,1.3227582,-0.0684223175,-1.42358422,0.0563225746,1.89871359,1.31672692,0.415495634,-0.224865913,0.93993187,2.61971664,1.58042836,0.932213843
general_aleatoire,0.28341198,-1.55806565,0.10828352,1.44841623,-1.84718895,1.35676932,0.460859537,0.611970901,1.31217313,3.04025388,1.69616711,0.242960453
general_aleatoire,0.00909924507,-1.36999798,0.885956526,0.377326727,-1.97628736,0.374442101,0.369762897,-1.34326029,1.38962436,3.15019345,0.854189515,0.262602419
general_aleatoire,-1.50614572,-0.57240057,1.92020774,-1.56684279,-0.425123453,-0.316491127,-1.0903132,0.908417702,-1.31470203,2.70157814,2.24648762,-0.645308018
general_aleatoire,-1.5707953,0.670406818,-1.17580581,0.437781096,-1.40979266,0.57420826,1.18779087,-1.64797592,-1.74842954,2.9205842,2.16938019,-0.869425297
general_aleatoire,1.57413816,0.746345997,-0.442934513,-0.534172535,-0.746522427,1.02316475,-0.150554419,1.85753345,-0.439735889,2.50637817,1.45442235,-0.624360561
general_aleatoire,-1.54181886,1.45430779,-0.742460012,1.71704388,1.24050164,-0.786187172,-0.935366631,1.45574307,-1.13951778,3.02751207,2.28496695,0.233097956
general_aleatoire,1.12609243,1.30151176,1.7232306,1.94832945,-1.01699877,0.227522135,0.307836533,-0.887805223,-0.901821852,2.6822741,2.29728007,0.194254443
general_aleatoire,-0.405736208,1.2963779,-1.31947875,-1.97870326,1.04754901,0.259276628,1.09389591,-0.643186331,1.50048375,3.03494692,1.7023598,0.647231579
general_aleatoire,-0.709265232,-1.89358997,0.57962513,0.247925282,1.40593767,-1.14297843,0.436781406,-0.636468172,1.41269183,2.96107268,1.26002908,0.0719393417
general_aleatoire,1.13982224,-0.941611767,-1.23186541,0.0780072212,0.553366899,-0.197854042,0.618264675,-1.95342064,1.81637549,2.79045129,1.91839302,0.291956693
general_aleatoire,0.22724843,1.10064363,0.646097183,1.21454048,0.367657423,0.126402855,0.945119381,-1.252877,0.285357952,1.79330909,1.5426929,-0.505252182
general_aleatoire,-0.297746658,-1.73299909,0.197958231,-1.53421807,0.713676929,0.385898113,0.430836439,-0.900083303,-0.424088717,2.20285201,1.54031444,0.306103289
general_aleatoire,-1.68141961,-0.938747644,-0.281589031,-1.32707667,0.217290163,0.775381327,-0.685016155,0.581594467,0.88173461,2.34248257,1.51492417,0.00329176756
general_aleatoire,0.749489784,0.575082302,-0.509890318,-0.668726683,-0.950368881,1.01949,1.03888512,0.594779968,1.09458947,1.91059244,1.57956862,-0.167241797
general_aleatoire,0.549781322,-0.17753458,0.213710785,0.447616339,-1.95444155,-0.505921364,0.786028624,0.80778861,-0.49583292,2.15074849,1.14494681,0.484974831
general_aleatoire,1.34288621,1.77043867,0.752933025,1.27193904,0.0503304005,0.350777864,-0.165368319,-0.991272211,0.569278479,2.60734057,1.20256388,-0.581181526
general_aleatoire,-1.1851306,0.719243526,-0.638460875,0.234917641,-0.0937283039,0.499768972,-0.815737963,-1.61364532,0.0597178936,1.82601166,1.57144773,-0.335108548
general_aleatoire,1.80706191,-1.33851838,1.16309214,1.91085124,-0.504288673,-1.56830192,0.251250267,1.72777653,-1.81070209,3.21498251,2.87802815,0.694937825
general_aleatoire,1.6543119,-1.83508897,0.10144186,-0.99680686,0.899641037,0.758806467,-0.255806923,1.40859079,0.520138264,3.10786295,0.868182182,-0.633175194
general_aleatoire,0.23674345,-0.637696266,0.128530741,-0.795364141,-0.390762091,0.31291914,-1.35360837,-0.00748133659,-1.52658367,2.08117294,0.9254058,0.580993354
general_aleatoire,0.318145275,1.04271889,-0.853357792,1.7100141,-0.532168865,-0.166867256,-1.66440821,0.637782574,-1.79089475,2.89676666,1.5860312,0.793390036
general_aleatoire,1.65783048,-0.986171484,-1.63954568,-1.7030127,1.08192563,-1.58490133,0.467267513,1.25171351,0.394548655,2.80691624,2.32379365,1.28599024
general_aleatoire,-1.84450531,-0.829838514,0.635771036,0.735573292,-0.909769058,1.17919087,1.48618269,-1.54856753,-0.0600309372,2.62262106,2.0435915,-0.900151014
general_aleatoire,0.134085655,-0.777694225,-1.59493947,0.070555687,1.49029589,-0.472167969,0.0305466652,0.257204056,1.23186255,2.16723752,1.57813501,0.112542555
general_aleatoire,-1.54186869,-0.527657509,1.98796201,-1.49968719,-0.297776699,-1.83400297,-0.607077599,-0.873961687,0.840839386,2.93602824,2.27973509,0.575311303
general_aleatoire,-1.02306533,-0.544402599,0.241407871,1.33309722,-1.91304469,-0.182917118,0.0822820663,0.878233433,-0.432913065,2.43412161,1.34907913,-0.30360651
general_aleatoire,-1.57018733,0.308488846,1.38447666,0.809669971,0.942871809,0.536367655,-1.15313292,1.93857741,-1.41885614,2.67876172,2.10463881,1.34364212
general_aleatoire,-1.44693875,-0.734830618,-0.281052113,1.90428233,-0.300677061,-0.972673893,-0.331787348,-0.175491333,0.655193567,2.53337479,1.14767134,0.458706558
general_aleatoire,-1.87991929,-0.0406877995,-0.411089897,0.0697300434,0.285279989,-0.270576239,1.81249833,1.96679783,0.0669441223,3.06341815,1.26014686,-0.222779885
general_aleatoire,1.71024537,1.27642918,-0.769103289,0.188510418,-1.55362439,-1.83686018,1.35905886,-0.739967108,1.98868084,2.88958812,2.28114176,-1.9404093
general_aleatoire,0.302197933,-0.829564571,1.80237579,-0.568860531,1.43652129,1.76653266,-1.08657765,0.844517946,-1.11956072,2.77885485,2.16574192,0.520286083
general_aleatoire,-0.817446709,-1.19530821,0.324185848,1.68999553,1.77691817,1.41066456,1.24725223,1.09953356,0.967330694,3.59651613,0.978738368,-0.114277862
general_aleatoire,-0.429059744,0.947985172,0.0175228119,-1.28791881,-0.142673254,1.29872489,-0.986407757,-0.895525694,0.0201120377,2.05201125,1.26467454,-0.6434834
general_aleatoire,1.72146654,-1.87801385,-0.541440248,-1.47275853,1.43064141,1.54635835,-0.935066223,1.00671887,0.0581076145,3.79663634,0.930878282,0.0272968411
general_aleatoire,-0.308526516,-1.57245898,0.0686013699,0.640475512,-0.520004511,1.34431696,0.963119268,0.873789072,1.13674855,2.18976998,1.80103421,-0.0693580657
general_aleatoire,0.093034029,1.05314064,-1.81953669,0.890446663,1.73376393,-1.18198276,0.821958065,-0.648120165,0.98345685,3.14220977,1.27035463,0.447178721
general_aleatoire,-0.120618343,1.17872214,-0.676828146,0.990973473,1.01976061,-0.235535383,-0.682585955,0.934487104,-1.44707179,2.32525682,1.37118208,0.292737305
general_aleatoire,0.50010705,-0.403838396,1.41606522,1.91965771,1.20983911,-1.09647441,-1.8345027,0.448634624,-0.484451771,2.79927874,2.11061311,0.529342473
general_aleatoire,-0.268107891,-1.86113548,-1.71590185,-1.59170032,-0.0484936237,0.405642748,0.808657169,1.49528718,0.0528798103,2.88242149,1.82911932,0.647308648
general_aleatoire,-1.52070117,1.48842406,-0.195642948,-0.84425211,1.64351559,-1.65500355,1.25720382,1.74626231,0.0786714554,3.16904688,2.04428625,-1.06460035
general_aleatoire,-0.487214804,1.08628559,0.305622101,0.090775013,1.16801238,-1.36763072,-0.702745438,-1.50105572,0.864658117,2.58761477,1.09734762,0.590285599
general_aleatoire,-1.24652719,-1.45832467,-0.596311808,-0.834825039,1.72211695,-1.4211576,1.19871354,1.24492216,-0.268793821,2.79131413,2.17636871,0.499417782
general_aleatoire,-1.10940313,-0.0276932716,0.869614124,-0.937562227,1.77319336,0.817411661,0.111088753,1.21106267,0.160116673,2.51622367,1.35643113,-0.111955717
general_aleatoire,-1.04438138,-0.155865908,-1.8327136,-0.696439505,0.495555639,-0.0973799229,0.250048399,0.411230087,-0.391475439,2.16477704,0.751999199,0.589132905
general_aleatoire,1.94396615,0.57557559,1.7510581,0.202453136,1.44861174,-0.99767375,1.55652213,-0.40908432,-0.128603458,2.89507008,1.75607049,-1.20529938
general_aleatoire,-0.287545919,0.629777193,1.5209918,1.58026671,1.84361649,-0.428197145,1.57200527,1.84704971,0.876712084,3.48408866,1.81351244,-0.309760928
general_aleatoire,-0.336855888,0.339970827,0.404330492,0.757046461,0.839218616,1.75643682,1.80236793,-1.00000525,-1.02153492,2.56187272,1.8663547,0.0248149484
general_aleatoire,0.140481949,0.984523773,0.758431911,0.0832622051,0.716987848,-0.925771475,-0.990884304,1.10642719,0.346925974,1.80904925,1.1779542,0.780034125
general_aleatoire,0.208889008,1.1836524,0.643895149,-0.0996842384,-0.708395958,1.17319226,-0.0749042034,-0.560469627,0.469416857,1.5809778,1.33712733,0.00996728428
general_aleatoire,1.75504041,-0.380356789,0.135713577,-1.20651007,0.383791685,1.84656191,-1.87455392,0.0458700657,-1.31892347,2.87836337,2.28136039,0.148470163
general_aleatoire,0.935681343,0.53173542,-0.355811357,-0.320518732,-0.579473019,0.0326550007,-0.371342897,-1.74811459,-0.363213539,2.06558871,0.884561837,0.0324001834
general_aleatoire,1.33654094,0.176720381,1.13802218,0.173879385,-1.25858426,-0.011384964,0.537317276,-1.46085691,1.27326083,2.46752763,1.57673347,-0.443044603
general_aleatoire,-0.0156981945,0.563416481,-1.32358456,-0.758407831,-1.49545693,0.624444485,1.73058271,-1.15815306,0.419800043,2.4009397,1.801952,-0.878630221
general_aleatoire,-0.726980209,0.637960196,-1.03972149,-0.392825365,0.227700233,1.63592339,-1.56709361,0.551721811,1.73324132,2.88621664,1.51086807,-0.22417517
general_aleatoire,1.07667947,-0.665950775,-0.52575016,-1.12411952,1.84004736,-0.0138008595,1.28184509,-0.892008781,1.41579366,2.94288564,1.39824617,0.596960545
general_aleatoire,0.139616251,-1.31122303,-0.605963469,-0.916147232,-1.47173285,-0.857493639,-0.936419249,-0.916363239,-0.246240854,2.61061597,0.873131871,-0.214876488
general_aleatoire,1.42163253,-1.8788271,-1.87246084,1.08257008,-1.69560027,0.48729825,-0.904340744,0.405438423,-1.20050812,3.35684943,2.07485843,0.437694609
general_aleatoire,0.184199572,-1.07256174,0.361252546,1.1917727,1.73860765,0.252506256,-1.96572328,-1.97691751,-1.80880117,3.87818074,1.29825079,-0.374101847
general_aleatoire,-0.282709122,-1.23402643,-0.368460417,-1.33079457,-1.54421902,-1.2752223,0.704566956,0.687775373,0.80838871,2.95307016,0.643364847,-0.0934239179
general_aleatoire,-0.162066936,0.883572817,1.9671154,0.913883686,-1.09245634,-1.99978876,-0.756679773,1.81568313,1.93696284,4.20989466,0.647705853,0.427399397
general_aleatoire,1.25683498,1.32703233,1.61592674,-0.120803118,-1.93742704,0.218387365,1.73543501,1.37271166,1.2391541,3.67160964,1.59376311,0.422558069
general_aleatoire,-0.0760791302,1.34887648,-1.17590523,-1.62685061,1.31377792,0.95511198,0.151089907,1.8396666,-1.38782978,2.97850728,2.21880531,0.177689046
general_aleatoire,0.714189291,0.0223431587,0.282245398,-0.347186565,1.78251863,1.50737,-0.228251696,-1.49577832,0.39717412,2.55848432,1.21692371,0.76207453
general_aleatoire,1.50083899,-0.0946469307,0.0488438606,1.73138475,-0.382542372,-1.69566131,-1.35213137,0.00447869301,0.80327177,3.12125707,0.990778923,-0.181098863
general_aleatoire,0.747809649,1.70722675,1.16762614,-0.49849081,0.332074404,-1.03366017,1.6356709,0.21946764,1.76796556,3.13915229,1.46563816,-0.333660692
general_aleatoire,1.18474364,-1.74272323,-1.98492932,-0.39051795,0.525509596,-1.90616393,0.386063814,-0.682333469,-0.727391481,3.24552941,1.74624765,-0.0604325458
general_aleatoire,0.147472858,-0.194308043,1.64317966,-1.01214719,1.38621712,1.1595428,-1.4900012,0.538139582,-1.62787867,2.70081782,2.1674664,0.466350168
general_aleatoire,0.130846262,0.357069254,-0.429895401,0.128471851,-0.834462643,-0.934489489,1.29094577,1.59781218,-0.194369555,2.17009664,1.172665,-0.297311932
general_aleatoire,1.7094655,0.00578951836,-0.389554262,0.0833148956,1.56121016,-0.206532478,-0.46420455,-0.975646496,0.947267294,2.15902042,1.63197911,0.548629701
general_aleatoire,-1.51863837,-0.0962312222,-1.60585093,-1.5096674,1.02985001,1.71173668,-1.10588884,-0.183613777,-1.77730894,3.1360898,2.3959527,0.0623761453
general_aleatoire,0.937947989,1.19006944,-0.531304836,-1.38375354,-1.92447662,0.500584364,-1.59787869,-0.645426989,-0.0151221752,3.2603941,0.868515968,0.181099758
general_aleatoire,-1.49407911,0.759857416,-0.342076302,-0.661058903,-1.94076467,0.781953812,1.36417985,0.794542313,0.0539917946,2.51560307,1.9621079,0.242410243
general_aleatoire,0.815743446,-1.44336009,-0.0299127102,-1.05207896,1.65954447,-0.208099365,-0.0432140827,-1.24452257,-0.198939323,2.78639364,0.682034671,-0.122487269
general_aleatoire,-0.92560339,-1.20247674,0.137542248,-0.769379854,1.33043599,-1.83066225,-0.392641306,0.534141064,0.867901087,2.47236753,1.44294822,-1.0163486
general_aleatoire,-1.00585723,1.50673676,-0.783379078,-1.13479638,1.08325791,1.22876787,-0.691115379,1.02960873,-1.03121662,2.71137691,1.76406705,-0.0664379075
general_aleatoire,-0.572250843,-1.32376909,1.95807981,1.09943342,-0.949710608,-1.48117518,-0.980787039,-0.184985161,1.08903646,3.08883452,1.65346634,-0.354697376
general_aleatoire,0.0277204514,-0.261370897,0.749559641,-0.67682004,0.533133745,-1.28534889,1.24288249,1.0613296,-1.82099438,2.73368526,1.23792374,-0.0840753764
general_aleatoire,1.14528704,-0.814237118,0.266255856,-0.879463673,1.82925439,-1.41593242,-0.727347136,-0.843286991,-1.12152386,2.78120017,1.54121029,-0.746745348
general_aleatoire,-0.760938883,0.709867001,0.0875377655,1.03363442,0.65481782,-1.10037613,-0.475598097,-1.69355702,0.877880812,2.43746161,1.29947591,0.183748394
general_aleatoire,1.24206591,-0.655338764,1.90600777,-0.838865519,0.578689098,0.164752007,-0.8885324,-1.90513468,1.98669028,3.34609628,1.78337741,0.812373936
general_aleatoire,-1.68084359,1.57306647,-0.328121901,0.0535223484,1.77165079,1.30128503,0.886046886,1.26328206,-1.64749384,2.77640915,2.22388983,1.6381247
general_aleatoire,1.73919582,1.38527203,1.36369514,0.929203033,0.574716806,0.443785906,0.437214851,1.2811718,-0.130570889,3.01350498,0.958981574,0.207021892
general_aleatoire,-0.383560658,0.505942345,-1.11399603,1.18086624,0.0480933189,1.87615037,0.195366859,-0.130850792,0.153305292,2.5181632,0.52944243,0.134607032
general_aleatoire,0.294612646,0.260295153,-0.220778227,1.79481959,0.673954248,1.60898232,0.519681931,1.50286794,-1.92866492,2.72795224,2.29524946,-0.0790308416
general_aleatoire,1.20566702,0.164646149,1.7737124,-1.6460526,-1.60602164,-1.89446568,-0.939507008,1.16478848,-0.0197763443,3.57218027,1.64543092,-0.525806606
general_aleatoire,-0.965400696,1.38613796,-0.637379885,0.0206627846,-1.74366188,0.992138863,-1.28199911,-1.44416046,1.06241918,3.09771299,1.59582472,0.0112339761
general_aleatoire,-0.990344763,-0.0258767605,0.927104235,1.52267385,-1.34106398,-0.411031485,-0.594576359,-0.925197124,-0.940535069,2.3357687,1.39078414,-0.911554277
general_aleatoire,-0.609600782,-0.600553274,0.851087093,0.833296061,0.220022678,-0.528611422,1.61676478,0.221053123,0.408674955,1.99576175,1.13438404,0.196888462
general_aleatoire,-1.60027266,-0.0279273987,1.2200706,1.14301085,-0.520445585,1.79013538,0.594136477,-0.576616526,0.901558399,2.50643015,1.99438965,-0.265814155
general_aleatoire,-1.0004952,-1.16135645,0.464869499,1.53869987,-0.00450873375,0.464896917,1.95674229,-0.285099506,-0.150552988,2.69442701,1.25820422,-0.489247501
general_aleatoire,-1.27065945,-1.70267391,1.76920366,1.90947604,1.02027273,1.37434769,-1.16790175,-1.28699946,-0.649157047,3.4300127,2.40033054,-0.367196828
general_aleatoire,1.61842084,1.23869681,-0.637332916,0.782710552,-0.491552114,1.06313705,1.62556577,-0.235195637,0.120462179,2.50081849,1.66925502,0.464925438
general_aleatoire,0.865905046,-1.44894838,-0.454025269,-0.523775578,-1.15494847,0.888389587,0.530708075,-1.30326343,1.9040556,2.81439614,1.57098174,-0.818308949
general_aleatoire,0.360924721,-0.757596254,0.781096458,-0.156121731,-0.624585867,0.696005344,0.775522709,0.166024923,1.53682923,2.04780006,0.95371449,-0.317840308
general_aleatoire,1.37371111,-0.111533165,1.04697061,-0.468362808,-1.76681137,-0.995366573,1.99368477,0.416821718,1.0096097,3.11501908,1.63425326,0.348013461
general_aleatoire,1.51940799,1.45561314,-0.70135498,0.604790688,-0.415058136,1.42514038,-0.373497963,-1.55046821,0.243249178,2.68099809,1.54423904,0.720122337
general_aleatoire,-0.609048843,-1.08636427,1.50568366,1.28884459,-1.19337916,-0.817590952,-1.68703175,0.82145071,1.1524756,3.01833153,1.81217873,-0.163338751
general_aleatoire,0.0528628826,1.34194446,0.34359026,-1.34939122,-1.28156519,1.41738391,0.940092564,0.747071028,-1.24551797,2.95121121,1.29150081,-0.097415857
general_aleatoire,0.0803306103,-1.54610562,1.32100058,0.186717987,-0.323003054,0.837188482,-1.2240243,-1.79985666,-0.860589504,2.56193829,1.97142172,0.101584949
general_aleatoire,-1.72241879,0.0206558704,1.21071649,0.125323057,1.23613071,1.22232318,-1.01878119,1.16541076,0.460912704,2.67478657,1.52677941,0.770574868
general_aleatoire,0.325466156,-0.227279902,1.12314177,0.53078413,-1.23290634,1.45151711,-1.79974198,-1.68057442,1.49453521,3.26029968,1.66711199,-0.464697331
general_aleatoire,1.11193752,-1.69778204,-0.0278837681,-1.0132463,0.256507635,0.781275749,0.615725279,-0.362208366,1.69049239,2.30968785,1.83802164,-0.691084564
general_aleatoire,1.5052557,-1.7731204,-0.808080912,-1.88209462,-1.95251465,-1.28695297,-0.797377586,1.94579077,0.312299967,3.57063341,2.57572222,0.457452714
general_aleatoire,0.860305309,-0.496246576,0.458564281,0.139490843,-1.81184387,1.50639224,1.51644087,1.64994001,1.25102735,2.66600394,2.43087149,-0.581697226
general_aleatoire,-0.936103821,0.659199953,-0.151438236,-0.643476963,0.19657588,-1.71798038,1.79644966,0.320153713,1.99446917,3.27360487,0.967467606,-0.626964033
general_aleatoire,0.878778219,-1.05837107,-1.62303877,0.907919407,0.535070419,-0.487875938,-0.854535818,-1.96756744,1.0569768,2.64254045,2.10404515,0.428978384
general_aleatoire,-1.96299005,0.15846324,-0.157736063,-1.48385286,-0.0466604233,0.106077671,-1.90972137,-0.417052746,0.747709513,3.14866686,0.76433152,0.0173686948
general_aleatoire,-1.27857614,-0.82398653,1.36606288,0.239572287,-1.95588636,-0.796323776,-0.751487017,-1.33146286,-1.94962001,3.06715155,2.06399465,-1.08069754
general_aleatoire,-0.371305227,-1.61597228,-1.07090664,-0.811615229,0.139203787,-1.78291535,-1.20468593,0.386522055,0.0336236954,2.43525529,1.60138023,-0.92729187
general_aleatoire,-1.65254855,-1.37048602,0.806854486,0.683898687,-1.78943157,1.01575065,-1.76276445,-1.55842328,-0.778696537,3.2902987,2.08662367,-0.961259604
general_aleatoire,-0.128790379,1.58628607,-1.7165134,0.565572977,0.392729759,1.08052516,-0.942382812,-1.43379164,0.110497713,2.63758326,1.74830437,-0.252175391
general_aleatoire,1.3365016,0.0698440075,-1.96741509,1.69741726,-1.14777064,0.196332693,0.464369059,0.331993818,-0.499014378,2.69046307,1.77414405,-0.296109527
general_aleatoire,-0.393387556,1.93677354,1.79631829,-1.87864304,1.10874343,1.99439263,-0.858378887,0.494511127,1.37683821,4.13864851,1.2365135,0.297455728
general_aleatoire,0.234827757,-0.270414591,-1.76195025,1.31466842,-0.906684637,1.29155207,1.6986506,-1.24451947,-0.583016157,2.67000341,2.25744128,-0.0215345714
general_aleatoire,0.804564476,0.646612644,-0.837428331,1.99798536,-0.810029507,-0.947721243,-0.814607859,0.304323435,0.90227294,2.78582048,0.999414742,-0.351647556
general_aleatoire,0.785751104,-1.08069587,-1.34149122,-1.99637675,-1.40530992,0.860947371,-0.174768448,-1.31526113,-0.456749916,2.72124267,2.19969273,-0.108722091
general_aleatoire,-1.58207059,0.856861591,-1.04993558,-1.72196507,-0.48039794,1.88866639,-0.0963747501,-1.94289207,-1.82171988,3.04652572,2.23396873,-1.98327398
general_aleatoire,0.405267239,1.88229322,0.250530243,0.86425209,-1.46113729,-0.707223892,-1.39633608,-0.725211143,1.17070985,2.51342487,2.14267921,-0.29986912
general_aleatoire,-0.205829859,1.55024981,0.504979134,-0.86793232,-1.41450787,-0.24814415,-1.24428082,-0.580019951,1.43773818,2.37840438,1.88823915,0.495836377
general_aleatoire,-1.70981216,-0.974980354,0.692816973,-0.479220152,1.30077171,1.48508739,-0.780482769,0.652591228,1.96070313,3.06491256,1.96370113,-0.332802832
general_aleatoire,-0.633152485,-1.696594,0.734797955,0.647162676,-1.92126727,-0.207087994,0.942570448,-0.213592529,-0.0519359112,2.59716845,1.41572261,0.399270982
general_aleatoire,-0.16941762,1.25272846,-0.965273142,1.81855059,0.862251282,1.70315409,0.886306047,1.63706017,-0.870411634,2.77118325,2.42987347,0.347130418
general_aleatoire,0.0486795902,1.34122562,-0.559431553,-0.732620239,-0.139858723,0.900372267,0.75958395,-1.51600099,1.53599095,2.68369937,1.05158043,0.638446808
general_aleatoire,-1.32519364,-1.17205501,-0.736817598,1.67277241,0.375494957,1.26072073,0.582045794,1.91542387,-0.414575338,3.03186774,1.78358495,-0.0862198994
general_aleatoire,1.52100706,-1.68864346,-0.880250692,-0.505461454,-1.5761764,0.755069971,-1.55103588,0.683981657,-0.83510685,2.87276149,1.6855104,1.31416011
general_aleatoire,-1.35921454,0.456734896,-1.9688642,1.2172811,1.01192641,1.59700108,-1.5745275,0.495013475,-1.67060351,3.86833167,1.21564782,-0.248961315
general_aleatoire,-1.97747493,-1.98919535,-1.25473309,-0.269594908,-1.6010952,0.013055563,-0.546702147,0.55065608,0.0054037571,3.32812524,1.22374141,0.325869948
general_aleatoire,-0.815744638,-1.82641149,0.841698647,-0.606088161,-1.32267261,-1.28328133,1.32796001,0.588280439,0.287393093,2.74108934,1.55209374,0.861900866
general_aleatoire,-0.142910719,0.33555913,-0.0187294483,-1.16089845,-0.289232969,-1.70356512,1.8240788,-0.141100883,-1.14105964,2.1720531,2.07002163,-0.336504608
general_aleatoire,0.462447643,0.0666568279,-1.6198144,0.944069386,1.80213785,0.227377415,1.92165732,1.71608353,0.181826591,3.25432801,1.67819512,0.544562042
general_aleatoire,-0.488126755,1.80027652,-0.145296812,-1.28221917,-1.64591074,-1.89831734,0.435996294,-1.84236193,-0.847152233,3.48399568,1.85018218,-0.444690496
general_aleatoire,0.350049734,-1.35876393,-1.75343251,0.178125143,1.83418226,0.12924099,-1.43226719,-1.69651365,-0.781108856,3.31369734,1.48294413,-0.903283238
general_aleatoire,0.7928617,1.29007101,0.495088577,-1.12503886,-1.24393106,-1.02812624,-0.122260571,0.569235802,0.881291628,2.61947775,0.743579268,0.330490589
general_aleatoire,-0.89565587,0.117742777,-1.13020968,-0.418043852,-0.983289242,-0.710646391,-0.0374100208,0.441575289,1.86439943,2.45088744,0.894301176,0.778345942
general_aleatoire,1.75643468,1.3289516,0.686979294,-0.861559153,-1.70101643,-0.546507359,-0.15726018,-0.141951084,1.56329632,2.98807788,1.54800963,-0.649122655
general_aleatoire,1.91571856,-1.62215042,-1.31043816,1.95550275,-0.570067644,1.79627752,0.917704344,-1.68690228,1.85577488,3.8428483,2.56891918,1.07660162
general_aleatoire,1.73365307,-1.37729931,-0.547469854,-1.09048033,1.37883663,-1.09722137,-0.326466799,-1.91627192,-0.236579657,3.08851242,1.50770652,-1.23248637
general_aleatoire,0.416462421,0.536972284,0.682812214,1.09790945,0.410103559,-1.86484361,-1.71470809,0.37262392,-1.72307968,2.74049807,1.97533607,0.644233882
general_aleatoire,-1.25306821,-1.15845394,-0.616202116,-0.838822126,-0.608125448,1.14617443,-0.123758793,-1.36243916,-0.663454533,2.30232811,1.49674892,-0.670679986
general_aleatoire,-1.82363129,-1.57055569,-0.424050093,-1.41748524,-0.33443141,-1.86624813,-0.19637084,-0.119003773,1.30761409,3.15714884,1.78920507,-0.41209203
general_aleatoire,1.81779075,-1.60797834,-1.53729916,0.815768242,1.78505778,-0.648217916,0.93344593,-0.760079622,0.549995184,2.99130893,2.09287238,0.974082053
general_aleatoire,1.7301724,0.581110954,-1.00612593,1.30691051,0.570127249,-1.5723207,-0.899489164,0.0190172195,0.0285754204,3.01131392,0.754106104,0.149330109
general_aleatoire,0.78836441,1.1451714,0.347281694,1.52689004,1.3311162,1.35478878,-1.71091318,0.328722715,0.762804031,2.85249257,1.79440331,-0.502804339
general_aleatoire,-1.00473475,0.136110783,0.644933462,-0.483356714,0.839620113,-0.63890028,-1.95723224,0.483330488,-0.243158102,2.36129165,1.09611702,0.37022689
general_aleatoire,1.56398129,1.37304807,-0.0152964592,-0.0416498184,1.2988925,-0.754498243,-0.391374588,1.48719096,-1.59042215,2.86634445,1.79344094,-0.227261931
general_aleatoire,-1.37647724,-1.75397706,-1.17421913,-1.79466271,0.749489307,-0.479399443,-0.590256453,-0.651049137,0.852067232,2.72087836,1.7753526,-1.14259303
general_aleatoire,0.871747971,-1.36918569,0.97128582,-0.990923643,-1.79658413,-1.3734107,-1.11550713,1.81164122,-0.902952671,3.02149677,2.4224534,-0.133832917
general_aleatoire,-0.378384352,0.190447807,-0.651120424,-1.42193913,-1.94319153,-1.46423531,-1.38632989,1.77515554,-0.315456629,2.88951755,2.28632569,0.375893831
general_aleatoire,1.21681142,-1.72598886,-1.27738047,0.0429573059,-0.373728991,-0.179938316,-0.577512026,1.06867242,1.16401625,2.99260712,0.332233965,-0.172343716
general_aleatoire,0.639210701,0.040851593,-0.216210842,-1.48860121,-1.10135722,0.955968142,0.907454252,-0.412448168,0.831448317,2.16770768,1.31997418,-0.208344504
general_aleatoire,-0.948303223,-1.38681555,-0.498005629,1.65900731,-0.0089738369,-1.74237967,-0.627537966,-1.77984929,-1.032377,2.74369454,2.43978238,0.0767524466
general_aleatoire,-1.25059843,-0.405992031,1.63784313,-1.92330837,0.0799922943,1.08999133,1.15176368,-1.31622052,-1.08862734,3.38986278,1.30301428,0.600033939
general_aleatoire,-1.82438159,-0.0391123295,0.614794731,-0.566842318,1.09574437,1.31131434,1.2553165,-1.90958238,-0.0259633064,2.97236443,1.46195388,-1.09550035
general_aleatoire,-1.02462912,-1.17852736,-1.38970327,0.948910475,1.43675613,0.798852205,-0.129824638,-1.01491714,-0.38312006,2.95185256,0.612132072,0.280147731
general_aleatoire,1.61363101,-0.202069044,-1.58251429,1.88769817,1.93075275,1.4010694,1.44099116,0.825474977,0.751594543,3.53885221,2.2628808,0.286089987
general_aleatoire,-0.838084221,1.7549994,-1.33930802,0.889244556,1.68573451,-1.23817205,-0.307698011,-0.231375456,-0.884976864,3.06244397,1.29388332,0.7876423
general_aleatoire,-1.71398807,-0.116316795,-0.441370487,1.67138958,0.966412067,-0.451730967,-0.454226732,0.25056386,-0.678823471,2.54376698,1.14822662,0.135573626
general_aleatoire,1.21186519,0.381422758,-0.291470051,1.48881793,-1.06583285,-1.80966735,1.97810292,-0.458118439,1.82628322,2.87385297,2.61727142,-0.821865082
general_aleatoire,-1.36703706,1.37391663,0.781416893,0.753495455,-1.57710195,-0.820537567,0.659230947,1.65365171,-0.855276585,2.89582658,1.87175655,-0.326650083
general_aleatoire,-0.897773504,-1.20433283,1.20323777,1.7454102,1.67303252,-1.92590189,0.4120152,-0.248891115,1.21222472,3.70365953,1.09904957,0.187018201
general_aleatoire,-1.9134922,1.16678023,-0.0656278133,-1.22736907,0.00418949127,0.671697855,-0.713350296,-1.62612844,-1.47135305,2.53745914,2.26865149,-0.846953273
general_aleatoire,0.0314004421,-0.494449854,-1.35105801,0.689051628,-0.334602118,1.12958312,1.33192825,0.123002291,1.94867134,2.94260168,0.870831072,-0.320569575
general_aleatoire,0.359337568,-0.728160858,-1.19753456,0.127822638,-0.850678682,0.0451920033,-1.35241771,1.81760597,-1.00281882,2.60519934,1.43552673,0.355015635
general_aleatoire,-0.085665226,-1.1004529,0.796424627,0.0777950287,1.68715692,0.250754833,-0.506485939,1.77978945,1.6084888,2.91287827,1.50155783,0.199835926
general_aleatoire,-1.21771765,1.66982484,0.566702604,1.72264981,1.26903701,-0.918215275,0.240965843,-0.39857769,-0.979985476,2.46872115,2.13635755,0.729445755
general_aleatoire,1.4815836,-0.949799299,-0.563352823,-1.84298801,0.401011944,-0.778223276,-1.5277822,0.978414536,-1.7749002,3.38467097,1.50983703,0.532634974
general_aleatoire,-1.80992913,-0.352024078,-1.12281895,0.31566596,0.824929953,-0.429203749,1.13060617,0.310942888,-0.178726435,2.37994814,1.08746135,0.430151075
general_aleatoire,0.0603373051,0.792297125,0.742828846,-0.448191404,0.598129511,-1.36034703,-0.303017378,-0.407402039,-0.300019264,1.6527735,1.06998861,0.252230704
general_aleatoire,0.319871187,-1.43688679,1.79221296,0.0529541969,-1.72499633,0.348716497,0.0295763016,-0.0940425396,-0.684320927,2.7716887,1.12156081,0.129866421
general_aleatoire,-0.697170734,0.0332467556,0.886594057,-1.90409827,-1.70135355,-0.747898817,1.65776134,1.27947259,-1.91742635,3.47801638,2.04116964,-0.389258832
general_aleatoire,0.215766907,1.84940052,-0.197670221,-0.150577784,-0.857899904,-0.349320412,-0.807830095,-0.974224091,-0.467594385,2.34830356,0.784134805,0.278480977
general_aleatoire,-1.9597156,1.34228277,-0.90083909,1.86885262,-1.56240034,-0.245378494,0.63928318,-0.426588774,-0.723700285,3.49679661,1.14584184,-0.146618843
general_aleatoire,1.38620305,1.06871724,-0.292378902,-1.17233539,0.208072662,1.60093927,-1.07623339,0.0919258595,0.974009991,2.73540545,1.31800735,-0.160344079
general_aleatoire,-1.54197526,0.127953053,-0.396619081,1.23613811,-1.17295814,1.12293077,-1.20125842,-1.13998103,0.0254788399,2.51977825,1.74929798,-0.223852932
general_aleatoire,0.862542152,0.687567949,1.20021749,1.64647269,-0.61557126,0.0086479187,-1.30956364,1.86335492,-1.98947144,3.36249208,1.40098286,1.27399611
general_aleatoire,1.76653934,-0.196385622,1.4602499,-0.590269089,-9.10758972e-05,0.219639301,-1.43638444,-1.24783564,-1.12838221,3.0229218,1.07328892,0.540141404
general_aleatoire,1.43866205,0.590679884,-0.968979359,-0.312980175,-1.09428167,-1.41279364,-0.0771439075,-0.0840244293,-0.00459599495,1.89714837,1.75004411,-0.0131654739
general_aleatoire,-1.93027782,-1.13965917,0.935581446,-0.912557125,-1.70567489,-1.32117915,0.516454458,0.87384057,1.17204118,3.09470487,2.04312325,0.200406194
general_aleatoire,1.08035612,-1.46942472,-0.150686026,0.0745546818,0.856348038,1.11626983,0.94374156,-0.957466364,-1.44689798,2.74994302,1.17290556,-0.545016646
general_aleatoire,-1.34833384,1.864712,-0.652723789,1.28412771,0.218796492,-1.1820662,0.301118374,-1.25533986,-1.47649479,2.70735931,1.97394872,1.19818985
general_aleatoire,-1.49735546,-0.169724703,-1.44648576,-0.9268713,0.992647171,1.36809683,-0.12138319,-0.745699644,1.13173652,2.35968471,1.79290235,-1.07160938
general_aleatoire,1.35481787,0.985019445,-0.285741568,0.418450832,0.906342983,0.745466232,0.0402407646,-1.92657733,0.487850428,2.49053431,1.18453276,0.886092603
general_aleatoire,-0.752889633,-0.418574095,0.551288605,1.07282686,-1.96262026,-0.299242496,-1.8680923,-0.170153618,1.40755177,2.8081584,1.93578231,0.0725552216
general_aleatoire,0.0707144737,0.736099243,1.32729626,-0.938521147,0.637515545,0.75185132,-0.603358507,1.16982651,0.681278467,2.3306582,0.867525697,-0.416166544
general_aleatoire,-0.772823095,0.569706202,-1.8558507,1.72407699,1.73111629,1.36566567,-0.619280815,0.589787483,-1.57407308,3.36482048,2.02166891,-0.0123508312
general_aleatoire,-0.633971691,-0.0325727463,1.11830568,1.07387114,0.300832987,-1.11341095,1.94107985,-0.922039986,-1.00997567,2.94469762,1.00768054,-0.297165751
general_aleatoire,-1.02914023,-1.6813767,1.96669221,-1.72043276,-1.21038508,0.560121536,0.302080631,1.75704074,1.70105839,3.39821124,2.50649071,-0.856972158
general_aleatoire,-1.99227238,-1.41241384,0.90308404,1.88341665,0.628260612,1.78990889,0.929216623,1.53828788,-0.578378439,3.50655007,2.20652795,0.570090175
general_aleatoire,-1.14177394,1.28198576,0.536220074,-1.82117248,1.04356575,1.02172422,1.94411159,-0.931712389,-1.27830482,3.81689048,0.625848353,-0.0752858818
general_aleatoire,-0.092648983,1.06410336,1.29054499,-0.644795418,-0.914563894,-1.29749417,-1.25917006,-0.314492464,0.725252628,2.34658623,1.5331943,0.308771908
general_aleatoire,1.17534351,0.133579493,-0.14060092,0.0576152802,0.150092363,-0.972922087,1.98063755,-1.86047888,-0.403563023,2.86869979,1.01753139,-0.820870996
general_aleatoire,-0.358923674,0.461602926,-1.57376218,-0.539023399,1.62395644,-0.428857565,-1.83499885,0.782562971,-0.27339673,2.66283774,1.3643136,-1.01619124
general_aleatoire,1.75154781,-1.79101777,0.16943574,-1.61782455,1.07359958,0.635466576,-1.64317393,0.588444948,-1.15536785,3.57539845,1.34082019,0.527307451
general_aleatoire,-1.86779141,0.00852656364,-1.9954741,-1.91995311,-1.68472791,-0.988580227,1.05199552,0.0696051121,0.338305712,3.74822092,1.39637697,-0.446558356
general_aleatoire,-1.94015527,-1.84752703,-0.941814899,-0.0476119518,0.0561232567,0.848117352,0.292596817,1.47580552,1.70300674,3.45529819,1.3722322,0.36198324
general_aleatoire,1.73614573,0.581382275,-0.690237761,-0.341056824,-1.45667052,1.72140455,-1.0522964,1.13953185,1.10468578,2.81138086,1.90033102,-1.06824517
general_aleatoire,-1.19996452,1.88593674,-1.47663069,-0.13442564,0.703246355,-0.778587341,0.239532471,-0.283237696,1.15869427,3.02702641,0.739146233,-0.258610308
general_aleatoire,-0.780747652,0.955219984,-0.974050045,0.500845909,0.375002861,1.94552851,-1.9370563,0.134358883,-0.961791039,2.9750545,1.311602,-0.878278196
general_aleatoire,-1.54757714,0.645528078,1.31309414,-1.8717494,-0.992586613,-1.66719294,1.10920858,-0.826415539,1.82842827,3.26845479,2.13191676,1.35377789
general_aleatoire,1.51121902,0.787181854,1.05954456,0.384120464,-1.91137362,-0.158455372,0.00685119629,-0.542360544,-0.901250124,2.39396548,1.68234575,0.630217731
general_aleatoire,-0.587981224,0.594582558,0.545490742,0.886215448,1.00509238,1.45145011,0.714068174,-0.0983352661,-1.20635962,2.21792483,1.3066088,0.497549772
general_aleatoire,1.97780013,-0.0240514278,1.91994429,1.16656017,1.52866673,-0.0971837044,0.299477816,0.146492958,-0.407974482,2.91621518,1.71890068,-0.352487475
general_aleatoire,1.08454418,-0.542454958,0.645061016,-1.95150113,-0.362620354,-1.0033021,1.58165073,0.875232935,-1.34973192,2.80026197,1.94114363,0.55945015
general_aleatoire,0.41452837,1.98206568,1.66568875,-1.52458978,-1.79991102,-1.94020033,-1.37889361,1.56007552,1.15697503,4.22146893,2.00990152,0.128991261
general_aleatoire,-1.02018619,-0.565969706,0.918798447,-1.52661872,1.24406147,1.98580194,1.43594551,1.14900112,1.96637678,3.32717633,2.3355329,-0.86655724
general_aleatoire,-0.365036011,-0.823841333,1.2933898,0.840973139,0.722415447,-1.53840065,1.159899,-0.372762918,1.2608254,2.63430095,1.47639084,0.188006818
general_aleatoire,1.39188671,-1.66108537,-0.529367924,0.491891384,0.364381313,-1.97285795,0.015093565,-1.82617521,0.583806038,2.67865682,2.3211422,-0.597288549
general_aleatoire,1.61591983,1.89157748,0.110254765,-1.77705812,0.943607807,0.295845985,1.35400391,1.45211506,1.798347,3.46325755,2.01549292,1.20703232
general_aleatoire,-0.0744693279,1.47741127,-1.68589139,-0.0667543411,0.242157221,-0.65611887,-0.671704531,-1.38202715,-1.38023305,2.37661982,2.03486252,0.0367351025
general_aleatoire,-0.398714304,1.39613795,-0.534025908,0.0863978863,0.238299131,1.73310542,0.662037611,1.22406578,1.91330171,2.8652451,1.62899947,0.441982001
general_aleatoire,0.771887064,0.913544655,-1.97989821,0.574994087,-0.288706303,-0.659630299,-1.21005487,-1.86198473,1.64319158,3.57664466,0.933654964,0.40823099
general_aleatoire,-0.847499609,-1.30166411,1.0737915,-0.855759859,-1.1789124,0.0673470497,0.848752737,-0.946545601,0.319119215,2.34861708,1.2312237,0.615273476
general_aleatoire,-1.1605413,-1.31257272,0.396397114,-0.953500986,-1.6442821,-0.0147857666,-1.76732898,-0.326501369,-0.511018991,2.9411912,1.23867393,-0.382306516
general_aleatoire,1.11425519,0.882657766,0.937618494,0.219226837,0.298297882,-0.308494329,1.28909874,0.26300621,0.250678062,2.0875597,0.639419138,-0.398764849
general_aleatoire,-0.53819418,1.85755682,1.74458528,-1.13110375,-1.78038049,0.856527805,0.693565845,-0.520223618,1.56513047,2.74234509,2.42579246,1.32774711
general_aleatoire,-0.884135246,1.21553874,-1.27845025,-1.26383591,0.210013866,-0.81629467,-1.13812232,0.868191719,-1.19859672,3.02148843,0.746752679,-0.00833074376
general_aleatoire,-1.66291785,1.96212745,1.24744678,1.20698953,0.875627756,0.99310708,0.918426514,1.17624235,-1.59903455,2.94342089,2.18653679,1.64938474
general_aleatoire,1.87569141,0.871042013,0.293106556,0.719272375,-1.11902452,1.32368994,1.44883847,-1.83361626,0.970922709,3.16508412,1.98228765,0.584225178
general_aleatoire,-1.90755749,-0.342766762,-0.507971764,-0.105722189,-1.40484691,-0.354990482,0.233537674,1.71976852,1.66939545,2.90921974,1.75075805,0.628810346
general_aleatoire,-0.625873566,-0.434081316,1.85393691,1.37980127,1.64108706,-1.99903655,0.522084475,-1.32594156,0.319287062,3.54014015,1.3464843,-0.630409479
general_aleatoire,-1.87830591,-0.519643068,-0.687411308,-1.92664647,1.63275838,-1.48950744,-1.61219168,1.0169251,0.425638914,3.62627316,1.44945776,-1.19615102
general_aleatoire,-0.113839626,-0.194016457,-1.40064764,1.75387263,-0.944156647,-1.50992346,1.7913475,-1.15188861,-0.531468868,3.33122134,1.39263856,0.203817636
general_aleatoire,-1.88183236,1.63072777,-0.2642591,-0.781456709,-0.888668537,0.172880173,1.47962356,-1.91809177,0.419763088,3.49295974,1.24101591,0.0660813898
general_aleatoire,0.0875003338,0.456362724,0.547767878,0.127642632,-1.06277966,-1.63259888,0.315748692,-0.219925404,0.588670969,2.10726643,0.599320471,-0.148277149
general_aleatoire,1.99802065,0.747544289,1.34091711,1.10561323,1.57383609,-0.754643202,1.29290533,0.271107674,-1.5878334,3.01787686,2.20784903,-0.949703217
general_aleatoire,1.92631602,-1.0902071,1.5925765,-1.98751354,1.81066155,-0.785959721,-0.455454588,-1.56557059,1.14771223,3.99455786,1.64905214,0.762764633
general_aleatoire,-0.108826637,0.479591608,0.708509922,-1.66905975,1.49802113,1.29592133,0.99686861,0.708405018,1.75434232,2.88567448,1.92331839,-0.0104560535
general_aleatoire,-1.20433068,-1.7844069,-1.68104577,-1.95128083,1.3480885,0.645352364,-1.68439269,-0.84259057,-1.63458467,3.62656164,2.54153013,0.330805212
general_aleatoire,-0.985996008,-0.290366888,-0.676451683,-1.46080875,-0.920815945,1.65467834,0.0457456112,-0.118864298,-0.239406347,2.41237187,1.20874989,-0.163813204
general_aleatoire,0.276603699,0.0497140884,1.71242428,0.690854311,0.121052742,-0.451478004,-0.585635424,-0.994769335,1.18862033,2.23905134,1.10246527,-0.472986549
general_aleatoire,-1.33519793,-0.22859931,-0.60210371,-0.726122379,0.96722579,0.892917633,1.02681947,1.20642257,0.667621374,2.19844294,1.55456853,0.404126585
general_aleatoire,1.16686463,-1.06388736,1.91069746,0.352344751,1.14666772,0.282758474,1.07973361,-0.0629353523,1.42994094,2.99991393,1.36897004,-0.0639765412
general_aleatoire,0.199915886,-1.99925923,-0.0328376293,-0.550274372,0.261825323,0.950412273,0.862023592,0.398875952,-1.56148744,2.12426591,2.03480482,-0.014582416
general_aleatoire,-1.28971219,0.99850297,-0.785067797,-1.45645547,-0.652829647,-1.73348808,0.271312237,1.90431857,1.32639313,3.13245773,2.11501575,0.0538845696
general_aleatoire,1.82796693,1.72996712,-1.75825405,1.00036955,-0.226986408,1.37180138,-1.25502038,-0.11961627,-0.0586204529,3.18599534,1.92667413,-0.299978793
general_aleatoire,-0.440898895,1.32070875,-0.429166079,1.80244708,0.464154005,0.537010431,-1.50305319,-0.584377527,0.317976713,2.46821737,1.49207628,-0.50879097
general_aleatoire,0.413302183,0.660531282,-0.751994848,-0.244365215,1.63929439,1.81266856,1.48160172,0.432852983,0.232926846,2.49024153,1.63796186,0.87058723
general_aleatoire,-1.12000227,-0.700804472,-0.083135128,-0.826441526,0.701617718,-1.86632824,-0.705483675,1.26328325,-1.68143368,3.069947,1.34907174,-0.295195282
general_aleatoire,-0.198467255,0.33374238,-0.699468374,1.79148054,-0.115558624,-0.0597121716,1.27495193,1.62443614,-1.50154328,2.78650975,1.59123373,-0.297687501
general_aleatoire,1.34009433,1.43062377,-1.41034889,1.5900352,0.83267951,1.78683162,-0.258137941,-0.410048246,-0.999014854,2.7627666,2.39701867,0.316518635
general_aleatoire,-1.13143849,0.747753382,-0.505436897,0.970642805,-0.66835165,-1.28041482,-1.29538441,1.6577785,0.429066658,2.82240558,1.25827885,-0.429148018
general_aleatoire,1.00458884,-0.0935034752,1.73350191,1.46280384,-0.731707335,-1.87156177,1.75733995,0.57547164,-0.525929451,2.92087388,2.15153909,0.858074963
general_aleatoire,1.05179548,-1.78412104,1.03794622,1.0518775,1.54429579,0.814032555,0.916134834,0.391643763,1.71124005,2.73432493,2.39010286,0.502538979
general_aleatoire,-0.0404250622,-0.669373751,-1.87133908,0.0128376484,0.498389006,-1.94368148,-0.332661629,-1.97216988,0.240837574,2.71142912,2.16234565,-0.0927012414
general_aleatoire,-1.03949356,-0.282714844,-1.59677124,1.86422443,-0.959154606,0.41643548,-1.29182696,0.996945143,-1.88592005,3.4888525,1.35940349,-0.691536427
general_aleatoire,1.74538755,1.63721657,0.366397142,-1.96710753,-1.95175004,0.944328547,-1.8628335,-1.39140868,0.80935359,4.41350269,0.976016939,-0.247592986
general_aleatoire,1.64891839,-0.883659601,1.57118368,0.317518711,0.615604401,-1.1908915,0.688936472,-0.919004679,-1.97864366,2.83417797,2.10452819,-0.79940182
general_aleatoire,0.0185639858,1.93948603,1.90227771,1.51133037,0.46508193,1.58042479,1.74459219,0.636977911,1.83751941,4.02065516,1.7428968,0.0351675376
general_aleatoire,-0.62085247,-1.1675601,1.5745945,-0.755225658,-0.8339324,1.07996893,0.250846148,1.4670558,-1.60107613,3.34098959,0.517139137,-0.0955058709
general_aleatoire,0.0769069195,1.68782234,1.97290421,-1.43691826,-1.95371127,-1.10041285,-0.801629543,0.232536554,0.492646933,3.54350448,1.4753722,-0.214188322
general_aleatoire,1.05637193,-0.122840405,0.477405071,-1.53358817,-1.07146454,-0.528851748,-1.99622798,-1.89821148,1.02860212,3.43391323,1.32840037,-0.477794439
general_aleatoire,0.570984125,1.94082928,1.57097006,1.2396524,1.53949642,-0.159173727,0.798177719,1.61506891,-0.13691926,3.41547322,1.42029035,0.272967547
general_aleatoire,-0.360609531,0.0481264591,0.0997362137,-1.45232487,-0.0914809704,-0.63593173,-0.209504604,-1.24908781,1.10076284,1.73003078,1.56212556,0.216510966
general_aleatoire,1.28480077,0.107075453,1.65901542,-0.733131647,0.147692919,-0.967367411,0.911056042,-1.84901094,-1.51414108,2.80107474,2.14207292,-0.128823444
general_aleatoire,0.3327806,0.434138536,-1.08015442,0.811163902,-1.4074645,-0.18892765,0.615319729,-1.02690768,0.724836826,2.08933496,1.28723872,-0.277186513
general_aleatoire,1.50949788,1.00861955,0.971634865,0.0143074989,1.59942889,1.57621837,1.27361035,1.74537086,1.96149755,4.03823185,1.21456242,0.127316535
general_aleatoire,1.2294836,-1.23130918,0.542373896,-1.65300894,-0.785116196,-0.651988983,1.93177962,-1.48398352,-0.903455496,3.12701392,1.78703165,0.93507725
general_aleatoire,0.092520237,-1.18937254,0.532115459,-0.231383562,0.313154459,-1.77263784,-0.963039637,1.91397762,1.63529611,2.87623048,1.95981371,-0.389282286
general_aleatoire,0.353734016,-1.91531062,0.227808237,-0.607946634,0.623184919,0.875969887,-0.0119054317,1.06771564,-1.87174606,2.59857154,1.78378546,0.282573313
general_aleatoire,-0.33552599,0.449244976,-1.93236089,0.864695311,0.472174644,-0.333003759,-1.7476213,1.0291822,-1.56857705,3.09554744,1.34703171,-0.553965867
general_aleatoire,-1.091995,0.601002693,-1.11489367,-0.75004673,-1.35433221,-0.6078794,-0.512021065,-0.0527718067,1.38804793,2.00934005,1.51523876,1.19213259
general_aleatoire,1.91431355,1.31164813,1.86176872,-0.46870327,-0.334956169,0.356474876,-0.938003302,0.883265257,-0.789631605,3.08381438,1.32029462,-0.583599687
general_aleatoire,-1.03517294,-0.924875021,-1.32743573,0.128983021,1.88838387,0.427439213,0.470229149,-0.0448825359,1.92566276,2.84102654,1.74621272,-0.514795065
general_aleatoire,-0.36802268,-0.648976088,-1.15486002,0.812126637,-0.0699777603,-1.10958552,-0.635589361,-0.95519948,0.166381836,1.70915532,1.43221939,0.396909773
general_aleatoire,0.0476083755,0.700757504,-0.721527576,0.533248663,-1.32951379,-0.150039196,-0.948477268,0.224209547,-1.85700655,2.26580429,1.43841767,0.532766938
general_aleatoire,-0.860575676,0.817694426,-1.90303898,-0.0315334797,0.500077724,-1.6230278,-0.989725828,-1.31322408,0.675814629,2.92782927,1.52738523,0.414502621
general_aleatoire,-1.58986187,0.988033772,0.450371027,1.66371083,-1.62315869,1.83249116,1.01712918,-1.95789599,-1.91795635,3.63941932,2.7110734,-0.646899462
general_aleatoire,1.96149683,-1.00249696,0.732073069,1.56266665,0.574096441,0.874125242,-1.93914771,-1.70812678,1.44493341,3.30614066,2.43254542,0.917601347
general_aleatoire,1.28450441,-1.41803432,-0.0278596878,1.34932041,1.38713193,-1.93774986,0.40295887,0.583856821,0.727332115,2.74013352,1.92217183,0.995200574
general_aleatoire,-0.260793924,1.97400618,-1.19693327,-1.07065797,-1.5697546,0.495782137,-0.239489317,-0.158714533,-1.50677681,2.90439987,1.57356751,-0.833588243
general_aleatoire,-1.84219241,-0.0542137623,-1.94211745,0.500868082,-1.52308583,1.3095367,0.596366882,0.714597702,0.268652201,3.09192848,1.68298042,-0.00319607253
general_aleatoire,-1.73920107,0.213718176,-0.770269871,-1.87257314,-0.848085642,-0.122788191,1.66012955,1.6984911,1.47112799,3.667243,1.27709818,0.793811798
general_aleatoire,-0.409632683,-0.519408464,0.499689817,-1.715379,1.11927462,1.57642913,1.13570094,1.55275965,0.0771203041,2.61536694,2.02282906,-0.377556145
general_aleatoire,1.41898441,1.43180776,1.38032651,-0.43448782,-0.0789840221,1.55477285,-1.29027343,-1.03909135,-0.0900478363,2.88369107,1.73705494,-0.0286059622
general_aleatoire,-0.879134417,-0.0216090679,-1.78751755,-0.0402731895,1.18232727,0.155090332,-0.331779242,-0.969372034,-1.08353376,2.39365149,1.37174058,0.0685740635
general_aleatoire,-0.535035372,-1.07283902,-0.263253689,1.60559964,-1.47551537,1.33566618,-0.178543568,0.214123487,1.24187827,2.60200596,1.40551305,0.959027767
general_aleatoire,0.464442968,1.31223798,-0.102697849,-0.353744984,-0.433333874,0.0752332211,1.66190743,-1.86539888,-1.4975493,2.97149158,1.38412237,-0.074462764
general_aleatoire,0.697730064,-0.326212883,-0.381576538,-0.621752501,-0.218089342,-0.00739717484,1.4946909,-0.169472694,-0.152662277,1.79744232,0.459774554,-0.130280063
general_aleatoire,0.0755579472,-1.91523123,-1.44032431,-1.09003663,0.0525658131,-0.0975177288,-1.03032494,-0.302414894,-1.26267481,2.65791535,1.55708921,0.455122203
general_aleatoire,1.4414804,-1.74066329,0.168550014,1.05061007,0.758542776,-0.29023242,-0.12270689,0.506574631,-0.241377115,2.31887197,1.35343945,-0.143387094
general_aleatoire,0.910373211,-0.214853525,0.71726656,-0.356313944,-0.117997169,0.154333353,-0.448405981,-0.998226404,-0.496160507,1.41704035,0.930735469,0.351485282
general_aleatoire,1.56422067,0.560194969,-0.667657852,-0.0208227634,-1.40990472,1.39652896,-1.61379814,1.49880791,-1.94630837,3.41690207,2.01854634,0.18457076
general_aleatoire,-1.31775856,-0.308575869,-1.45506549,-1.24955606,0.521603584,-1.91340852,-0.795097113,0.080078125,-1.92571735,3.63593578,0.638370872,0.403668284
general_aleatoire,0.71991396,1.55457067,-1.65699601,-1.09239697,-0.156316996,1.71712255,0.974514484,0.869737625,1.94322705,3.16523051,2.13001585,0.879476547
general_aleatoire,1.05061388,0.668761253,-1.19415402,-1.0206418,-1.06322241,0.866214514,0.0850708485,0.391717672,-1.31160069,2.64659715,0.83295083,0.286717057
general_aleatoire,-1.15280294,-0.778273344,1.40444326,-0.71415019,-0.290382385,-1.36148047,1.8479104,-1.17926884,0.891603947,2.60567594,2.01124477,1.05869651
general_aleatoire,1.15420723,0.578252554,-1.33121681,0.91341114,-1.88617063,-0.0876121521,0.517419577,0.0209057331,1.90393233,2.37110043,2.09831476,-1.30629992
general_aleatoire,1.4048295,-0.675144911,0.723714113,-1.52537727,1.58897328,0.281549215,1.56330681,1.62541676,1.90596008,3.11030269,2.61780477,-0.275167793
general_aleatoire,1.13624692,0.800858498,0.490063429,0.00920677185,-0.739774227,-1.33475327,0.167520523,0.821522236,-1.63502073,2.17305398,1.62752318,0.711877704
general_aleatoire,-0.833689213,0.715781689,-0.868209839,0.900383949,-1.04684901,1.86012626,1.50048804,-0.95841074,1.47185779,3.51689959,0.529100478,0.125195891
general_aleatoire,-1.9261744,0.523881674,0.182433844,-0.108076096,0.827161789,0.688457727,1.16162968,0.428917646,-1.22504449,2.45255589,1.11186802,0.985159755
general_aleatoire,-0.337063074,-0.952988625,-0.481476545,0.0503635406,-0.468822956,-0.677596807,0.356533527,1.44204593,0.590677261,2.06642652,0.459240913,-0.0978733748
general_aleatoire,-0.104959488,-0.193033218,1.19831443,1.87476563,0.32247901,-1.6646173,1.0923605,-0.611812115,-0.669308186,2.94461846,0.954689682,-0.554304302
general_aleatoire,-0.323701382,1.32566643,-1.93231463,-0.901710749,-0.540171385,0.184395075,-0.905160427,-1.14397168,0.0241448879,2.5101552,1.56600559,-0.331962168
general_aleatoire,-0.0978939533,-0.65435791,-0.727299213,0.904728413,-0.933186293,0.0397298336,1.86793995,-1.48095107,-1.35970378,3.03569055,0.855398715,-0.491698205
general_aleatoire,1.00024509,1.1493032,-1.60308456,1.93665981,1.35619664,-1.92039418,1.7256887,0.796109438,-0.710218906,4.19062901,0.843959808,-0.108010441
general_aleatoire,-0.988353014,1.70457053,-1.83804893,1.17203259,-0.388441801,1.68974233,1.74087119,0.665080547,-1.95293975,3.59354663,2.32113385,0.791391551
general_aleatoire,-1.05742407,0.351542711,1.57809281,0.00558590889,-1.26293993,1.49353647,-1.14775801,-1.66399336,-0.915748119,2.38577676,2.29564881,-1.23316157
general_aleatoire,0.726104021,-0.783014774,0.720438719,0.0579185486,0.676319838,0.853829384,1.76933789,1.70483255,1.29235005,2.92960739,1.25203896,-0.637289226
general_aleatoire,-1.64624977,-1.83210921,1.81747723,-0.115668774,1.68529177,-0.408187866,-1.78400302,-0.759411335,-0.558715582,3.52013826,1.70583653,1.07725358
general_aleatoire,-0.194653273,1.25257349,-0.463223457,0.44630599,-0.270664454,1.11637568,1.91704726,0.876133204,-1.64546824,2.8029263,1.38539708,0.845383942
general_aleatoire,-0.0129196644,1.68892336,-1.83512783,-0.0790531635,0.337072611,0.494968891,-1.80573344,1.32073164,0.41490674,2.69904041,2.0730834,-0.424079597
general_aleatoire,-0.558147907,1.20164323,-0.278312445,0.339966774,-0.361926317,1.98808718,-0.501075983,-0.176534176,1.7021172,2.69355679,1.31619024,-0.473107249
general_aleatoire,0.99530983,1.31571937,0.668853045,-1.56400013,1.96572661,-1.56750679,0.852875948,-0.288522005,-1.34387708,2.96214628,1.8442291,-1.54192626
general_aleatoire,-1.60537052,1.8220706,0.476372242,0.671108723,-1.4252336,-1.76264715,0.0894930363,0.630273104,-1.97112036,3.29835725,2.19854903,-0.538960755
general_aleatoire,1.53247762,-0.733614683,0.308167219,0.708762884,-0.583921671,-0.0638444424,1.28363848,1.91307783,1.1300478,2.60831738,1.89768338,0.095457688
general_aleatoire,1.49641514,0.176728487,-0.563716888,-1.3825531,-1.81805396,-0.996054173,1.38250518,0.953935862,1.64493704,3.42182708,1.44803989,-0.720122993
general_aleatoire,1.22432852,1.28250957,-0.8829391,-1.48820043,-0.528059721,1.99166036,-1.68947268,-0.965663195,0.853847742,3.71498299,0.97859621,-0.375262469
general_aleatoire,0.896819592,-1.98568988,1.63213944,-1.81383395,-1.05725169,-1.98262382,1.63303399,0.581278324,-0.762073755,3.28975058,2.53691983,1.44108295
general_aleatoire,-0.330451727,1.90565276,-0.809813023,-0.874959946,1.6508038,1.81374311,-1.22878885,-1.78582144,-0.442528009,3.21825004,1.93971801,-1.39719474
general_aleatoire,0.83708787,1.76124716,0.128444433,-0.291573763,-0.0884919167,0.218774557,-1.10602283,-1.67865276,0.822382927,2.85289311,0.719747841,0.142667592
general_aleatoire,1.16066551,-1.23676205,-0.308964968,0.21136713,1.20206046,-0.987018585,-0.984809637,1.82248545,-0.310085058,2.8405385,1.32435417,-0.0299838986
general_aleatoire,-1.8854754,1.14619565,-1.201087,1.89551091,-1.03075767,-1.76149797,-0.343728781,1.24982452,-1.06907916,3.23151803,2.43693805,-0.715161502
general_aleatoire,-0.797243834,-0.0346038342,0.202972889,1.48986197,-0.839631081,0.848253489,0.453781843,0.319847822,-0.584788799,1.9857955,1.01416039,-0.0221246742
general_aleatoire,-1.64398742,-0.665540457,0.775968313,-1.84824681,-1.33434296,-1.41215849,1.14546943,1.66831279,-0.999773026,3.43844867,1.90702868,-0.75741142
general_aleatoire,1.9931097,-0.331805229,1.12208223,-0.598119259,-0.852749586,1.43525553,-0.39021945,-1.49382234,0.958013773,2.61698174,2.14478993,0.582567871
general_aleatoire,0.262579441,1.87405419,-1.43175364,-0.178115368,0.819183111,1.31808949,1.62031245,1.90027547,-0.2615695,3.21919608,1.73594916,0.999613225
general_aleatoire,1.49389267,-0.0476310253,-1.0914011,1.70969129,-1.96787262,0.0839655399,-0.031673193,-0.0496063232,0.12544322,2.85966921,1.43773353,-0.0466080643
general_aleatoire,0.313316345,-1.19499874,0.756918907,-0.861302614,-1.57246661,1.06061244,1.28444195,-0.118611097,-0.257980108,2.45765209,1.45454383,0.114754252
general_aleatoire,-0.730583668,-1.7106061,0.490504026,1.14473057,0.611038923,-0.492200136,1.07758307,-1.59853005,-1.37316298,2.49918866,2.20783925,-0.328814805
general_aleatoire,0.535115957,0.966068983,1.52052522,0.397713423,1.55101395,-1.76971269,1.83065367,1.10978246,1.47082162,3.13578343,2.3833437,-0.678306162
general_aleatoire,-0.467679024,-1.99143648,-0.678476334,-0.479035378,-0.207699537,1.27417016,-0.615299702,-0.534988165,-0.646857738,2.33011222,1.38329124,0.530386925
general_aleatoire,0.406193972,1.23231053,0.425267696,-1.50197911,-0.539898872,1.88240004,1.6178956,0.219726562,0.0129132271,2.74937248,1.46997213,0.94945389
general_aleatoire,-1.26830411,-0.14086318,-1.47513819,1.99005485,0.366038084,-0.0259985924,0.531997681,-1.28640699,-1.78789711,2.68703365,2.30200696,0.717288673
general_aleatoire,0.052277565,-1.02799249,1.2560668,1.18184757,1.10744119,-1.80150151,1.15432692,1.4203546,0.832094908,2.90135145,1.91108429,0.691360712
general_aleatoire,0.632649899,-0.983128786,-0.262307167,1.44833612,-0.61426878,1.57377386,-1.92300415,-1.22338939,1.30085969,2.62903714,2.29500198,1.04659188
general_aleatoire,-1.47817755,-1.42911267,1.90241981,-0.761832237,1.47329569,0.276427746,1.5729444,-1.01602983,1.54550552,3.09344554,2.33127999,-1.25090396
general_aleatoire,-0.0114383698,0.166747093,1.23737121,0.585606813,-0.117848396,0.181451321,1.79590917,-1.79517484,1.39000225,2.98809266,1.13616288,-0.330540031
general_aleatoire,0.982012272,-0.667843103,0.0213279724,-0.40015173,0.590836287,-0.306693316,0.010559082,0.504717588,-0.0327548981,1.41692591,0.466745883,0.210903823
general_aleatoire,-0.852817297,-1.3128438,1.87699652,-0.885145187,0.434736729,-1.36458945,-0.402393579,-1.21733499,0.580039024,2.95194817,1.33178055,0.548804879
general_aleatoire,1.89190936,-0.418380022,-1.3875463,1.27118254,-0.92291832,0.271363735,0.36235857,-1.83211803,0.440714121,2.80431938,1.92407191,0.580429614
general_aleatoire,-1.29297256,-1.38410354,1.45997572,1.17486954,0.251599073,1.14081144,1.80137372,-1.05072927,-1.71031094,3.15550756,1.77597487,-1.62078631
general_aleatoire,-0.845335007,-0.818957567,1.75195146,-1.22582674,1.30268574,0.215361118,0.791188002,-0.468828678,-1.67106724,2.79813981,1.80722141,0.493201077
general_aleatoire,-1.37090588,-0.326943874,0.57100749,0.237207413,0.145193338,-1.25035501,-0.901055098,-0.207093716,-0.0809147358,1.89224482,1.11057866,0.0205184929
general_aleatoire,0.404103279,0.982953072,-0.690493345,-1.17891335,1.12377906,-0.828377247,1.36179829,-0.61555624,-0.705562353,2.21659112,1.57036448,-0.545072138
general_aleatoire,0.986905575,1.35462856,1.38769031,-1.58569384,-0.494446039,1.35091639,-0.813516617,-1.38899851,1.55778694,2.99674201,2.15510702,0.843469024
general_aleatoire,-1.66829157,1.99745965,0.567101479,0.681414366,-0.112250566,1.95992231,1.63156223,0.639864922,-0.547243357,2.79369116,2.07688475,1.63266778
general_aleatoire,0.93384099,-0.851391077,-0.445376158,0.00293946266,-0.268129826,-0.17621541,-1.42345738,-0.622287989,1.29099989,2.17550302,1.09896433,-0.194571838
general_aleatoire,0.774965048,1.72423601,1.03824711,0.49375248,1.41193581,-0.625410795,1.89142632,-1.38393474,-0.933375359,2.84032679,2.10267401,-1.07483721
general_aleatoire,-0.939375162,0.864373922,-0.978358507,-0.422967196,0.454111338,0.70832777,1.7801497,-0.0960733891,-1.80691266,2.67084789,1.60950768,0.43903622
general_aleatoire,1.97509241,-1.99591088,0.915608406,0.400727749,1.80996513,-0.863758326,1.33987808,1.52219319,1.61160398,3.27401495,2.75572562,1.14106965
general_aleatoire,-0.690998793,1.2576766,-0.841049671,-0.163363695,-0.921957731,-0.992846251,-1.42058873,-0.518719435,0.326121807,1.6784029,1.60811973,1.27257383
general_aleatoire,-1.91905522,-1.32714581,0.095972538,-0.301475525,0.0202310085,-0.156111956,0.10100174,-1.91803193,1.89612484,3.01045179,1.94667053,-0.0309536289
general_aleatoire,-1.93277097,1.64581585,0.0808506012,-1.35314894,0.784138918,-0.524470091,1.76856971,-0.304175377,-1.28352308,3.42879844,1.44343138,-0.446593791
general_aleatoire,-0.557868481,-1.58696485,1.19398379,-1.79164839,0.0961506367,-0.255833864,0.28839922,0.492589235,1.41205406,2.13852644,1.93712926,-1.23851621
general_aleatoire,1.36221337,1.22371244,0.730579376,-1.47115397,-1.16655707,0.855658293,-0.152918577,-0.25825572,1.64138532,2.66881943,1.94701052,0.122157142
general_aleatoire,-0.821404457,-0.693035841,-1.79992485,-0.00507855415,-0.0510017872,1.83426118,-0.578253508,0.938831806,-0.993947983,2.86045647,1.16556478,0.65179491
general_aleatoire,0.990961313,0.778686762,-0.990664005,1.07794142,-0.341207743,-1.02084208,-1.67063141,-1.80221033,0.426103354,3.02113104,1.36080921,0.363005489
general_aleatoire,1.39501071,-1.58507943,-1.96016121,1.34363818,1.7484498,1.25821495,0.51047945,0.134420395,-0.712613583,3.32908392,2.06003952,-0.454117626
general_aleatoire,-1.43533587,-1.01408839,-1.8976841,-1.96397758,1.18683457,-1.05811453,0.40056181,-1.4490869,0.843718529,3.3492372,2.07763934,-0.716484129
general_aleatoire,0.448664665,-0.784771681,-1.33381772,0.037930727,0.114519119,0.988696575,0.360465527,-0.149746895,-0.807833433,2.03574061,0.435347944,-0.243921086
general_aleatoire,0.40553689,-1.85974026,1.1589129,-1.85098457,-1.13911748,-1.89461088,-1.73628449,0.956498623,0.127293825,3.10317659,2.38470149,-1.38156712
general_aleatoire,-0.727961302,-1.75149703,1.18520069,1.0662291,-0.273068905,0.876845598,-0.188007832,1.52685046,0.0515303612,2.58355641,1.34469807,0.932167828
general_aleatoire,0.558248281,0.852125645,-1.73120975,-0.905988693,-0.98739171,-1.51365066,1.23172736,0.224229336,-1.33147049,2.73359489,1.88157046,-0.670178652
general_aleatoire,-0.692089558,0.793921709,-0.230034828,1.12103724,0.587786674,-0.679553032,-0.0234971046,-0.710810184,0.481115103,1.56051767,1.23521757,-0.050224904
general_aleatoire,0.231210709,0.176799774,1.44514513,0.959185362,-1.10437536,0.823746443,1.76503277,0.13675952,0.3964746,2.37519717,1.26212478,1.02377522
general_aleatoire,0.715611935,1.96850586,1.49423838,-1.6415453,-0.270915031,-1.49375153,-0.348947763,1.30656719,1.05698228,3.40788221,1.67039323,0.401798338
general_aleatoire,1.45902348,0.330215216,-0.218165398,-1.7159729,0.856284618,1.56844783,1.47022915,-1.87686777,-1.8274889,3.9320538,1.38871896,0.239872962
general_aleatoire,0.993585348,0.29580164,1.03517652,1.41392255,1.81244421,-0.407380342,-1.78346252,-0.790465593,0.38742733,3.08787298,1.24654984,0.680602491
general_aleatoire,1.18282652,-0.288637877,-0.656853676,-0.6774683,-1.98730302,-1.638726,1.83829021,0.250616312,0.368492842,2.87565279,2.05321908,-0.316898882
general_aleatoire,-0.0838372707,1.27807164,-1.58178234,1.30120611,0.449957848,-1.73435855,0.951812267,-1.31655931,1.06911302,3.10251522,1.78853047,-0.0629775375
general_aleatoire,-0.755517483,1.62149262,-0.717202902,-0.362117052,0.635144234,1.81229091,0.492531538,1.46171761,-0.021641016,2.3008368,1.9505465,0.902525544
general_aleatoire,-0.813993931,-1.15494514,-1.36286807,-0.472066164,-0.25844264,0.174375772,-0.392405272,-0.128058672,0.302877188,1.97767556,0.72439003,0.010655771
general_aleatoire,-1.49082994,0.333544731,0.598041773,0.999947786,-1.707793,0.0395596027,-0.487221479,-1.58070946,0.840117216,2.51294041,1.93189251,0.0651327819
general_aleatoire,1.43316531,-1.9199059,-0.760941744,0.279931068,1.88518977,-0.661916256,-1.52855968,-1.9646728,1.83300447,3.63360453,2.5964005,0.0378388837
general_aleatoire,-1.23846698,-1.63595295,1.76378465,-1.07585549,0.0845954418,-1.81368041,1.98890877,0.820452452,0.0992667675,3.14327574,2.54359984,0.252606213
general_aleatoire,1.40119481,0.175745487,-0.263715744,-0.432628155,1.7140882,-0.759838343,0.36119628,-0.993817806,0.520028353,2.25654697,1.43451071,0.0716953129
general_aleatoire,-0.626317739,1.38167667,-0.160595894,-0.812799215,-1.2320323,-0.582937241,-1.10049987,1.62380767,-0.913820982,2.65874052,1.54904985,-0.244788453
general_aleatoire,1.60385394,-0.202960491,1.905931,0.611253262,1.60735321,1.42458439,-1.49051189,-0.851472855,1.29489708,3.00760412,2.17218351,1.44640779
general_aleatoire,-1.26508665,-0.360646248,-0.484610319,1.96320534,1.57753229,-0.110876322,-1.96055722,0.215344191,0.711474419,3.25886464,1.29580951,-0.646116078
general_aleatoire,0.119099617,-0.0913598537,-0.713052034,-1.35581517,-1.69991183,-0.715914011,1.58260489,-1.10019994,1.21070313,2.53995919,2.01717138,-0.657229006
general_aleatoire,1.51132846,-1.4418931,-0.0725066662,1.10707307,0.252377033,0.503386497,0.374750376,-0.363425016,0.558468342,2.27377796,1.04574728,0.481537342
general_aleatoire,-0.983915567,-0.0177774429,1.43891501,-1.9285059,0.800752878,-0.661109447,0.190959454,-1.26450706,0.438273907,2.39142084,1.77964211,0.881927311
general_aleatoire,0.72057128,-1.63573527,-1.77318144,-0.104321003,0.255213499,-1.22519898,-1.15747333,-1.16646552,1.79538321,3.05051804,2.02515531,-0.658048093
general_aleatoire,0.64521575,-0.657836437,1.64502454,-0.699115276,-0.384973764,1.69353867,-1.16900301,-0.330608368,0.594987631,2.5932641,1.45266342,0.234151736
general_aleatoire,1.85144925,1.48474813,-1.90331864,0.993275166,-0.774621725,1.47502875,0.664771795,0.146218538,1.56342769,3.27926493,2.17438698,-0.66586566
general_aleatoire,1.00750494,-0.974377632,-1.43974185,1.72191024,-0.606901646,0.376485825,-0.441803455,1.2040329,0.0451829433,2.56472516,1.39659095,-0.794371724
general_aleatoire,-0.411170959,1.71630526,-1.1512785,1.49718618,1.64494157,-1.46189809,1.73254347,-1.30884147,-0.00969958305,3.20247841,2.43254924,0.257791907
general_aleatoire,-0.569437981,-1.97402,-0.837024689,-1.56086826,0.459083796,0.292111635,1.61110401,-1.9048934,1.84916615,3.30914474,2.15637755,-1.30280828
general_aleatoire,-0.412352324,0.614411592,-0.786520243,1.35263658,0.857393026,0.10080862,-1.7776854,-1.16669226,-0.0450749397,2.66401434,1.08026838,-0.021815896
general_aleatoire,0.0987534523,0.316457033,0.220330238,0.469164133,0.969830036,-0.379369497,-1.12046814,-0.782528877,-0.526758671,1.72992539,0.751979053,0.224075317
general_aleatoire,0.729972124,-0.543890238,1.39027596,1.8377583,0.774470329,-0.224220276,1.72840929,1.02037573,0.869054079,2.95997953,1.59165967,0.527198911
general_aleatoire,1.00324535,1.05847478,-0.937823296,-1.32838726,0.287478685,-0.321841478,1.57721138,-0.0597786903,-0.0992093086,2.34445667,1.39595842,-0.114262022
general_aleatoire,-0.974827528,1.78046989,0.114159346,-1.14216709,-0.836832285,-1.70336366,0.750008345,1.56581545,-0.118846178,2.66478753,1.98684061,-1.00968432
general_aleatoire,1.39072466,-0.164772272,1.97035933,1.93457007,0.717573881,-0.430220842,1.74675155,-0.550818443,1.307796,3.42535877,1.83932328,-0.484585226
general_aleatoire,-0.7255826,1.3777051,1.57899666,0.276566267,-0.0131049156,-0.470541716,0.400057793,1.73823214,-1.27672625,2.262923,2.21371222,0.0776285976
general_aleatoire,-0.271531343,0.163769245,0.155277252,-0.901407242,-0.215542793,0.922547579,0.259273052,1.33011317,-0.117979765,1.55631948,1.11954439,0.097883448
general_aleatoire,0.859242678,-1.80812979,0.920976639,1.52819252,0.0498986244,-0.222424746,0.848472118,0.355774403,-0.309252262,2.28967571,1.71542001,0.000803684525
general_aleatoire,-1.44324899,0.605956554,-1.98644876,-0.963843346,-1.01883984,-1.72097206,0.818344116,-0.346107006,-1.60322189,3.31671548,1.60438848,-1.05358231
general_aleatoire,-0.152887583,1.63554955,-0.974371433,-1.13990974,0.910837889,-1.1816256,-1.70579815,-1.27396822,-1.10900688,2.70683336,2.35930753,-0.205951318
general_aleatoire,-1.9440732,0.994258642,1.08722186,-0.251502991,1.50013804,0.821134329,0.456650734,0.269943476,-1.24720025,2.89133716,1.26135409,0.907752216
general_aleatoire,1.80285096,-0.858888149,0.391183138,-0.096293211,-1.94052434,1.81738377,-0.588490725,-1.01059461,-1.4277575,2.8995955,1.87635756,1.64210784
general_aleatoire,0.926583529,1.69853449,-0.242207289,-1.58395028,-0.808610678,-0.44917345,-0.176336288,-1.09560323,-1.71517324,2.8232224,1.60490906,-0.890892029
general_aleatoire,1.38688779,1.19474936,-0.765734196,-1.02679253,1.96757388,0.901648283,-1.84553361,-1.72660661,-1.48689294,3.41273642,2.22304082,-1.29814708
general_aleatoire,1.82039404,-1.10144496,-1.22794008,1.2444241,1.53096819,1.5140686,1.23789263,-1.71419454,1.8714397,3.06418133,2.71885109,1.84701931
general_aleatoire,-1.87015963,-0.0884375572,0.978227377,0.909589052,-1.46659207,-0.517157555,-1.46800566,-1.26252723,-1.91053391,2.81484079,2.4520762,-1.08217001
general_aleatoire,-0.227696419,-1.80076861,-1.33700395,-0.945298195,1.92817831,-1.73997808,-1.61501408,-0.524483681,0.356846809,2.82290244,2.24870801,-1.64511502
general_aleatoire,1.33109999,0.505855322,-0.694719076,0.152318001,0.911336422,0.648743391,-1.62436032,-1.53527713,0.637500525,2.79917049,1.1447072,0.203159496
general_aleatoire,0.220073938,-0.733011484,-0.851149797,0.999011278,1.76070404,-1.45499206,1.04828644,1.59153342,1.8900578,2.92573619,2.42001605,0.559545875
general_aleatoire,-1.02969122,-1.84977579,-0.587448835,-0.859467506,1.80072284,-1.21830988,0.313929319,-1.95538187,-0.53691411,3.23986626,1.86772192,0.719601154
general_aleatoire,-1.03069711,1.79840851,0.715103865,-0.683690548,-1.07564449,-1.62051725,0.0360136032,1.98739552,1.55127239,3.6385181,1.46899462,-0.138666824
general_aleatoire,-0.928620338,0.775031567,1.4050312,-0.421483755,-1.33783698,-0.510124445,0.925415754,-0.177056789,0.0977973938,2.10523653,1.32312608,0.61597836
general_aleatoire,-1.29183435,1.92362618,0.536002874,0.211321354,-0.543388844,-1.89993954,1.40946126,0.415511847,1.02621055,2.72468972,2.12668943,-0.93368566
general_aleatoire,-1.41873431,0.442052603,1.19416356,-0.543191195,1.42627263,-1.16027284,-0.071625948,1.10460734,1.13288569,2.26274896,1.91565919,-1.01425982
general_aleatoire,-0.0543637276,-1.41955709,-1.10100007,-0.0316872597,-1.2193017,-0.424222946,-1.33839655,0.445269346,1.10864472,2.48283076,1.36439955,0.300988853
general_aleatoire,-1.82209134,-1.08405137,1.00849128,0.106569052,-1.68348289,-0.193814754,0.625885963,0.318443537,-1.9261713,2.93099046,1.74556267,-0.980232477
general_aleatoire,1.50861955,1.32755208,1.47098947,-1.30120158,-0.195695877,0.0619897842,-1.93853521,-0.954028606,-0.294224977,3.36820579,1.14306223,0.201639861
general_aleatoire,0.89058876,0.424773932,-0.714595795,0.231058836,0.898436546,0.605344296,-0.860515356,-1.38369727,1.00989223,2.25600386,1.07519817,0.375006586
general_aleatoire,0.586140394,-1.87757802,-1.26939368,-0.86675477,1.0020957,-0.00546598434,-0.643649578,-1.81976175,0.839581728,2.84938192,1.7261256,-0.75361681
general_aleatoire,-1.2558639,-1.80853772,1.73814774,-0.368560076,1.90733695,0.820137978,0.958999634,-1.09251809,-0.99119997,2.91583776,2.61552382,-0.261218548
general_aleatoire,1.18114805,-0.957930326,0.523118734,0.583161354,0.350246906,-1.52960157,-0.585804701,1.79323745,-0.0701942444,2.38529801,1.63917959,0.758988976
general_aleatoire,-1.10074854,0.389397144,1.99854231,-0.110151768,-0.0170650482,0.793253183,1.08571982,-0.265212297,-1.99126363,3.3338387,0.305402398,0.0750282109
general_aleatoire,-1.19090748,1.55498552,-1.14426494,-0.91999197,-1.97678494,0.671746969,-0.796169281,1.22542095,0.995670557,2.93398142,1.70497727,1.4009279
general_aleatoire,-1.34340906,1.17665076,-0.229962111,-1.19013,-0.0246562958,1.83617592,-0.751522303,0.00961112976,-0.0729768276,2.38071656,1.65772152,-0.430172563
general_aleatoire,1.66791487,-0.72981739,0.827060938,-0.55700922,0.889733553,0.677324533,-1.65982556,0.530372858,-1.12003565,2.90300608,1.19272935,-0.00247951294
general_aleatoire,-1.07093716,-1.96474075,1.58993149,0.864510536,1.45115399,-0.622246981,0.0363330841,1.14661002,-0.266997099,3.41602516,0.606702447,0.354144245
general_aleatoire,-0.644255161,-0.492576122,1.27733493,0.829071522,-1.47720718,0.686664104,-1.30650759,-1.21527767,-0.636493921,2.10216999,1.80444467,-1.24263227
general_aleatoire,0.685832024,-0.366050482,-0.990275383,-0.605188847,-1.92576671,1.05458808,0.796834707,-1.61219454,0.57917428,2.7787385,1.50177395,-0.604018271
general_aleatoire,-0.595132113,-0.356763124,1.34895992,0.102744102,-1.73281193,1.78867674,1.76937389,0.380800486,1.9452672,3.28355503,2.02391124,0.833978593
general_aleatoire,0.63153553,-1.6457274,-1.74435472,-0.834909916,-1.33602238,-0.510397434,-0.796190977,1.10556531,0.157517195,2.93563151,1.25588882,0.760514557
general_aleatoire,0.383707047,1.10636353,0.577462673,-0.715036631,1.03003907,-0.574470282,-1.52808404,-0.975396633,1.33283782,2.33717752,1.40367007,1.11230218
general_aleatoire,-0.981562853,0.82247901,1.79545522,0.309366703,0.541828632,1.55894113,-1.37639523,0.801225185,0.888994217,3.0551455,1.28713048,0.138914794
general_aleatoire,-1.19320035,0.888084412,-0.281018496,0.66588068,-0.0238287449,-1.46111822,-1.77912951,-0.368034124,1.81854987,3.02870488,1.44755745,0.457845598
general_aleatoire,-1.57297468,-1.48569107,1.26648188,0.78984499,0.620688438,0.0249240398,0.0288157463,-1.89747119,-0.627938271,2.87130356,1.68981469,-0.436933339
general_aleatoire,1.69898987,-1.26300216,1.4073472,-1.57420969,0.0970315933,1.87696242,-1.08423066,-1.20140553,-1.51350856,2.9038198,2.4933126,1.65341139
general_aleatoire,-1.76050162,-0.546430111,1.84666705,-0.978286982,0.195806742,0.0267646313,1.18662691,1.86563706,-1.82493663,3.77615619,1.24950254,-0.450221509
general_aleatoire,0.299813747,0.267783403,1.55972409,-0.407160282,0.603515148,1.08785772,-0.0990140438,-1.8462975,1.41843009,2.55379486,1.71859848,0.512731075
general_aleatoire,-0.393237829,-0.114527702,1.19629359,1.47451258,0.0907888412,-0.833693027,0.200154781,-1.48474789,-1.61134148,2.59941816,1.47876406,-0.61121726
general_aleatoire,1.42125773,-1.47067785,0.349660635,0.707998276,1.55636954,0.700186253,1.75130868,1.91641355,-1.78548646,3.36300063,2.06501842,-1.43963468
general_aleatoire,0.847811937,0.00387716293,-0.0270261765,-0.500141859,1.42931128,0.503433466,-1.58210826,1.17436457,-0.202816725,2.45623302,1.02810907,-0.315106928
general_aleatoire,-0.877639294,-0.851563692,0.227193356,-1.58144879,0.834914207,1.05400825,-1.46227574,0.0431680679,1.25626755,2.85391855,1.15675831,-0.302331597
general_aleatoire,0.227074862,0.424438238,-0.354979277,1.79814959,-0.158651114,-0.641884327,-1.53593063,-1.56741643,0.691671133,2.79165053,1.21814299,0.212953761
general_aleatoire,0.0260047913,-0.270210743,-1.65675712,1.26707006,1.87810588,-1.21485138,-1.84526038,-1.17977977,1.01401544,3.53083587,1.53874898,-0.646288335
general_aleatoire,0.583038092,0.100409508,1.38401365,-0.525517464,-0.111208677,-1.73663139,0.907815456,0.488667488,1.99731946,3.24385047,0.299452037,0.0995314494
general_aleatoire,0.340881109,1.96106243,-0.87646699,0.977347136,1.64088678,0.95834589,-0.783560038,-1.00952458,-0.201098442,2.98046374,1.41954255,-0.267553896
general_aleatoire,1.33415842,0.175049782,-0.379591703,-1.59907269,1.84797549,1.72864676,-1.67428946,-0.501855612,-0.256638527,3.20611835,1.92220783,-0.248731196
general_aleatoire,-1.67688322,0.223361731,-0.450835466,-0.379375219,0.400810003,-1.15768337,0.0546104908,0.371953726,0.778167725,1.98670447,1.12117779,-0.502720714
general_aleatoire,1.02367163,-1.77806425,0.579354286,-0.861837626,-1.06220484,1.27692223,0.926431656,-1.68042541,-0.97240901,2.86480188,1.9907223,0.71011281
general_aleatoire,1.42194366,-1.29919076,-1.63241577,0.762671947,1.33781672,1.37114882,-0.556846619,-0.0738422871,0.448836088,2.92940211,1.5751245,0.283978879
general_aleatoire,0.125566959,-1.38845158,-0.789009809,-1.73532534,-0.0215280056,-1.1362474,-1.47206807,-1.48858476,1.82332325,2.80008602,2.10561323,-1.51732218
general_aleatoire,-0.750376463,1.20144248,0.0575327873,0.671892166,0.355037689,0.152777433,1.15947223,1.16867638,0.624959469,1.94625318,1.38234055,-0.112509482
general_aleatoire,-0.0209710598,0.435033083,-0.80010438,-0.352871895,-1.3585031,-0.104766369,0.590342283,-0.3419168,1.71770287,2.04128575,1.42684889,-0.155097201
general_aleatoire,1.36866403,-1.38552594,-1.07999825,-1.27992797,-1.97711635,-0.265575886,0.605279446,1.22759724,-1.19015145,2.79621959,2.23573089,1.02446878
general_aleatoire,-0.824309111,1.56046033,-0.984348536,1.43618512,0.479865074,-1.69309068,0.142458916,-1.57444644,-1.75911856,2.79767084,2.25497818,1.38733697
general_aleatoire,-0.0193138123,-1.67404032,0.436890602,0.572051764,-0.900366783,-0.139505625,0.867190838,1.88390875,0.379663944,2.7158699,0.973770261,0.521653712
general_aleatoire,0.714125633,-0.700703621,-1.95970535,-1.89851427,-0.0759251118,1.00060105,-0.342208385,-1.14098549,-1.57314467,3.13820481,1.86309695,-0.164344162
general_aleatoire,1.33789492,1.69283533,-0.318839073,1.22004509,0.308309555,-1.0796566,1.49179482,-0.97607708,1.45449185,2.54165816,2.29777241,-1.02979434
general_aleatoire,-1.87192798,-0.513921738,-0.813130379,-1.16444445,0.338487864,1.10058427,-0.316626549,-0.267679214,1.87702179,2.36523819,2.20825863,-0.579274833
general_aleatoire,-1.23183203,-1.77567935,1.61770129,0.36572051,-1.20758343,1.43323755,-1.89677143,-0.0770363808,-1.91888022,3.37989998,2.58156109,-0.362189353
general_aleatoire,-1.98814917,0.489261389,-1.02879405,0.646700144,-0.704924107,-0.755833387,1.86397791,-0.71995616,1.64709306,3.44345593,1.22001529,0.311119258
general_aleatoire,-0.642024517,1.79668188,0.720633984,1.30303383,-1.76746488,-0.5934093,1.71646523,1.62350559,-1.10991597,3.05165958,2.59361553,0.328643322
general_aleatoire,1.92673779,1.99869275,-0.599714756,-1.31390929,-0.957776308,1.08618569,0.187664986,-1.10634995,-1.25139141,3.39261723,1.78594637,0.126460865
general_aleatoire,-1.67661285,-1.86950326,1.49973321,1.78332448,1.43500495,1.7029624,-0.385718584,-1.34938478,0.809584379,3.62263131,2.43263817,-0.527918875
general_aleatoire,-0.369039059,0.228263617,1.32414508,1.41182423,0.644001007,-0.739776134,-0.420850039,0.0946893692,0.976683855,2.20268536,1.0885191,0.0142796058
general_aleatoire,-0.0585105419,1.58818936,-0.584376812,1.70463324,1.56582022,-0.484601736,-1.33648849,-1.30575728,-1.40196562,3.19412041,1.6799196,0.944376409
general_aleatoire,1.65135527,0.30763793,-1.62977839,0.629976749,0.886753559,-1.22152305,-1.43801093,-0.437130451,-0.442452669,2.87924933,1.38320565,-0.636005878
general_aleatoire,1.78625536,-0.35377717,-1.01353049,-1.36496854,0.673442602,1.69072556,0.960597515,-1.98932743,-0.207485437,3.40086174,1.59004164,0.589454472
general_aleatoire,1.57523394,1.75010371,1.53531718,0.946626902,-0.732145548,-0.168301821,0.817137003,0.277340651,-0.988764524,2.8128171,1.52806866,0.915008783
general_aleatoire,0.770453691,1.03509402,0.368760586,0.244478941,1.5147903,-0.799098253,-0.572445393,-0.399061203,-0.800457239,2.04081511,1.32288575,-0.0815029517
general_aleatoire,0.759554863,-1.1446445,1.62438965,-1.84886813,-1.47709394,-1.82794428,0.285455704,1.48022056,-0.985083342,3.20170736,2.52846694,0.257154107
general_aleatoire,0.713572502,1.20548892,0.64212966,-1.71905088,0.458571196,0.755823135,1.39687657,-1.30021596,-0.0789325237,2.60209203,1.5898782,0.678876221
general_aleatoire,0.385541439,1.4816432,1.34277034,-0.562220097,1.02032256,1.70682979,1.01177144,0.794627905,0.0713810921,2.84894991,1.39995325,0.0344110169
general_aleatoire,-0.971291542,1.56298232,0.25633955,0.352420568,0.13212204,1.67007184,-1.44840479,0.186089754,0.364971399,2.19022441,1.69766676,-0.984572232
general_aleatoire,0.0238621235,-0.740857601,-1.11058807,-1.79060507,0.179146528,1.79462457,-1.43766069,0.565961361,1.47876072,3.43944931,0.965416312,0.232282892
general_aleatoire,1.50767565,0.703567505,0.704223871,1.97454166,-0.572065353,-1.63161039,0.0507521629,-1.03730917,0.702986956,2.72417402,1.66449869,-1.23828387
general_aleatoire,1.50863433,1.84100914,-0.418983698,-0.985322237,-0.134788275,1.49990821,1.4426074,1.696311,0.0872926712,3.40622568,1.55377519,0.170907363
general_aleatoire,0.681661844,-1.22609663,1.72506642,1.56812024,-0.408485651,-1.8757534,1.81206465,1.58158493,0.811131477,2.71113729,2.59140921,1.86155808
general_aleatoire,-1.79791927,-1.83197713,0.663397312,1.62749124,-1.71328259,-0.0621089935,0.824851751,-0.158692122,-1.86411476,2.93517041,2.47439599,-1.43502581
general_aleatoire,0.26586628,1.36983085,-1.40246201,-0.13622427,-0.123335838,-1.62618446,1.32450867,0.82727766,-1.9380703,3.3058722,1.08408821,-0.826471806
general_aleatoire,-0.0428395271,-0.908331394,-1.23620462,-1.99018168,-1.9373107,-0.337154865,-0.328006983,0.91326189,-1.6574831,2.94004726,2.08266115,0.943558514
general_aleatoire,1.19508719,-1.62332129,1.78075886,-0.930681944,0.434018373,0.521833181,-0.981492758,0.119642258,1.69659162,2.8128438,2.12169051,-0.0613427274
general_aleatoire,-1.724051,1.10126281,1.87372494,0.297713757,1.54867458,0.782560825,-0.963098288,1.69726539,-1.51064587,3.05121064,2.41499233,1.32047284
general_aleatoire,0.849575996,1.76961136,-0.526502132,-0.15543294,0.85211277,-0.755332232,-1.83888745,-0.0385680199,-0.454337835,2.35848355,1.84617603,0.264379978
general_aleatoire,1.09097648,-0.374707937,-1.32645893,-1.33264709,1.06998324,-1.9076581,0.997786999,-1.46647525,0.15739274,2.91385055,1.99675083,-0.586057425
general_aleatoire,0.618485928,1.46336913,1.20915508,-1.47142673,1.95281386,0.381915808,-0.614546061,-0.202627897,0.397516727,2.77837992,1.59858191,0.642147899
general_aleatoire,-0.310831785,1.74857974,-0.989755869,-1.33183289,-0.510881424,0.870582342,-1.56739712,1.01991487,-0.993604183,2.75785422,1.89360917,-0.46813482
general_aleatoire,-1.64409804,-0.912139654,1.44499731,0.882671356,1.25242019,-1.80579829,-1.86638808,0.60476923,-1.63566256,3.3505187,2.55068207,0.155676395
general_aleatoire,-1.11436057,-1.80349255,-1.67255402,-0.661026001,-0.796775579,0.0371558666,-1.10210872,0.129390717,0.208129406,2.83494878,1.16639698,0.49223578
general_aleatoire,-0.929332972,-0.570494413,1.64638734,1.86397481,-0.526948929,1.85419822,-1.81779957,-0.225139141,-0.799091578,3.28048444,2.05825543,-0.292369664
general_aleatoire,1.18034983,0.124437571,-1.94692588,-0.367112875,0.191246271,-0.904629946,0.973196507,-1.47470713,-1.13222718,2.8670752,1.38396049,-0.676222563
general_aleatoire,1.27665782,-1.75531316,1.98458076,-1.37632442,-0.681831598,-0.232607841,-0.473515987,0.0254855156,0.472150087,2.96944427,1.55280149,-0.530858099
general_aleatoire,-0.476459742,0.873765707,-0.240105152,-0.431881905,-0.119060278,1.61971784,1.07774663,0.240015745,-1.57903242,2.52257824,1.03376293,0.390815735
general_aleatoire,-0.198439837,1.07580185,0.586690903,0.754508972,1.81121516,0.966643095,1.17820907,0.937873363,-1.8399477,2.54368734,2.30029869,0.465390027
general_aleatoire,-0.117632866,-0.670760393,-1.15439939,-0.117821455,0.146515608,-0.74192977,1.83192801,0.800750017,0.354102612,2.16831183,1.26636291,0.446655661
general_aleatoire,1.3050766,-1.9558115,0.92538023,-1.76115656,1.95733309,1.97145367,-0.909809589,-1.71221471,1.4999578,3.68103981,2.93682599,1.01907432
general_aleatoire,-1.8158195,1.06649065,-0.587903023,-0.551285028,1.87726879,0.936498165,-0.725299597,-1.58369637,-0.360463619,2.87128329,1.99629521,-0.648027301
general_aleatoire,1.15733385,0.53630805,0.12932229,-1.90355277,-0.830839396,1.5910542,0.623109102,0.0777719021,0.566479921,2.80518508,1.14622176,0.146143124
general_aleatoire,-0.132756472,-1.16205525,1.44290662,-1.87841058,1.81230617,-0.265509844,-0.30629921,0.278047323,-1.31023574,2.95816636,1.76452923,0.597400486
general_aleatoire,1.50642109,1.26283693,1.71286702,-0.386958361,0.115220785,1.74218202,1.01521373,1.79959583,-0.242787123,3.11007047,2.06264997,-0.630294979
general_aleatoire,-1.54068398,0.984328508,1.82621574,-1.180794,-0.526918888,-0.51574111,0.585010052,0.536911964,-1.86099982,3.06339526,1.41117239,-1.15482259
general_aleatoire,-1.92736816,1.55553699,0.889845133,0.566389084,1.34214187,0.574217796,-0.403433561,1.60870457,-0.208230495,3.04765654,1.53020251,0.736515164
general_aleatoire,0.0333886147,1.40512872,-0.357933521,1.10261846,1.46451497,-0.847402096,0.969681978,-0.704095602,1.79590249,2.71494412,1.74638474,-0.650229037
general_aleatoire,0.715512753,1.76048756,0.252792358,-0.470695496,-1.35108185,-0.212054968,-0.760280371,-0.97606039,1.59993291,2.71362185,1.57830083,-0.0533946492
general_aleatoire,0.642591476,0.752697706,-0.541832209,1.94389725,1.1444025,1.06804991,-1.51379704,1.76789761,-1.53438878,3.11005712,2.29542351,-0.576327264
general_aleatoire,-1.1352458,-1.1821785,1.08593941,-1.66283131,-1.91913009,0.480126381,0.683039904,-1.41058898,-0.122870922,3.24081993,1.4737519,0.583718359
general_aleatoire,-1.36014843,-0.612959862,-1.94308734,1.44961739,1.12836003,1.41707063,1.24918413,-1.9107933,-1.35191035,3.57376432,2.3220768,0.509322524
general_aleatoire,0.438020468,0.958097696,-0.528671265,-0.26581955,-0.337356091,-1.04162049,1.32816291,0.485538244,-0.760641098,1.89382887,1.11242735,-0.642655194
general_aleatoire,-1.28606391,1.7721951,1.02753425,-1.28146482,-1.80953932,0.650889635,1.83652353,0.688420057,-1.71249914,3.37171698,2.55051446,-0.310642004
general_aleatoire,-0.991219521,0.317793608,-0.700997591,1.60877705,1.33919382,-1.95238233,1.04722095,-0.00594234467,-0.683616638,3.05894613,1.35039473,0.38939628
general_aleatoire,-0.599972248,0.135826111,0.32132864,-1.75327897,-1.09817052,-1.16501665,-1.74040318,-0.0567178726,0.503731966,2.72432947,1.40732765,0.0481772423
general_aleatoire,-1.65610528,-0.332603216,1.3733294,0.489942074,0.872024775,-1.15784359,1.77453446,-0.645035028,0.773867607,2.63647008,2.04996419,-0.301665217
general_aleatoire,0.246725321,1.76160526,0.372451067,0.218050003,-0.510740995,0.400874376,-0.879787207,1.90788412,-0.90519762,2.76000905,1.17273819,-0.111418389
general_aleatoire,0.568516493,-1.30120277,-1.87685394,-0.698380232,0.895210981,-1.2022388,1.62187457,0.535261393,1.18232083,2.77550793,1.91629803,1.10120785
general_aleatoire,0.276267767,0.33533287,-0.469644785,0.685214043,-0.696680069,1.96076703,-1.04954338,-1.63735175,0.141833067,2.34168267,1.86404824,0.230764657
general_aleatoire,0.668979168,1.67561102,-0.866409302,0.742812157,0.560361385,0.977658749,0.43049407,1.3375113,-1.38617277,2.77300692,1.4227227,0.0974205583
general_aleatoire,-0.593460321,-1.17301345,-1.74849701,0.486518145,0.49023509,-1.48708034,-1.24531102,-0.939276695,0.276174545,2.41897726,2.0079565,-0.315924793
general_aleatoire,1.34098196,0.958040714,-0.691634178,1.13455319,-0.0477595329,-0.792643547,1.76456118,0.0497329235,-1.09140372,2.95924497,0.812122345,-0.0533580855
general_aleatoire,0.483860254,-0.441496134,1.27792287,0.425831079,1.04555464,1.02135563,1.9519012,1.6066134,-1.96766138,3.29539704,1.76293266,-0.821616471
general_aleatoire,1.66189194,-0.250042439,1.10656023,-0.97582221,-1.08667684,-1.52042651,-1.9007628,1.64606118,-0.464904308,3.25422621,2.10712361,0.0476329625
general_aleatoire,1.99184823,-1.43380475,-1.27761531,0.841550589,-1.84626651,0.64452219,-0.899782419,-1.82411361,1.3394475,3.21917725,2.74898577,0.446056217
general_aleatoire,1.34637499,-0.824439764,-1.00502706,-1.77239418,-0.2710917,-1.79003143,0.67173481,-0.290308952,-0.282325029,2.56430674,1.99014962,0.020989703
general_aleatoire,1.72730279,-0.234848976,-0.856318235,-1.73748803,-0.291369438,-0.394225836,-1.59226489,1.0593915,-0.0257089138,2.99119759,1.00642097,0.854000926
general_aleatoire,1.66070533,0.786188126,-0.346011639,-0.915398598,-0.30565691,-0.813154936,0.810508251,1.36789989,1.77108788,2.84088111,1.57207859,0.459510863
general_aleatoire,-1.95854521,-0.931756258,0.545882702,-0.239423275,-0.424461603,1.18389297,-0.806478024,0.438774109,0.630375147,2.4815805,1.05428612,0.782106996
general_aleatoire,-1.55765486,1.33867407,0.510930777,0.23356843,-1.25301504,-1.87562156,0.0408635139,-0.154395342,0.116412878,2.79837441,1.3449837,0.145339072
general_aleatoire,-0.148960352,1.50481343,0.175193787,-0.150022984,0.683835506,-0.88223052,-1.92272639,-1.07613468,0.00805044174,2.35952091,1.46351612,0.855338156
general_aleatoire,1.49700737,0.353230953,-1.31595659,-0.626586676,-0.296525955,0.673460722,-1.25130773,-1.08728933,1.09321594,2.93945193,0.571574867,0.0874532834
general_aleatoire,-0.730510712,-0.102509499,1.85102129,-0.595425367,-0.607718706,-0.555601597,-0.613996506,1.40885663,0.382722378,2.15966129,1.44960463,-0.86361748
general_aleatoire,0.215095758,1.88390112,0.871471167,1.93232155,1.58815384,0.318631649,1.6069665,-1.99565196,-0.685963869,3.36153412,2.52579522,-0.261528432
general_aleatoire,1.60262609,1.80980492,0.280951738,-1.90049648,-0.536014557,-0.4926579,1.31678033,1.58319521,-0.40067029,3.6207273,1.09130049,-0.406202286
general_aleatoire,-0.901452541,-1.86382198,-0.907674313,1.28428888,-0.789510965,0.183437586,0.449253321,-0.64742589,-0.246669054,2.32021618,1.64035952,-0.156040519
general_aleatoire,-0.996430635,0.906939268,0.375189781,1.57964253,-1.16780186,0.696797371,-0.704596519,-1.1821332,0.54612112,2.43216085,1.45142543,-0.686177611
general_aleatoire,1.73072743,1.52617764,-0.942028522,0.131561279,-1.40042305,1.03642559,-1.640131,1.05224228,0.253534794,2.82912636,2.20765185,-0.498562783
general_aleatoire,0.657415628,-1.54495025,-1.01664686,-1.4448967,1.46715426,-0.79987812,-0.254897594,-0.873388052,-1.82315707,2.78548312,2.26386285,-0.0200010221
general_aleatoire,0.416957855,-1.02154946,1.26698089,1.06219339,1.04539847,-1.72346687,-0.950062275,-1.41054249,-1.01875806,2.66942215,1.99505067,-0.915523469
general_aleatoire,0.776907206,1.86316609,1.5704031,-1.96705508,0.534927845,1.51888204,-1.11083579,-1.20108604,-1.78634501,3.58423042,2.40134168,-0.507974565
general_aleatoire,1.78913713,0.460506201,-0.630770922,-1.81040573,-0.238593102,0.450888157,0.828482389,-1.09768033,0.35067606,2.75856471,1.32323372,-0.0487610176
general_aleatoire,1.61862421,-0.728242874,-0.0996294022,0.215323448,-1.10424638,0.922827482,1.41258121,-1.83066034,-0.983858585,3.03579831,1.29885983,0.830128908
general_aleatoire,-1.95520282,-0.773603916,-0.167732477,1.33711147,-1.47265363,-0.76483202,0.657377005,-0.359344959,-1.14379025,2.62164235,1.85135746,-0.748301625
general_aleatoire,-0.60933733,-0.268595695,-1.53439879,-1.20931625,-1.84441686,0.193934202,0.898162603,-1.53578639,0.580548286,2.49002695,1.97571778,-1.04805672
general_aleatoire,-1.90757275,-0.870535851,-1.79547358,-0.817603588,1.81703353,1.7800231,-1.43085527,1.95068431,0.833912849,3.76390433,2.6481874,0.356389999
general_aleatoire,-0.106260538,-1.72829533,1.20980692,-1.56735873,0.946743488,0.035504818,-0.810729265,-0.140516281,-1.76574922,2.6213882,1.57490647,1.50300276
general_aleatoire,1.80632114,-1.429775,1.7793417,1.35317636,1.11843443,0.924855232,0.408407211,0.657339334,-0.180158854,3.0941689,1.84145224,-0.277436644
general_aleatoire,-1.47740483,-0.575285912,0.559722662,1.78835011,1.08860922,0.41163516,1.44240689,0.316289902,-1.94707489,3.20545959,1.75239217,0.0742050782
general_aleatoire,-1.07239556,0.737900257,-1.81320882,-1.9236095,1.78075409,0.827491283,-0.745059013,0.542485237,-0.22964406,3.0674603,2.00685811,-0.0608382002
general_aleatoire,-1.40660858,-1.54144025,1.06448698,1.34769726,-1.72660971,-1.88947272,1.30559492,1.33596301,-0.952283144,3.32321334,2.68454885,0.0310549811
general_aleatoire,-1.43886018,0.755407333,1.5462563,1.69475722,0.919090509,-0.640691996,-1.34131908,0.0115761757,0.263271809,2.99179792,1.36484861,0.462816864
general_aleatoire,-0.147527933,-0.749374866,-1.36955476,-1.28706765,0.361248016,1.43672872,0.972007513,-0.385909081,1.6674993,2.61915541,1.69051588,-0.683154106
general_aleatoire,-0.405825377,1.4032104,-1.32045341,0.0400774479,-0.467737436,0.876068592,1.48646736,1.20313358,-0.547485352,2.54078841,1.50600123,0.313658357
general_aleatoire,-0.0260453224,1.80641413,-1.53828979,1.7852354,-0.248276949,-1.42040539,1.36991215,-1.29075503,0.386565447,2.78946519,2.59866977,-0.233119532
general_aleatoire,1.45069623,0.897833347,-0.428956509,-1.25892806,-1.98250413,1.85735106,-0.904512882,-0.383677959,0.390515804,3.49708009,0.957275748,-0.177519783
general_aleatoire,0.614542007,1.19706368,-1.92451119,-1.46644568,-1.49072313,-1.55783463,1.12813687,1.68837047,1.87187767,3.79423499,2.33625698,0.294671774
general_aleatoire,1.00459337,-0.719778776,0.359118223,-1.85127711,1.07674694,-0.556533813,-0.284582615,-1.93012762,1.03382277,2.90185857,1.73402548,-0.0117697604
general_aleatoire,-1.23050785,-0.512788057,1.00988793,-1.0236218,1.74835348,0.916053534,-1.6502037,-0.321310997,0.231602907,2.64032745,1.80016387,0.639377117
general_aleatoire,1.92550826,-0.984476805,-0.602059364,-1.44376373,1.68690968,-1.12407923,1.73185015,0.311052084,-1.03258824,3.29850125,2.08748722,0.396873564
general_aleatoire,-1.73946214,1.19288468,-0.263125658,-0.267702103,-1.4590888,1.67009878,-0.909291983,-0.199502945,-1.23698282,2.73558784,1.74732554,-1.16958296
general_aleatoire,0.977214813,1.53190184,-0.132130384,0.832045317,-1.08879709,1.47385025,-1.20259953,-0.466148853,-0.298275232,2.20702577,2.04670167,-0.248397127
general_aleatoire,-0.746346712,1.02197862,-0.477651358,0.42028594,-1.92580724,0.754517078,0.898817062,-0.870694637,-0.600910187,2.63070679,1.07288241,-0.373730212
general_aleatoire,-0.0742588043,-0.746704817,-1.82241917,0.392564058,1.27012944,-0.255000591,1.9595685,1.92337346,-0.372483969,3.06005645,1.92143393,0.582081616
general_aleatoire,-0.574987888,-1.95614552,0.455583334,-1.32082963,-0.753395796,0.610107422,1.96237969,0.448317051,-0.219556093,2.97610664,1.48468149,-0.296204716
general_aleatoire,1.15145874,0.536515236,-0.984464169,-1.49311352,1.05452752,0.93209672,0.751935959,-0.923159838,-0.708742142,2.68538332,1.20962775,-0.196367159
general_aleatoire,-0.205547094,0.181952477,1.53253222,-1.41090488,1.88221002,-0.189742088,-0.301711798,1.52478933,1.33921051,2.92382812,1.84755015,-0.490576625
general_aleatoire,-0.315234661,-1.78660417,1.35826659,1.39029598,0.361013412,0.518041134,-1.23249316,-0.0451755524,0.324424744,2.35745597,1.79100645,0.573467374
general_aleatoire,1.55985475,0.0239331722,1.38134885,-0.405434847,-0.81221962,-1.52147841,1.1659534,-0.333165407,-1.60203648,2.7386055,1.94016087,0.503588021
general_aleatoire,-1.70895052,1.29105568,-1.60492396,0.701822281,-0.33633399,-1.64853477,-0.778474092,0.732320547,1.70217729,2.87428832,2.49557805,-0.191673562
general_aleatoire,0.322077036,-0.497176886,0.378200293,1.03143239,-0.836544275,0.120990038,-0.934011221,0.816342592,1.05014038,1.98608768,0.971943676,0.156908274
general_aleatoire,-0.959536076,-0.972746134,1.76761985,-0.214951038,0.120353937,0.77915597,1.32529616,-1.68153501,-0.539817333,2.46274328,2.08716536,-0.336461633
general_aleatoire,0.378193378,-1.59915471,0.357505322,0.694846392,0.736914635,-1.96896148,-0.520287752,-0.0988283157,-0.204081059,2.40598679,1.39644837,-0.560424209
general_aleatoire,-1.22879243,-0.680122852,0.509501934,1.23267293,1.91767931,-1.47755718,-0.142388582,1.8518157,1.26999283,3.1169486,2.1390028,-0.619609833
general_aleatoire,0.539344549,0.0311365128,1.54762673,-0.0166399479,-0.295074224,1.72169375,-0.670883894,1.55986333,1.60290313,2.94202161,1.52283418,-0.465432853
general_aleatoire,1.14320183,-1.60450792,-0.814977169,-1.53157115,0.180033445,-0.80261302,-1.10441113,1.83909988,-0.224333286,3.10073638,1.48610711,0.630167186
general_aleatoire,0.532274246,-0.0631477833,0.216774702,1.32656002,0.8214252,1.58411336,-0.330101967,-0.341519833,1.0322938,2.31415343,1.04889882,0.337563753
general_aleatoire,-1.92918229,-0.427077293,1.44709516,1.30545259,-1.30288529,-0.93081975,0.487527847,-0.889813423,-1.90011644,3.43489242,1.4933728,-0.936808467
general_aleatoire,0.0895330906,-0.401974201,-0.276955605,1.94384098,0.592463255,-1.59722567,-0.542837143,-0.305227518,-1.07779741,2.59851575,1.25937796,-0.371658772
general_aleatoire,-0.771400213,-0.120765924,1.62035227,0.243825912,1.47736025,-1.4296,-1.04920506,0.226874352,-1.67524886,2.93458033,1.35907602,1.01039469
general_aleatoire,-0.722973347,0.508553505,-0.430192471,-0.65452528,-0.882727623,0.688337326,1.72564125,-1.871521,0.733345032,2.84630036,1.22992313,-0.227792844
general_aleatoire,-1.46640325,-0.950158834,0.745488882,0.580125332,-1.15051746,1.39428949,1.43035054,-0.393479347,-1.76563668,2.87314057,1.73821497,-1.12028873
general_aleatoire,1.31982994,-1.13807225,-1.38234043,1.99424076,1.2911253,-0.267695665,0.16117692,0.811862469,-1.10810208,2.73989677,1.94944215,-1.12663901
general_aleatoire,-1.26934791,-0.371434689,0.439474821,1.95197177,0.904424191,1.13422394,-0.742093563,0.300345421,1.31558824,2.64576483,1.79000163,0.156499848
general_aleatoire,-1.53934455,0.413670301,-0.32875371,-0.443508148,-0.947793961,0.230569363,-1.71599579,0.307043314,0.16881752,2.3747313,1.0599519,0.318635345
general_aleatoire,-1.33785892,1.55674267,-0.389070749,0.702399254,-0.626277685,-1.00127864,-0.396389246,0.294338226,1.04444218,2.33474708,1.46162558,-0.00797519553
general_aleatoire,1.77293706,-0.0698463917,0.891659975,1.76126456,0.75789547,-0.825294495,1.8726325,-0.33718586,1.19549322,3.23969007,1.68783069,-0.0780899152
general_aleatoire,1.14782715,-1.45350599,0.184098244,-0.609459877,0.188112497,1.8605628,-1.78663945,-0.0411784649,-0.405601501,2.39312816,1.90693426,1.15214109
general_aleatoire,-1.55345035,-0.917065144,-0.165580511,1.99734044,0.787972927,-0.766579866,1.99019265,1.53798604,-0.704378843,3.83158302,0.65004158,-0.445401728
general_aleatoire,0.704934835,0.0563473701,-0.636334419,1.51872277,0.174137354,-0.578931332,1.36214352,-1.56295395,1.53347301,2.61828065,1.82327521,0.217041582
general_aleatoire,1.79574347,-1.35842466,-0.0462369919,-0.641707659,0.0111346245,-0.659107447,0.484800577,-1.83182096,-1.98585367,3.15742254,1.86631,-0.0164318793
general_aleatoire,0.392951012,1.7245245,1.41928005,-0.554195881,-0.473702669,-0.412272692,0.960143566,-1.30356312,0.510801554,2.45481753,1.61655259,0.294868022
general_aleatoire,-0.487393618,-0.497405291,1.21577406,-1.43576097,1.19996667,0.837295294,1.74318719,1.41826057,-0.387082338,2.64452672,1.8649193,-0.945524514
general_aleatoire,0.74341774,0.834885836,-1.92848611,0.0289502144,-1.13506866,1.21609116,-1.72208023,0.85016799,0.281544209,2.71961951,2.01929212,0.174937382
general_aleatoire,-0.5283885,1.02591062,-0.653304815,-1.55768347,-0.990230322,1.35335112,0.306062937,0.222035885,1.85537124,2.6200316,1.58888042,1.09236336
general_aleatoire,0.759876013,-1.19973326,1.88560724,-1.61899018,-1.66527605,-1.52239752,1.60489607,1.13239455,-1.49558926,3.04219913,2.95421767,1.18180895
general_aleatoire,-0.599581003,-0.428164959,-1.10253286,1.40575457,-0.588623762,1.62501693,0.581323147,0.0254864693,0.187148333,2.54650569,0.700510979,-0.34627831
general_aleatoire,0.376418352,0.974357605,0.832589149,-0.643703461,1.33103466,-0.19188571,-1.51395535,-1.59212661,1.24027705,2.66567969,1.47791469,1.04030275
general_aleatoire,-1.70776558,-0.0748956203,-0.150979042,-0.197506428,-0.793613672,-0.304401159,0.451202154,0.0368461609,-1.82799149,1.95873415,1.68409705,-0.761597097
general_aleatoire,1.78020215,-1.51293468,0.192815065,1.46076322,1.81271005,0.265246391,-1.27883959,0.848217964,0.896543741,2.81247282,2.34379983,0.860619724
general_aleatoire,1.36788845,1.24895811,-0.144662857,0.716515303,1.04424143,0.427689075,0.0983421803,0.259251118,-1.10900497,2.24573898,1.19742107,-0.261358112
general_aleatoire,1.44372177,-0.649375439,1.28658628,-0.038598299,-1.51084518,-0.732457876,1.39435053,-0.657889366,-0.343725681,2.3776834,1.77411866,0.822354615
general_aleatoire,-0.650428772,-0.985212803,-1.50864029,1.47907424,-1.66142964,-0.271900892,-1.81401587,1.23345876,-1.55617499,3.28375292,2.23393679,-0.389725119
general_aleatoire,-0.946385622,-0.625171661,-1.98428273,0.375487089,-0.0181634426,-1.24741244,-1.599087,1.55203533,1.01750374,2.8871007,2.0350852,-0.667462766
general_aleatoire,1.23352957,-0.895699501,0.0821082592,-0.225417614,0.896839142,-1.65186596,-0.534686089,-0.853363037,-1.85288906,2.57510805,1.67455208,-0.962506354
general_aleatoire,1.12596083,1.61733127,-1.39364839,-1.48882627,0.588638067,1.79174924,1.66970325,0.287530184,0.719347,3.07945442,1.73886645,1.57499647
general_aleatoire,-0.777747869,1.24408674,-0.017901659,-1.56411362,0.00651907921,-0.997072697,-1.90685177,1.57815528,-0.578160763,3.22299933,1.29096246,0.015233024
general_aleatoire,0.860422373,0.95946312,0.558215141,0.0402765274,0.655066729,-1.02307963,-0.343197823,-0.65956068,-1.82177353,2.33149481,1.32732284,-0.352046251
general_aleatoire,1.45221734,1.13776612,0.102198601,0.71485281,0.113408327,-0.108782291,1.84586978,1.59903836,-0.716474533,3.16749883,0.515971184,0.357521057
general_aleatoire,-0.655361414,-0.0818355083,-0.822713137,1.24685431,1.49118519,1.03564882,1.18795061,-0.936802387,0.0599191189,2.37145305,1.56171679,0.439962864
general_aleatoire,-1.39563584,-1.47706127,0.802818298,-1.13971424,-0.969375372,0.624911785,1.69070315,-0.459835052,-1.48300934,3.19626999,1.56635714,0.0529469587
general_aleatoire,1.34589267,-0.726739407,1.79981995,-1.78085113,1.22254753,0.813221216,-0.489818335,1.56505036,1.15474558,2.98828053,2.34498239,-0.707311988
general_aleatoire,0.543498039,-0.594233513,1.75101185,-1.33159971,-1.48598409,-1.86642718,-1.6490643,-0.457133293,1.35365081,3.04869199,2.34283805,-1.07552004
general_aleatoire,1.61423707,1.42204452,-1.04405379,1.32415795,-1.17394757,1.19585943,1.87928295,-0.551086664,-1.89998364,3.30264235,2.24360991,1.3355726
general_aleatoire,-1.13015175,1.1431284,1.71521592,-0.714520216,-0.771999359,-1.8500483,-0.406369448,1.67121005,0.798235655,3.31666017,1.39699018,-0.835820258
general_aleatoire,-1.44143081,-0.826575756,0.207117081,1.27652073,-0.903783321,-1.71986151,-1.73922896,1.16473055,-1.80031013,2.82877612,2.41892385,-1.40625906
general_aleatoire,0.407405138,-1.53777337,0.291974545,-1.71453214,-0.166491985,1.04223228,-0.891817808,-0.0577352047,-0.143718958,2.14413428,1.61661196,0.527393401
general_aleatoire,-0.628431797,-0.199886084,-0.326524496,0.335016727,1.71578693,-0.873703003,1.64300704,-1.68961787,0.862705708,2.90777588,1.44415271,0.344706386
general_aleatoire,-1.41964245,1.53872943,0.796709538,-0.72140789,-1.91003084,-0.475562811,1.42577195,0.454848528,0.777589083,2.6993258,2.14449763,0.609716654
general_aleatoire,0.494503736,1.07234597,-0.0732007027,1.34393764,-0.39736867,-1.50915837,1.94472122,1.28980422,1.2844944,2.81020164,2.05983257,-0.772506177
general_aleatoire,0.0185697079,-0.260079384,1.54209518,0.909169674,1.54634619,-0.921753407,-1.90328789,-1.5993228,-0.468539238,3.0462091,1.88343334,0.294287235
general_aleatoire,-0.590276003,0.105595112,-0.388108969,0.71344018,-1.93385172,-0.855255127,1.25916791,-0.991430998,-0.563226461,2.72875237,0.893597245,-0.362632245
general_aleatoire,-0.474937201,0.32167244,0.00375461578,-1.70414734,1.80458474,-1.30001283,1.04843378,1.55877471,-0.282715559,2.91282463,1.799914,-0.253795594
general_aleatoire,0.43475008,-1.78253531,1.80113602,-1.32591772,1.99500012,-0.176302433,-0.512559652,1.25530338,-0.804787874,3.62389302,1.31653762,-0.00351415807
general_aleatoire,-0.477217913,1.433424,0.153986454,1.99444556,1.5672195,0.518564701,1.65518498,1.18056273,-1.13690019,3.30708909,1.4842205,1.13807356
general_aleatoire,1.1269834,-1.82562041,-0.578641176,-0.778357983,0.29708147,0.783209085,1.33222771,1.8044486,0.752455473,2.79159427,1.91711223,-0.61160326
general_aleatoire,-1.69187212,-1.91534495,-1.88606477,-0.6531775,1.53658867,-1.42209744,0.992580891,-1.06811118,1.96899414,3.67020392,2.72494984,-0.0747812912
general_aleatoire,1.62195778,-0.412828684,-1.85242701,-0.335796595,-1.12079716,-1.31075287,-0.761722803,-1.53661156,0.467536211,2.75605559,2.1010046,-0.685276687
general_aleatoire,0.314872026,0.13640666,-0.542860031,-1.12692213,-1.6787343,-1.34303594,1.54794812,-1.05280805,-1.2065742,2.68547392,1.96406281,-0.441986591
general_aleatoire,0.0101184845,0.99433732,-0.915288925,-0.871085644,1.7904098,1.2516191,-0.144539118,-1.52641273,-1.76481605,3.21416402,1.41614568,-0.697535336
general_aleatoire,1.02428627,0.91706562,-1.60752463,-0.68461895,-0.212337017,0.613955498,0.936017275,-0.881622553,-1.30712652,2.65767694,1.27088428,-0.220481694
general_aleatoire,0.282974958,-0.857340097,1.08860993,1.45906782,1.71203494,1.54047728,-0.955491543,-1.82025838,-0.66057229,3.42765307,1.5315274,-0.0383545384
general_aleatoire,-1.32763767,-0.142934322,-1.53011227,1.70869923,-1.28122783,1.60554719,1.88075089,-1.64048696,0.206620932,3.84858966,1.57826757,-0.481474459
general_aleatoire,-1.47228074,-0.127550602,-0.0179634094,1.93786931,-1.57352304,0.22782445,-0.617676735,0.644471645,-1.40645862,2.96022296,1.31349015,-0.868467927
general_aleatoire,-0.668917894,0.54416132,-0.471540689,1.7979815,0.377637386,1.9869349,-1.7208569,-0.499035597,-0.976468563,3.42264605,0.693178117,-0.50798136
general_aleatoire,0.396050453,-1.21275306,1.42507052,-1.93642664,-1.53015184,0.147604942,0.758257627,0.244211197,-0.364625454,2.69395328,1.76663363,0.40064773
general_aleatoire,-0.464243174,-1.17541552,-0.925090313,-0.388985634,0.608239412,-1.69615889,-1.46136355,0.78162837,0.0744600296,2.08155322,1.71171904,-1.15773904
general_aleatoire,-0.989029408,1.0722959,-0.754377604,-1.34280825,-1.51567483,1.01303792,1.45863628,1.04317784,-0.0262229443,2.81912208,1.71201229,0.402275741
general_aleatoire,-1.76029348,0.288587332,-1.92486286,0.277730703,1.89574146,-0.358027697,-1.22646952,-1.22988057,1.28855681,2.85985565,2.47246456,-1.03514373
general_aleatoire,0.980530977,0.24740243,-1.49177504,-0.942111492,-1.58450484,-1.48011827,0.840579987,-0.0132911205,-1.16465211,2.59593606,2.03436995,-0.150473505
general_aleatoire,-0.370580912,-0.772909164,0.795544147,-0.0990903378,1.61667418,-0.202594757,1.22099233,0.834316492,-0.902191877,2.34554243,1.1953311,-0.320280373
general_aleatoire,0.493726969,1.51573277,0.577584505,1.33356524,0.856217146,1.71654487,-0.829549313,-0.165356874,-0.710666895,2.89336467,1.06974053,-0.193610802
general_aleatoire,1.07430053,-0.248009205,0.366632223,-0.770151377,-0.757989168,1.93975139,1.97772384,1.2562077,-1.84677029,3.65432262,1.31392038,-0.31609419
general_aleatoire,-1.34138131,-1.35090971,-1.97762346,1.57016945,-1.82886696,-1.75774884,-1.02374625,1.54728246,-1.542835,3.48199415,2.83870173,-1.44051766
general_aleatoire,0.860885859,0.13335228,-1.85326409,1.43198085,-0.282719851,0.947000742,1.01788568,-1.13756394,0.332401037,2.23803902,2.02216721,0.750639558
general_aleatoire,-0.402803183,1.74348497,0.0315766335,1.47057605,1.24082327,-0.669409513,1.35648632,-1.66149139,1.6388731,3.12595081,1.95076632,-1.03091729
general_aleatoire,1.77702808,0.0369808674,0.0691468716,0.777098894,-1.70240951,-1.55279875,1.26630235,0.261155605,1.47402573,2.63024163,2.37811208,-0.590026557
general_aleatoire,-1.00523281,0.557698488,-0.273132563,-0.209964275,0.536201954,0.648691893,-0.972056389,0.826734781,-1.79126,2.39223385,1.0741334,0.330108523
general_aleatoire,1.57211971,-1.95906472,1.82344651,-1.91136193,0.0572836399,-1.96660113,1.19397807,-1.55857992,1.85803819,4.72746706,1.43304038,-0.251138985
general_aleatoire,-1.04204535,-1.39502668,-1.11511397,-1.92692828,1.94718623,1.47585487,-0.775975704,-1.21890688,-1.49031687,3.60199547,2.28120112,0.298058927
general_aleatoire,-1.83008504,0.182250023,-1.35961556,1.43182969,-0.463540554,0.712241411,-1.1229372,-0.815671682,-0.7789855,3.09328628,0.960820615,0.211670369
general_aleatoire,0.246464491,1.90117598,0.859423876,0.817621946,0.912417889,0.848766804,0.666153669,-1.62125874,1.48324156,2.66069555,2.16320896,-0.385633826
general_aleatoire,0.928393364,1.48042178,0.957377195,0.315746069,0.638979912,-0.28057456,-1.08625484,0.56628108,-0.307855368,2.07244682,1.25218523,0.537812173
general_aleatoire,1.27284789,1.38510561,-1.97739172,0.680806398,1.96798801,0.931075335,-1.26842499,0.349497557,-0.11900425,2.92095208,2.06335473,-1.26804209
general_aleatoire,-0.201653719,1.48811889,1.03620791,-1.0998385,-1.72829676,-0.0928192139,0.692642927,-1.46967149,1.98881793,2.80800462,2.25718141,1.07214093
general_aleatoire,-0.419694901,1.12076759,-1.29145837,-0.837746143,-0.545489073,-0.888722181,-0.506143332,0.668874264,1.97268295,2.52805305,1.4535464,0.990219653
general_aleatoire,1.58341694,1.9792521,0.311798811,-1.54085493,0.109609127,0.903875113,-1.35846353,-1.7930181,0.861827612,3.56602907,1.52172291,0.704262555
general_aleatoire,-1.87923217,0.809194326,-1.57866454,1.86780548,1.86194253,-0.799231291,1.76345396,1.02578187,-1.22428894,3.608181,2.55834055,0.607941508
general_aleatoire,-0.263739109,-1.35331082,0.23389101,-1.03785968,1.26581526,0.0621879101,-1.11202002,0.278818369,-0.628525257,2.10794044,1.26892555,0.542963386
general_aleatoire,-1.11362648,1.09323454,1.02649093,0.281831503,-0.761787415,-1.63030839,1.6885252,-0.279256582,0.626890659,2.54770231,1.89774334,-0.191155165
general_aleatoire,0.34653306,-0.25459528,1.63806915,1.15964794,-1.24604797,1.27165842,1.22381186,-0.83807373,-1.47750211,2.60807705,2.22011161,0.186660409
general_aleatoire,-0.641141891,-1.0310576,1.74382043,-1.02662468,-1.34103608,1.50991678,-1.83139849,-1.20392942,-0.183778763,3.40958571,1.68945372,-0.070356451
general_aleatoire,1.14784288,1.20483947,-0.152774096,1.08667231,1.99636292,1.67812228,1.35636592,0.132802486,0.958812475,3.35723281,1.10235512,1.03219414
general_aleatoire,-1.59974146,1.48290515,0.354755878,0.536121368,1.11358237,1.37460899,-1.62668753,-0.955492735,-1.30937052,2.86547136,2.30351782,-0.239758804
general_aleatoire,-1.60918736,-1.95083737,0.463727951,0.374610186,-0.261238575,1.54693747,-0.294236898,0.682653189,0.106991291,2.61004043,1.58324206,0.675987959
general_aleatoire,1.92816019,-0.554469585,-1.74786544,0.50423789,1.61200428,-1.87772655,1.25627303,1.87956524,-0.743034124,3.71748447,2.09232259,0.961522222
general_aleatoire,1.69883585,1.89410615,1.74108052,-0.848249197,-0.539986134,1.55721879,0.127563715,1.52299428,1.81652236,3.78028464,1.97983289,-0.605254889
general_aleatoire,1.03063035,1.60938406,0.253881693,1.16097784,-1.51998901,-0.370673656,0.127886772,0.257356882,-0.57281518,2.26272488,1.5639863,0.597607851
general_aleatoire,1.17164969,1.16886806,-0.90795207,1.03251672,0.505797386,1.64244986,1.3117373,-1.94067955,0.829818964,2.73778868,2.02151084,1.47528112
general_aleatoire,1.23641276,-0.0820775032,1.75384808,0.338433266,1.15720177,1.95470214,-1.4792223,0.407951117,-1.6748836,3.59640479,1.45309305,0.0101127727
general_aleatoire,1.14247084,-1.91661906,0.906419039,0.514980793,0.805962324,0.518690586,0.865476131,1.94765472,-0.182361126,2.9181838,1.69284189,-0.422181785
general_aleatoire,-0.407827377,-0.103359461,-0.672374964,-0.128549099,0.497699499,-1.86698174,1.30243468,-1.03573871,1.74709558,3.05593491,0.841298342,0.392245114
general_aleatoire,-1.38174415,1.21249652,1.54577994,-0.293304205,-0.900122643,0.539656878,-1.4462297,1.42519712,-1.52093244,2.78627968,2.23386526,-0.799231708
general_aleatoire,-0.0375614166,0.799959183,-1.13325357,-1.97566676,-1.32110643,-0.114782572,-1.99936914,-1.52451563,0.872951746,3.56580448,1.37733364,0.242950574
general_aleatoire,1.39865351,-1.55561137,1.83380127,-1.02464366,1.8350184,-0.808494806,-0.232143641,0.241519213,0.578059196,3.5113101,0.924655914,0.268186033
general_aleatoire,-0.408170938,0.398816347,0.698695898,-0.599844456,-1.77744555,-0.223742247,-1.50424337,-1.74270535,-0.00315403938,2.92477655,1.02392197,-0.28295964
general_aleatoire,1.182796,-0.652140856,-1.03678608,-0.816746712,-0.157890797,-1.73188782,-0.077517271,1.58287668,0.242846727,2.24278498,1.67208743,1.15550077
general_aleatoire,0.767274141,1.27150655,-1.51352739,0.767524004,-1.73981619,0.652251959,1.89949012,0.106981754,0.724690199,2.67404056,2.16869569,-0.910296559
general_aleatoire,-1.61617708,-0.330175877,-0.391966343,0.806924105,1.82926726,1.02532697,1.98219228,1.11984873,0.92199254,3.50686812,1.28680003,-0.0506189354
general_aleatoire,-0.088490963,-1.08994031,-0.280469179,-1.59243751,-1.95588779,-0.340942621,1.70622826,1.42628741,0.413231373,3.50598907,0.747087717,-0.135018244
general_aleatoire,0.887456894,-1.18738437,1.53556871,1.67841363,0.463105202,1.65972757,-1.47868657,1.95673656,-1.54081631,3.96344256,1.7009095,0.359365344
general_aleatoire,1.49622607,-1.80799103,1.9911375,0.268319845,-1.02125525,-1.02845526,1.36899829,0.937534332,1.29211307,3.29518795,2.11870766,0.848721385
general_aleatoire,0.744999647,-1.07623863,-0.727557182,-1.60624981,-1.29279351,1.91768193,-1.59039879,-0.815901995,0.94926095,3.46673393,1.41530597,0.496322602
general_aleatoire,1.483567,-0.198236227,-1.98349142,-0.705880404,-1.91590095,1.4266119,-0.136514902,0.374452829,-1.04514146,3.24222016,1.64642596,0.638069689
general_aleatoire,0.072009325,0.759365082,0.973516464,0.262257099,1.26233244,-1.69005704,0.744292498,-1.34948683,-0.239974737,2.2360661,1.76826167,-0.595015168
general_aleatoire,-0.44780302,-0.482805014,-1.25758386,1.08665967,1.16888928,0.0716285706,-0.335719109,0.817544222,-1.62627268,2.16571403,1.77037382,-0.410749942
general_aleatoire,1.56159496,-0.0626285076,1.66356254,-1.63664746,-0.889137506,-1.48425078,-1.24844027,-1.04156089,-0.954850674,3.67866874,0.950570405,-0.0335563533
general_aleatoire,1.43811059,1.00548697,1.69845009,-0.519768,1.30503082,-1.30644298,-0.663691282,-1.60645819,-0.910214424,3.05410314,2.02779388,-0.232693851
general_aleatoire,-0.690747261,0.19662261,-1.45545435,0.887412548,-1.37450576,1.97349095,0.73553586,-1.47371721,-1.92107177,3.16018939,2.34113789,-0.375795066
general_aleatoire,-1.80283213,-1.52978706,0.777423382,1.37746191,1.32890296,1.37965631,1.38539505,-0.683026314,0.713854074,3.14922047,1.7884537,-1.24135053
general_aleatoire,-1.64818811,1.81606317,0.819881201,0.0440189838,-0.559473276,1.65525913,-1.8181417,1.87124848,-1.36869216,3.69328809,2.1681242,-0.284666508
general_aleatoire,1.38862967,-1.45114088,-0.760965824,0.35646534,-1.21513748,1.59247017,0.192480087,1.17228794,-0.187941074,2.51375031,1.83413255,-0.718614459
general_aleatoire,0.186064005,1.5110333,-0.311379433,-1.59987354,0.47470665,-0.969039917,-0.224749088,1.00719571,-1.01560354,2.39290309,1.52481961,-0.429096639
general_aleatoire,-1.62005353,0.716789722,-0.716942549,1.49297571,-0.451378584,-0.508518696,0.490375042,1.36615372,-1.36746955,2.38931108,2.09014082,-0.49294883
general_aleatoire,-0.275671959,1.44241786,-0.39465642,-0.209831238,-1.88670278,1.66808677,0.781115532,-0.128520489,1.23001003,3.00186205,1.20011771,0.621799409
general_aleatoire,-0.899839163,0.654227495,-1.4326849,-1.39455628,-1.98501968,-1.58682632,0.128629923,0.291435003,-1.57137322,3.17327023,1.90282118,-0.757456601
general_aleatoire,-0.393935204,-0.433089018,-0.283608913,0.357086897,1.8712008,-0.897256613,0.89569068,-1.29910302,-0.352849245,2.37602925,1.23307049,0.55282253
general_aleatoire,1.09888649,-1.92360306,1.78716469,-1.86361742,-1.59823847,0.739214659,-1.37763882,1.35095501,1.84005046,3.14240932,2.85394096,-1.94027555
general_aleatoire,0.830810308,-1.84886312,-0.376449108,1.91052914,-1.87545705,-1.98142219,1.86960649,1.49467444,1.94534421,4.04334402,2.7522583,0.966456175
general_aleatoire,-0.770699501,0.197458029,1.75435543,-1.71731615,-0.732218981,0.163889885,0.61722517,1.56935382,-1.67986989,3.05975461,1.47998023,-1.15597284
general_aleatoire,0.719941854,-1.03068089,0.879956722,1.09471726,-1.66012073,0.114743233,-1.57395363,1.71187615,-1.49060512,3.62511539,0.886589527,-0.15737325
general_aleatoire,-0.284994602,1.61750722,1.47924924,0.103398323,-0.204178333,1.1663003,1.9169929,-1.53883505,1.83933735,3.1982801,2.30235815,0.441081673
general_aleatoire,1.71057081,-0.683453321,1.28456831,1.5436945,-1.10094357,1.39044547,1.4967289,-1.15727854,-0.946228981,3.43463087,1.77453268,0.317598552
general_aleatoire,0.497161388,-1.1786406,-1.70927095,-0.943024397,1.34684277,1.6398201,-1.3018167,1.66236782,-1.71674132,3.14319372,2.72783375,0.186848819
general_aleatoire,-0.684016943,-0.399123669,0.821736574,0.307688475,0.702980995,1.41966772,1.22625041,1.89697003,-0.813962221,2.59393358,1.69324422,0.275486618
general_aleatoire,-0.242030144,0.0405540466,-1.75821233,0.670695782,0.996462107,-1.8949728,0.260692835,-0.493045092,-0.20843482,2.72859192,0.903544307,0.527369201
general_aleatoire,0.783553362,-0.762924671,-0.989619732,0.00959396362,1.83081627,-0.645281792,-1.87935472,1.02804732,1.83234859,3.1923368,1.91360128,-0.192870662
general_aleatoire,0.17557478,-1.13294458,1.50739098,-1.80471206,0.174175501,-0.830103874,-1.04695058,1.1451292,1.40436745,2.37332916,2.17511606,-1.25652862
general_aleatoire,1.00976801,0.228876114,-1.16463852,-1.17263603,-1.2128396,0.494031191,0.570319653,-0.569133043,-0.167669296,2.20781493,1.05246842,-0.462248355
general_aleatoire,1.37762237,1.16915965,-0.186801195,-1.90346909,0.905765295,0.441647291,-1.61785531,0.922688007,-0.415902853,2.935534,1.61818922,-0.586699963
general_aleatoire,1.97354436,1.93296552,0.715126753,1.23384094,-1.07261944,-1.36023688,-1.56725526,-0.888943911,0.563667059,3.29322767,2.29083157,-0.369775146
general_aleatoire,-0.68073678,0.0927321911,0.601462126,1.59658098,1.0279789,0.906431913,0.998106241,0.0389697552,0.0394961834,2.28172779,1.00271428,-0.220830068
general_aleatoire,-0.38564229,1.24328208,-0.382501364,-0.251687765,-1.09478307,-1.50447774,-1.93069625,0.2577672,0.299642324,2.12548113,1.84608412,1.15076005
general_aleatoire,1.80920553,-1.15034127,1.17197442,-1.1666925,0.314802408,-1.49847531,0.587222576,-1.24161816,1.72224808,3.63796401,0.934720039,-0.647947013
general_aleatoire,-1.8728435,-0.286628962,0.69692564,-0.674423456,-0.394411564,1.90896606,0.24609828,1.45377231,0.547830343,2.62232327,1.65102959,1.09618485
general_aleatoire,-0.707825899,1.88993812,-0.144877672,-1.72693658,-0.339687586,-0.328329325,-1.40361738,-1.01640844,1.83127713,2.76456976,2.10194874,1.26298821
general_aleatoire,-0.0931522846,-0.382750511,1.68188906,1.50131631,0.895936966,-1.24257517,0.6477983,0.191483021,-0.235016584,2.61396503,1.11855376,-0.110179357
general_aleatoire,-1.90415454,0.684449911,1.0568819,-1.87049866,0.323655367,0.344954491,0.502358198,0.215106249,-1.79311657,3.17572999,1.5033381,-0.320003986
general_aleatoire,-0.613438368,-1.15584683,-1.1939435,-1.70267653,1.23022199,-0.844342947,-1.78455162,0.50975585,-1.72130871,3.40334964,1.74753654,0.184294462
general_aleatoire,0.264743805,-0.237913132,0.4485991,-0.989781857,0.197005033,0.981809616,-0.907884836,0.536760092,-1.02197003,1.5745914,1.40915143,0.0458842181
general_aleatoire,1.09013915,-1.45176148,-0.701284409,1.39628339,0.96207571,0.465917349,1.44921279,-1.25395608,-0.618902206,2.78762412,1.77899861,-0.00834592525
general_aleatoire,-1.29116249,-0.640416861,1.4921422,1.59980559,0.970923424,-1.80083919,0.63759613,-0.599242449,-0.372543573,3.35406804,0.837232947,-0.0499231443
general_aleatoire,-1.52531004,-0.952097893,-1.88407779,1.91780305,-1.54852247,1.18895817,-0.275017023,-0.792883158,0.747824192,3.32088423,1.92979872,0.885135651
general_aleatoire,1.39025903,-0.842870474,1.03572774,1.39870119,-0.811677933,-0.249537706,-0.293788671,1.87291217,-1.25618625,3.0028832,1.43831229,0.692462742
general_aleatoire,1.8166225,-1.55579042,1.09310484,0.891047955,1.72962189,-0.929952621,0.828384161,1.28023744,1.58233261,2.86284995,2.47438622,1.44095719
general_aleatoire,1.98243475,-1.05410528,-1.69352078,-0.618319273,-0.107859612,1.01172018,1.20825005,-0.30175519,1.15580344,3.00270486,1.73665845,-0.425812125
general_aleatoire,1.34930968,1.03998852,1.51055527,-0.604020357,-0.801082134,-0.184587002,1.29380322,0.379873276,-1.38294315,2.44924331,1.9575913,0.35276103
general_aleatoire,1.89576221,-0.663213253,-0.689810991,0.0718595982,1.69257545,-1.09422517,-0.922572374,0.317071199,1.95629764,2.8695724,2.08482742,0.880189419
general_aleatoire,0.314780235,0.681054592,-1.17238855,-0.145954132,1.18256521,0.453561544,0.52657795,-0.909875393,-0.72895813,1.76860988,1.42419195,0.207682669
general_aleatoire,-0.903304577,-1.07126093,-1.54578185,1.51500034,-1.54379892,1.34296894,-0.60931325,-1.08095741,1.05142188,2.85380864,1.97996271,1.18989563
general_aleatoire,-1.85757923,0.431884527,1.21813035,-1.58966184,0.462033987,1.40894604,-1.59647202,0.405470371,0.349432707,3.4993999,0.657387495,0.0622102432
general_aleatoire,1.84342217,-0.191269398,0.680741787,1.09820127,-1.29930067,-1.16366076,-0.104866743,-0.187373161,0.593990326,2.36164832,1.64786232,-0.502622843
general_aleatoire,-1.3750236,-1.88694143,1.83010888,-1.94035912,1.11495256,-1.48238802,0.946889639,-0.9933424,0.760826588,3.47199774,2.51860261,0.264919549
general_aleatoire,-0.281803608,-0.306654453,-0.0502381325,1.69312954,-1.44788957,-1.70833206,0.693566084,1.21303606,0.38455224,2.85297227,1.42068446,-0.00447541848
general_aleatoire,-1.13906908,-0.822143793,-0.703888178,-1.94536066,0.0777187347,-1.68940854,1.13062,-0.433221102,1.35413957,3.37983394,0.987169683,-0.123777859
general_aleatoire,-1.38410282,0.334928989,-0.492721796,-0.387858152,0.51273036,1.78600955,0.188949585,-1.01391482,-1.07529664,2.34974241,1.51031947,-0.539891779
general_aleatoire,1.21237826,-0.624710083,0.448198318,0.456124783,-0.492419958,1.44341993,-1.99452829,1.01285362,-0.21360302,2.82438207,1.29074287,-0.0385233946
general_aleatoire,0.21359992,-0.89312005,-0.550828218,-1.58261371,-0.539794922,-1.69936585,1.5176692,-0.609766722,-1.84302592,2.76806307,2.1966691,0.644159079
general_aleatoire,0.459029436,1.95193052,1.35007715,0.657501459,-1.26574707,0.724550724,-0.301424265,-1.84800887,-0.432175636,3.13363028,1.48792732,-0.249096438
general_aleatoire,0.422116995,0.0535759926,-0.0608878136,1.23834896,-1.57688451,0.214580774,-0.888312101,1.38661957,1.5612576,2.76641178,1.26906002,-0.369686663
general_aleatoire,0.0742068291,0.199953556,0.415389299,-0.346333742,-0.250467062,-1.70927143,1.29238224,0.856486082,1.69530869,2.8479085,0.689341307,-0.120178245
general_aleatoire,0.811403275,0.556578875,0.456174374,1.28312969,0.0410504341,-1.76398683,-0.264862537,1.62444687,0.373084307,2.26723289,1.710374,0.847616971
general_aleatoire,-1.24429989,-1.06641841,-0.973918438,1.76503611,-1.78667974,0.355177879,1.8616004,-0.755230427,1.40804338,3.47838068,1.95380008,0.412098795
general_aleatoire,-0.201280832,1.65273833,1.22273898,1.38886452,-1.35353589,-0.0818779469,-0.828657627,1.69632769,0.718031883,3.27482057,1.17849183,0.0365047865
general_aleatoire,1.87789106,-0.738043308,0.0102677345,1.17000651,-1.29750109,-1.47818613,0.634490013,1.05074453,1.90175295,3.07171059,2.23338008,0.0930652395
general_aleatoire,-1.72659326,1.48858738,-1.94962978,1.44726062,1.59289384,1.73527193,0.325356722,1.575809,-0.592692614,3.46920347,2.69370031,0.538550198
general_aleatoire,1.10512662,-1.06962156,0.873091221,0.467543125,-0.94093132,0.0360085964,0.485359907,1.96639109,0.0859544277,2.48399949,1.4440639,0.294974715
general_aleatoire,1.93286371,1.44777632,0.54009819,-0.0331497192,-0.228518009,-1.48902917,-0.0354361534,-1.98011017,0.729916096,2.83362126,1.90679932,-1.0880388
general_aleatoire,0.7114923,-1.59370184,0.19963336,-0.686591864,-0.676148415,-1.69891119,-1.32411146,-1.70655704,-0.133138895,2.67591763,1.76954353,-1.13681984
general_aleatoire,-1.2166431,-1.5988543,-0.0589871407,-0.655566216,1.13909721,-0.48315239,-0.0580165386,-0.13752532,-0.658093691,2.11022592,1.28057337,0.602681816
general_aleatoire,-0.133517027,-1.67058825,-0.971977472,0.201181889,1.40084386,-0.914925814,-0.577826023,0.459736586,-1.08165097,2.2327261,1.75153518,-0.505595982
general_aleatoire,1.90875077,-1.29676056,-1.55474281,-0.709686518,-1.15149856,-1.72978854,-0.107621908,-1.86837006,1.87445521,3.14747906,2.57702756,-1.74131846
general_aleatoire,0.420568705,1.08723903,0.476588488,1.59291673,0.118352652,-0.665140629,1.04914069,1.96815372,-1.84339786,3.18849659,1.30616236,1.03912318
general_aleatoire,-1.58866882,1.74389243,-1.78810859,-1.61973953,1.42241049,0.69609189,1.70905948,-1.46641374,-1.6376586,3.916713,2.51093984,-0.0378581509
general_aleatoire,1.51962161,-1.5462904,0.042853117,-1.86730337,-1.67082596,-1.58196998,0.466896296,-1.16232085,-1.96356034,3.43292451,2.43520141,1.09205556
general_aleatoire,1.88030624,1.10408854,0.67144084,0.602339745,1.11421204,-1.14950109,1.10455751,-0.500996351,0.14029479,2.53752208,1.58151913,-0.825552166
general_aleatoire,-1.96877337,1.18995571,0.774735212,0.383229971,-0.709327459,-0.741815805,0.286355495,0.244440317,1.8269105,2.72054553,1.75849485,0.279748917
general_aleatoire,0.134034157,-0.802133322,1.29381204,1.96095133,1.92690873,0.530913353,-0.355829954,-1.03164554,1.05356264,2.9703722,1.90989888,0.0747353807
general_aleatoire,-0.25288868,-1.6009481,0.961812258,1.10732532,-0.21408844,-0.514332533,-1.72596979,-1.84243941,-1.32558537,3.01190901,1.65362656,-1.18880892
general_aleatoire,-0.547015429,1.16519094,0.442570925,0.59349227,-1.52299953,0.279301882,1.69613791,-1.32951212,-1.68931055,3.20706224,1.33067477,0.211771697
general_aleatoire,1.35102963,1.72002673,1.84296036,0.828549862,-1.83645177,-0.68115139,-1.68787265,-0.436998844,1.53889799,3.19655275,2.44508314,-1.38383615
general_aleatoire,0.963237286,1.26220894,0.405884266,0.471737623,0.686571598,1.77986073,-0.443341732,0.585722208,-0.048746109,2.32682109,1.09123158,-0.696187079
general_aleatoire,-1.13605905,1.9594698,0.914569139,-1.14430857,0.582841158,-0.328575373,1.94297862,-0.832707405,-1.14441729,3.42914915,1.03262675,-0.822540879
general_aleatoire,1.06044602,0.391539574,1.0560503,1.12067008,-0.830218315,-0.644067764,-1.67443895,-0.481281757,-1.95426941,3.03968072,1.53279316,0.13605994
general_aleatoire,1.55160713,-0.290198088,-0.383220673,-0.358649731,0.49893117,1.9535594,1.55695248,-0.120791912,-1.16069388,2.91576838,1.43458748,-0.242218122
general_aleatoire,-0.974326611,1.92750907,1.56491756,0.807814121,-0.0357282162,-0.0155134201,0.396702528,-0.276317835,-1.61732531,3.0235374,0.979520261,0.71824652
general_aleatoire,1.81745839,-0.468334436,-1.1771009,1.77689457,-0.75326705,0.358021498,-0.768829107,-0.621992588,-0.843974829,2.7767787,1.49243879,0.716517985
general_aleatoire,0.502668619,-0.125848055,1.64164424,1.95671678,-0.904037714,1.55514693,0.0204668045,-0.688201904,1.83476257,3.4448452,1.34533048,-0.437651426
general_aleatoire,-0.308519602,-1.31041551,0.677922964,0.878655672,-1.93139338,0.457923889,1.28061461,0.718700409,1.51919222,2.52172446,2.12242079,0.764622688
general_aleatoire,-0.595121622,1.4288013,-0.744482517,-0.499782562,0.736838579,-0.152002096,-1.13782692,-1.95044684,-0.321381092,2.57356215,1.50875866,-0.26137951
general_aleatoire,-0.402418613,-1.24730158,-0.15829277,-1.96678066,1.62789702,1.88022923,1.57595062,-0.273188114,1.86438823,3.21396351,2.47128367,-1.18054414
general_aleatoire,1.87739825,1.54041982,-1.43870592,-1.96719718,0.349467039,0.565843344,-1.19610405,-1.72704935,1.16029644,3.92775083,1.61480856,-0.0662019849
general_aleatoire,-0.909622908,1.13481188,0.313230515,-1.54957151,0.802455187,1.64825773,0.618527889,-1.22148156,-1.80376673,3.44320321,0.87470001,-0.694697261
general_aleatoire,0.451909304,-1.58558464,1.94253445,-1.48565292,1.52958608,-1.63434267,1.82625556,-1.28706241,-0.629605055,3.83350635,2.06062961,0.394702494
general_aleatoire,0.753951073,-1.57769752,1.323349,-1.24661255,-0.364744663,0.00197935104,0.771125793,1.17291856,-1.19993496,2.66742444,1.65104318,0.255010098
general_aleatoire,-1.39938545,1.89312053,0.638926029,-0.600009918,-0.705689669,1.38346744,-0.635191917,1.78146529,0.647670746,3.12469959,1.66679621,0.420727283
general_aleatoire,1.45885563,-0.132002354,-1.73172951,1.24813294,0.601228476,-1.37632608,-1.51963735,1.1597929,-1.97734809,3.16071916,2.50283313,-0.517840683
general_aleatoire,-1.74305916,-1.79286623,-1.22378469,1.66459656,0.624598742,1.63385391,1.41970253,-1.09670258,-0.989281654,3.59378362,2.05914378,-0.788919628
general_aleatoire,0.18824482,-0.691233635,1.82011294,0.1484828,-0.0131754875,-1.15370893,-0.425688744,1.24462485,-0.0670053959,2.28944445,1.29049468,0.0847095624
general_aleatoire,1.09454656,1.16086292,-1.41883326,-0.0908896923,-0.144681215,1.13311052,1.09931087,-0.273210287,-0.650681973,2.50440025,0.922922194,0.674214303
general_aleatoire,-0.991977453,0.532427073,-0.694109201,-1.79914761,-1.68870616,0.434754848,-0.0104756355,-1.38938808,-1.40755653,2.69848204,1.72686195,-1.29414988
general_aleatoire,1.3223331,1.24618793,-0.578202248,-0.31763792,-0.873784781,1.06000924,1.36355567,1.81784153,-1.79942393,3.66005969,0.788139999,0.0918563679
general_aleatoire,1.39791179,-0.41356492,1.80585456,-0.519985914,0.27174592,-0.860798597,-1.33870244,1.64701724,1.74158359,2.80549216,2.47420955,0.130053446
general_aleatoire,1.00371337,1.47401738,-1.74430752,1.45765185,0.858749628,0.773097515,0.109196424,0.499665022,1.60347152,2.68345022,2.23297167,-0.572973371
general_aleatoire,-1.94110465,-0.748217583,0.99221611,0.296647787,-1.63385963,0.00302100182,-0.960996389,-0.0417563915,0.205960989,2.49814439,1.65911841,-0.20975025
general_aleatoire,-0.175578594,-0.193069696,-1.17748213,-1.93690252,1.02283955,1.29594016,-0.194655895,1.51520371,1.83406496,3.33777165,1.48820937,0.523316562
general_aleatoire,0.727491617,-0.956766367,0.164271355,0.730975151,1.8429513,1.76286817,-1.52017522,0.653833151,0.951640129,2.85247159,1.83660758,0.802781165
general_aleatoire,1.48509145,-1.48655772,1.30992365,-0.472620964,-0.559529305,0.341938019,0.400495529,0.948350668,-1.3749547,2.78756666,1.36997461,0.295843899
general_aleatoire,-1.98513579,0.142103434,-0.957608461,-1.07831216,0.152801514,0.974947214,0.131494522,0.112233639,0.550505638,2.32689309,1.38750041,0.0891843736
general_aleatoire,-0.355090618,-0.784585714,-0.92481184,0.162116766,1.99479389,-1.24085307,-1.71315813,-1.25251126,-1.8257575,3.05890656,2.33287621,-0.424272001
general_aleatoire,0.306255817,-1.13097048,0.741890192,1.88428974,-1.51840019,1.91695261,-1.50884056,0.619710922,0.26121068,3.50189304,1.26432693,0.566724002
general_aleatoire,1.52042651,-0.919617176,-1.14415312,-0.430403709,1.88816833,-0.397006273,-1.42886066,-1.28578877,-1.59549928,2.75828147,2.1931076,-1.4822942
general_aleatoire,-1.99474168,-1.5511539,1.41260719,0.292511463,0.860007763,1.12389755,0.762154102,-0.533331394,0.186020374,2.90209603,1.43981981,-0.934631646
general_aleatoire,1.9115839,0.803878546,-0.262319565,1.74275351,-1.398206,0.662694931,-0.136133194,-0.939634562,0.716148615,2.6556716,2.02534032,-0.245436579
general_aleatoire,0.282240152,1.32890296,-0.2307024,-0.164927006,0.225676298,0.37442708,0.0704417229,-0.930621386,1.43510103,2.01318049,0.962388158,0.261991084
general_aleatoire,0.583666086,0.607200384,1.94388771,-1.24496627,-1.8037858,-1.74793291,1.54612255,-0.302545071,0.249130011,3.48582697,1.43455875,0.825867116
general_aleatoire,-1.9375577,-0.99160552,-0.726810694,1.81955862,-0.527914286,-0.0665829182,-0.497644663,-0.673239231,1.91739988,2.7588346,2.07794881,1.14362109
general_aleatoire,-1.2740097,-0.784396648,-1.02219129,-0.939090252,1.3313961,-1.48247647,0.457639933,0.0440351963,1.65298247,2.88924146,1.51300287,-0.665076733
general_aleatoire,-1.38530278,-1.07212639,0.465178728,-1.51544571,-1.37936091,-1.97565007,0.306693077,0.0314481258,1.30507684,3.19592404,1.71183562,0.203171253
general_aleatoire,1.99322772,-1.8299017,0.779860973,-0.321012259,-0.766421795,-0.155804157,1.50743413,1.16428852,1.12688899,2.95495868,2.18799782,-0.151972502
general_aleatoire,-0.128337622,-1.93833947,0.270143032,1.26744175,1.16481686,-0.797893047,0.239033937,-1.40130615,-0.566802502,2.74723887,1.45868778,-0.336775362
general_aleatoire,-1.09467673,-1.65663099,-0.125680923,0.919662476,-0.300528526,1.48455238,-0.844450951,1.88025808,-1.31112695,2.92247057,2.08680034,0.412896097
general_aleatoire,1.70639944,1.04892302,1.18967152,1.96043897,0.573887587,1.11116624,1.12584043,-0.816252232,-0.271665335,3.30943561,1.37066996,0.105838999
general_aleatoire,-1.02076435,0.379104853,-1.1293366,-0.605200768,-1.45321989,-0.693163157,0.205322027,1.02676702,0.421601295,2.13701415,1.45508873,0.098561421
general_aleatoire,-0.184268951,0.822010517,-1.15135503,0.720853329,-1.19224739,-0.83066678,1.43668938,-0.678755999,0.711041927,2.19665933,1.50992298,-0.76912421
general_aleatoire,0.726058006,0.184184074,-0.602209568,-0.396245241,-1.14950728,-0.276730537,-0.502655506,-1.77025938,-0.911663532,2.39260364,0.977964938,0.123860404
general_aleatoire,-0.180359602,-1.64674926,1.18181944,1.32055545,-0.448054314,1.41244555,-0.465675116,-1.12099886,-1.93713379,2.86650181,2.04676747,-0.948958099
general_aleatoire,-1.74091125,-0.168658972,0.955309629,-1.89864945,-1.1538856,0.281397581,-0.426258087,0.0271334648,-1.74345922,2.88604975,1.86376405,-0.637590945
general_aleatoire,1.36003399,-1.09492183,0.327122211,1.17160892,-0.706290722,1.21758556,0.0649240017,-1.1716609,0.798825264,2.68509817,0.928915799,0.672364175
general_aleatoire,-0.656344652,-1.62414503,-1.46304655,0.484296322,-1.70330954,1.6665051,1.96868682,-0.803478956,0.622375727,2.98322868,2.29352736,-1.36781633
general_aleatoire,0.506500244,0.168385983,1.28531766,1.06199384,0.0472254753,1.36030841,0.871917963,1.22685885,-0.755958796,2.19992232,1.68146646,0.295546889
general_aleatoire,-1.93384242,-0.775766373,-1.25276852,0.670336008,0.619621038,0.821635485,-0.496962786,1.74803877,1.92993045,3.27715874,1.92528212,-0.0108061461
general_aleatoire,-1.10064578,0.661618948,-0.127129793,1.82619548,-0.997946262,-1.19421411,-1.67963147,1.45582795,-0.387078047,3.32146645,1.20529342,-0.167066082
general_aleatoire,-0.714590788,-0.50367713,1.95825911,-0.918263674,-1.36924553,-0.81202054,0.0653591156,-0.558352947,1.1713779,2.4702673,1.82725894,0.472851366
general_aleatoire,1.9553504,-0.269430161,1.13183093,-0.127663851,-1.71439528,1.94542313,1.48965263,-0.298767567,0.533213139,3.16628242,2.10593081,0.222494781
general_aleatoire,0.416288376,1.56237483,-1.78184152,-0.633161306,1.36884022,-0.14192462,0.59267211,1.58490801,-0.383919716,3.03526282,1.15417302,0.741405785
general_aleatoire,-0.909707546,-1.93532205,1.66200328,0.366675138,1.3139987,-1.94936872,1.92223167,-1.99518561,-0.70296979,3.59354305,2.81666946,0.564892173
general_aleatoire,0.464394093,-1.05698729,-1.24393177,-0.676532507,-1.23245001,1.81859899,0.613086224,-0.667706966,-1.78521132,3.0169127,1.7521193,0.0344119109
general_aleatoire,0.260847092,-0.746377945,-0.385282993,-1.40227246,-0.415119648,0.320705414,-1.22648573,0.647060394,0.148318052,1.94230163,1.04709506,0.301856458
general_aleatoire,0.88454318,1.39761686,-0.979075193,-1.80206013,-1.64300108,1.55690622,-1.68526554,0.661891699,-0.295393944,3.48613834,1.80317473,-0.161387265
general_aleatoire,0.466952085,1.78337741,0.503600836,-1.12908387,-0.814920664,-0.973033667,-0.339421988,-1.59644485,1.19716001,2.70557976,1.73522937,0.551059186
general_aleatoire,0.422281027,-0.774476051,0.719491482,-0.1199193,0.571724653,-1.92147112,1.44452095,0.934233189,-0.0542967319,2.25754356,1.68960905,0.583268464
general_aleatoire,-0.329191446,-1.46217203,0.101434946,-0.84237957,-1.54124284,0.649719715,1.96685672,0.452487707,-0.790128708,2.8795526,1.45611286,-0.221941546
general_aleatoire,0.12401247,0.539958477,0.731857538,0.324945211,0.549563169,1.1403687,1.52529955,-0.824652195,0.344065428,1.8179965,1.53780818,0.074868761
general_aleatoire,1.0237093,1.11440539,-0.469993114,-1.00517154,-0.355356216,0.712730169,0.690850019,1.60877633,1.1371429,2.45756888,1.55607712,0.23003006
general_aleatoire,-0.457070827,0.667466402,1.11641669,1.59951806,0.899157047,-0.859364033,-1.76189542,1.60246682,0.326033115,2.79921722,1.76245522,0.918077648
general_aleatoire,-1.47654605,-1.4792428,0.638121128,1.86927652,0.190522432,1.24562979,-0.0214562416,-1.56110501,-0.756351948,2.85241985,1.70421815,-1.3514998
general_aleatoire,-1.51299214,0.0149309635,0.377895355,-1.3529067,-0.620443344,-0.522716284,-1.8603766,-1.60527635,0.166565895,3.11805439,0.931658685,0.629378915
general_aleatoire,0.287386179,-0.448619604,-1.61692858,-1.59569407,-1.3586216,1.20768142,-1.65813303,1.66030693,-0.474757671,2.58932543,2.40710783,1.40767193
general_aleatoire,1.02637553,1.36783361,1.28968906,1.62758541,-1.13403773,-1.7124424,-0.945708275,0.538200378,-1.16588998,2.86671209,2.12391019,1.12673843
general_aleatoire,0.737541676,1.06025362,0.135079622,1.79166818,0.667939425,0.867348671,-1.06523728,1.52586699,-0.0414233208,2.38257408,1.94616067,-0.308834851
general_aleatoire,0.554796219,-0.436496735,-0.449360609,-1.64116836,-0.296953678,0.502225637,-1.69871449,-0.0191392899,-1.87417126,2.69372773,1.61593378,0.514978468
general_aleatoire,-0.899303913,0.781902313,-0.10525918,-0.246284485,1.101192,0.208860159,1.20663095,0.230644941,0.598104477,1.70998263,1.29971981,-0.0409062132
general_aleatoire,-0.890496969,-0.12900877,-0.0964300632,0.302998543,-0.116959333,-0.459938526,-0.446291208,-1.49377465,1.28270149,2.05568886,0.885532439,0.449216485
general_aleatoire,-0.457517624,-0.19534421,0.121330976,0.414577961,0.395335913,1.58208036,1.74320388,1.46493435,1.10933375,2.87396693,1.11053932,0.125604793
general_aleatoire,1.56168866,-1.39202976,-0.919980049,-1.30327129,-1.86007023,-1.59802103,-0.955732822,0.952726841,-0.885170698,2.97514462,2.37690115,1.01908052
general_aleatoire,0.824488878,1.63744116,1.9454515,0.596970797,0.0880935192,-1.67318439,1.30565953,-1.45848584,0.30575943,2.92432117,1.95878077,-1.35882199
general_aleatoire,-1.37729573,1.49634671,0.521686792,0.884083986,0.941655874,0.571535826,1.43857551,0.260490656,1.76254606,2.5844605,2.12001872,-0.687848389
general_aleatoire,0.891881943,-1.19318199,-0.321384668,-0.760910273,-1.61369371,-1.03870869,-1.8400557,-0.564953804,-0.08390522,2.54720354,1.91665125,-0.366813809
general_aleatoire,1.65866041,0.397166252,0.300450087,-1.68460393,0.952767372,-0.852385998,-0.0395231247,-0.711871386,-1.88456845,2.66507959,1.86282396,-0.979052424
general_aleatoire,0.251182079,-1.74321818,-0.886070251,0.151691914,-1.61740565,0.875155926,-1.34057307,-1.13867807,-1.30420899,2.8083427,1.85304964,0.875234663
general_aleatoire,0.887638092,1.37077975,1.24266291,-0.862721443,-0.352410316,0.858766794,0.985676765,0.271354914,-0.383880377,2.11835647,1.57164884,0.228371277
general_aleatoire,1.90815496,0.71340251,-0.908709526,1.05598807,-1.36650801,1.96770644,-1.79184866,-0.618413448,-1.03616142,3.06392646,2.54905963,0.781992495
general_aleatoire,-0.355837107,0.736283541,-1.33751988,-1.65896726,-1.18370795,-1.02119279,0.773579836,1.42123342,1.66818213,3.22169471,1.44465089,0.767263174
general_aleatoire,0.331811666,-0.421580315,-1.72191405,-1.28062224,-1.80926752,-0.859602213,-1.75550866,-0.179793358,1.76750016,2.93319106,2.53739429,0.318414211
general_aleatoire,-0.837398767,1.39948559,-1.06568384,1.37976003,0.943937778,1.69686699,-1.96862054,0.0210213661,0.156922102,2.90388942,1.68799806,-1.44506562
general_aleatoire,-1.01062155,1.17506719,-0.394608021,-0.935086966,0.875456095,0.413165808,1.50413132,0.67560029,-0.259636402,2.15660954,1.4885155,0.537574351
general_aleatoire,0.620098591,0.1415236,-0.21660161,1.72713184,-0.613688231,-1.57000566,1.34369612,1.44919682,1.03378367,2.47651887,2.2616744,-0.0454450957
general_aleatoire,-1.36277008,-0.71497941,-0.0645546913,-1.58792329,-1.12630749,-1.71276999,0.411790371,-1.62289619,0.234293461,2.91222,1.64606941,0.873980105
general_aleatoire,0.331477404,-0.479970694,-1.79335141,1.45321393,-0.652292728,0.639253139,1.01279879,0.884820461,-0.822607517,2.12401152,1.76142502,-1.17201889
general_aleatoire,-1.39736128,1.05323219,1.53266263,0.981868029,-1.33183956,-1.01669168,-1.10886025,0.915288687,-1.48777962,3.01654124,2.05786681,-0.359125555
general_aleatoire,0.99110651,-0.238563299,-0.410184383,1.5508368,-1.15831828,-0.990210056,0.0850830078,-0.504986525,1.68559027,2.48443627,1.65264881,-0.366825283
general_aleatoire,1.38426566,0.558466911,0.471261024,-1.30831003,1.00646544,0.731027603,-1.14399981,-0.291188002,0.865959406,2.32791424,1.36762357,0.750364006
general_aleatoire,0.366115093,-1.08955789,0.936255932,1.9492557,0.0597891808,0.239544392,1.25593567,0.782557011,0.888622284,2.52574825,1.42123771,0.799001932
general_aleatoire,-1.52639389,0.460293293,-0.997376204,-1.39682889,-1.44103742,1.34379625,-0.439317226,1.7436223,-0.863456726,2.91224337,2.1127255,0.635627151
general_aleatoire,-1.45213962,0.931689024,-0.0470356941,-1.56516409,-0.964445114,1.00823736,1.01809311,-1.81718087,0.886518478,2.72794008,2.24656725,0.106094532
general_aleatoire,-1.19192886,-1.43645954,1.16785979,1.50810885,0.971106529,-1.27610779,-0.0946955681,1.18903589,-1.80006933,3.55213642,1.27046859,-0.353774637
general_aleatoire,-0.172078609,0.439574957,-0.686910868,-0.373103619,-1.36704302,-0.733887434,-1.32954311,0.561642408,0.647562027,1.80903578,1.33313096,0.833007932
general_aleatoire,-0.253541946,0.20172143,-1.63031578,-1.51165843,1.66380167,-1.54920864,1.11397219,-1.71075773,-1.77448726,3.06426835,2.85258389,-0.0758686513
general_aleatoire,0.975069284,0.100255251,0.847528219,-1.66648984,-1.76627612,1.34915924,0.241080284,0.452055693,-1.66129541,3.08804965,1.66353464,0.339476436
general_aleatoire,-1.31020355,1.61498308,-1.91703486,1.62846947,-1.87367606,0.792931795,0.0294618607,1.70475554,0.937493801,3.82039213,1.9282012,-0.513554692
general_aleatoire,1.24581194,-1.51663828,1.31415415,-1.11486387,0.278831244,-0.690960407,-0.775763273,-1.12769294,-1.12880373,2.71869898,1.7344718,0.353999406
general_aleatoire,-0.434653759,-0.691200018,0.238459826,0.513981581,0.739746809,-1.30937409,1.85510063,-0.965439081,1.72337461,2.85100722,1.51060748,0.427457899
general_aleatoire,-0.127756596,0.280507803,-1.06779981,0.936600208,0.354574442,1.80348873,1.69270396,-1.66611242,0.992357254,3.04439902,1.61049855,0.504576087
general_aleatoire,-1.9774611,0.665706396,-1.88080096,0.330885887,0.253397226,-0.0482084751,1.05133367,-1.2537446,-0.531700373,2.9265492,1.51889443,0.39383024
general_aleatoire,1.57884169,0.180956602,-1.00585604,0.0654652119,-1.63476467,-1.6209166,1.00006056,-0.713647127,-1.29753804,3.03000355,1.6878041,-0.0689838976
general_aleatoire,-1.92225957,-0.512416124,-1.55717731,-1.88686037,1.24743271,-1.45172834,1.31765389,-1.30718565,1.20778513,4.03069544,1.49980509,-0.118623227
general_aleatoire,-1.7823596,0.907274485,0.626627684,1.17325115,1.34803104,0.683929205,-0.506738424,0.67933321,1.4983058,2.51552629,2.03796124,-0.732201874
general_aleatoire,0.669447184,-1.14661384,0.0561709404,-0.698438406,-0.546611071,-1.39705205,0.920780897,0.482236624,-0.805416107,1.67042232,1.32641792,1.29760611
general_aleatoire,-0.320521832,0.171608448,0.453133345,-0.266577721,1.04669952,-0.893511057,0.182811975,1.8987596,0.510521412,2.1757772,1.13688564,-0.41874218
general_aleatoire,-0.964993477,1.74100113,-0.762827873,-0.803742886,-1.35365009,-0.563344479,1.29192233,0.87081337,0.346357584,2.39537215,2.00960255,-0.333113104
general_aleatoire,0.445221901,0.452157021,-1.28586841,1.28224564,-0.495410919,-0.628321409,-0.128648043,-1.22546649,-0.322440863,1.84485781,1.38208294,0.805687428
general_aleatoire,-1.2063787,-1.286901,0.93047905,1.69772029,0.456460476,1.04927492,-1.17464471,-0.0745768547,-1.41973853,2.79913044,1.93077028,-0.0827476308
general_aleatoire,0.720243931,-1.51725101,1.58913064,0.511194468,-1.45530343,-1.99952555,-0.998507977,-1.92672276,0.170804977,2.85504675,2.55641723,-1.33242714
general_aleatoire,-0.441787481,1.19604135,0.765399456,-1.85498047,0.780157328,1.93607259,-0.279526949,-0.180373669,0.764294386,3.11099052,0.947814047,0.357356519
general_aleatoire,-0.563075542,0.0843846798,-0.829102278,1.90772557,-1.3025732,-1.35015917,1.16629553,0.402668953,1.82165647,2.72879004,2.35043311,-0.201537743
general_aleatoire,-0.0350449085,-0.345421076,-1.22213483,1.80968261,0.999961615,1.29519033,-0.897968054,-0.0757956505,-0.473160744,2.75634837,0.953947127,-0.308303088
general_aleatoire,0.696104527,-0.500677824,-0.26006341,-1.02318215,0.23489356,-0.277178764,-1.76781487,-0.106616497,0.78505373,2.25222754,0.686029017,-0.437559843
general_aleatoire,0.976886511,-1.78870153,1.06027412,1.26833963,-1.3657763,1.29978752,0.371088982,-1.05169106,1.58479118,3.67176056,0.749604702,0.391167641
general_aleatoire,-0.705348969,-1.56485367,-0.0747585297,-0.10834384,0.386651516,1.00141239,-0.850585461,0.44596529,0.369945526,1.78433323,1.24910915,0.656550765
general_aleatoire,-1.59765744,-0.808851719,-0.413575649,-1.77803731,0.0289578438,-1.98988986,1.98338223,-1.5953958,-1.28556848,3.22977281,2.66474724,1.0484184
general_aleatoire,1.16900277,1.92969489,1.84572506,-0.495400906,-0.292135239,-1.19871807,0.0507357121,-0.343563795,-1.41260743,3.36560702,0.966287792,-0.346015751
general_aleatoire,0.455980301,0.204125404,-1.14601064,-1.42138052,-0.834243774,0.444857121,1.41818595,1.73303461,1.99603772,3.16404891,1.85250258,0.181559131
general_aleatoire,-1.217206,-0.727309465,1.05825472,-1.40457296,-1.90599036,1.17268324,-0.498011112,0.401822567,-1.55700612,3.24020529,1.46262753,-0.553911507
general_aleatoire,-1.59839559,-0.590098381,1.78708577,-1.30585241,-1.68780208,-0.506780148,0.501425505,-0.329908848,-0.304251194,2.79871678,1.83241618,0.412049532
general_aleatoire,-0.797635555,0.226495504,0.626487732,-1.14714336,1.67540812,0.752441406,-0.397618532,1.83887863,-1.23062754,2.77641797,1.73885381,0.301692396
general_aleatoire,-0.166296721,-0.917109013,0.0918328762,1.41600323,-1.04075336,0.286558867,1.56747174,-0.179955959,1.88469744,2.81322956,1.3130486,0.67127043
general_aleatoire,-1.40145326,1.14518738,-0.201090813,0.171093941,-0.886032104,1.82718706,1.77265239,-1.38459992,1.53628039,3.55565524,1.4708128,0.287224174
general_aleatoire,-0.0860366821,-1.66438985,0.150422812,0.0666139126,-0.0323343277,-1.09976673,1.20967293,-0.35689187,0.681611538,1.79563355,1.41779268,0.914347291
general_aleatoire,1.50739193,-1.49336624,0.110058069,-0.61419487,-0.663138866,-0.643692732,-1.16844678,0.262528658,1.20129943,2.4248271,1.27004611,-1.06316555
general_aleatoire,-0.834166527,0.498071909,-1.53091311,-0.127738237,0.614730597,-1.13006282,1.40414762,-0.66301465,1.72643232,3.15387845,0.622368395,0.127874956
general_aleatoire,1.83937359,1.89031363,0.0803596973,1.12446737,-0.397202969,-1.44119048,0.0856881142,1.41244721,1.11595392,2.92653918,2.26730251,0.0683864951
general_aleatoire,-0.400159836,-0.639564276,0.919645071,-1.28517556,0.125072002,0.339744329,1.31442451,0.660816193,-0.297977209,2.1002028,0.914044023,-0.452233851
general_aleatoire,0.850871801,-1.75282478,1.52795029,0.227294683,-0.515303612,-1.31483793,-1.6985805,1.86207032,1.83339429,3.41028214,2.48331738,-0.306490093
general_aleatoire,0.107852221,-0.259952307,0.214235067,0.493029833,1.62906265,0.665221214,0.498340845,0.186054707,-0.789082527,1.83194339,0.967803001,-0.278385907
general_aleatoire,-1.1789701,-0.815621614,1.02057219,0.00631451607,1.21500778,1.46643281,0.211902142,1.17891717,-0.0457553864,2.07275677,1.92462146,0.399798542
general_aleatoire,1.85096216,-1.54424739,-1.71245551,-1.66419339,-0.926695824,-0.641740799,-1.67916918,-0.7566154,1.00431657,3.36954999,2.26653743,-0.832507551
general_aleatoire,1.81462574,-1.4366653,1.13449097,-1.60045481,0.639697075,0.246688604,0.070592165,-0.354061365,-1.33052993,2.97285795,1.58501172,0.475366324
general_aleatoire,0.860405207,1.91382647,-0.0519385338,-0.499837399,-0.298661709,-1.57229781,-0.297998428,-0.0248045921,1.48750544,2.25993371,2.06003332,0.409799486
general_aleatoire,1.49599195,-0.419097424,1.54916382,-0.666411638,-1.95613647,-0.645859718,1.54518294,-1.21359682,-0.914063215,2.57936072,2.41974044,1.29958665
general_aleatoire,1.44275522,-1.84411073,-1.41347694,1.39116096,1.63444281,1.45546699,-0.86612916,0.384924173,1.59770727,3.51424837,2.12606907,0.886692762
general_aleatoire,0.297734976,1.16328239,1.25248098,0.327950001,1.14523816,0.67787981,1.56042171,-0.696623802,0.210989714,2.1921134,1.71856534,-0.308403611
general_aleatoire,0.296914339,1.8705883,-0.830388546,1.98458719,-0.390908957,-1.53382158,1.05865002,1.398175,-1.02426982,3.22269821,2.10527611,-0.166131198
general_aleatoire,-0.000711202621,1.35538387,-0.449734688,-0.496468782,0.452289104,0.128679752,-1.77613783,1.76784182,0.0258443356,2.78892446,1.00041354,-0.0927555189
general_aleatoire,0.725022316,1.48356223,0.582416296,-1.14615417,0.846430779,-0.294440508,1.6724453,1.75792336,-1.00594521,2.95676994,1.48334575,-1.06729698
general_aleatoire,-0.285744667,0.452964783,-0.566529512,-0.398424625,-0.237853527,-1.95257902,0.0778110027,-1.49879646,0.527965307,2.18876767,1.53274131,0.163881391
general_aleatoire,-0.700032473,1.20277119,0.259999752,-0.191591263,1.52589893,1.26992369,1.16445637,0.13488245,0.21333456,2.34453344,1.31961548,0.404383779
general_aleatoire,-0.64607811,-1.70451856,0.631803274,-0.856374979,0.870888948,-0.533165455,0.232195854,0.48686862,-1.77354026,2.51742554,1.21415663,1.05965054
general_aleatoire,-1.74030566,-1.32046866,0.120774031,-0.858809233,1.60585809,-0.869497776,0.821730614,0.693683147,1.18830705,2.48762727,2.07292914,-0.970790386
general_aleatoire,-1.92660546,0.726702452,1.02272701,-1.17364359,-0.938630104,-1.55806494,-0.759912729,1.31796265,0.111639261,2.60347891,2.16823912,-0.905262828
general_aleatoire,0.782017708,-1.1362977,0.300246,1.53788519,-1.24286866,-1.65852499,0.413379669,-0.22247076,-1.87471294,3.14167213,1.57616556,-0.18415466
general_aleatoire,1.39768887,-1.52464366,0.463375568,-0.752439499,-0.830682039,-0.225047112,-0.316959381,-1.51774216,0.826777458,2.51156855,1.50854063,-0.550932884
general_aleatoire,-1.52023935,1.8930428,0.903574467,1.57255483,0.278877497,-0.630268812,0.134967804,1.99279141,-0.190262079,3.0672667,2.05649543,0.217855856
general_aleatoire,-1.98598146,1.90617228,-1.88948107,-1.80079889,1.295362,-1.27749133,-1.20214939,0.590030909,-1.75692296,4.68237782,0.757682025,-0.28619796
general_aleatoire,-1.45453739,-1.05140781,0.35752368,-0.295599461,0.271044731,0.922265053,1.88402057,0.497341871,1.53354573,2.80306005,1.5214417,-0.580596387
general_aleatoire,-1.04951525,1.78221321,0.013081789,-1.54559064,1.7048564,1.47259355,1.26003098,-1.48363757,-0.707241058,3.88525867,0.963193893,0.0890230089
general_aleatoire,0.531728506,1.92905807,0.880312443,0.834481478,-1.35658622,-1.75020266,0.530637503,-1.85935736,-1.79015803,3.97517514,1.23288548,-0.0165447239
general_aleatoire,-1.32636833,-0.826935768,0.911423445,1.68463397,-1.26504445,-1.31307554,0.0459470749,-1.73892021,-1.62695956,3.28443551,1.95525634,-0.706167281
general_aleatoire,-0.225287437,1.6835444,1.40247273,-0.624157667,-1.6933105,1.63252807,-0.577858686,1.77950239,1.59909916,3.29802227,2.43233919,-0.196137175
general_aleatoire,-1.97548556,-1.52737784,-0.14345932,-0.757326126,-1.90137601,1.11368227,1.63477087,0.172843933,0.0736300945,3.40347171,1.60509992,-0.482570916
general_aleatoire,1.32933235,-1.70022416,-1.55361843,-1.5588932,1.68221664,-0.465964079,1.73964715,1.76093674,-1.37874794,3.26932025,2.88208985,1.25779974
general_aleatoire,0.771636486,-1.86449838,1.47047544,1.95936537,-0.534173489,-0.0709936619,-1.82714534,0.288301468,1.89727044,3.14057589,2.66808867,0.634719849
general_aleatoire,0.463618755,-1.93130827,1.15867376,1.7906065,1.24795175,-0.525290489,-1.22429919,-1.9596386,-1.05345321,3.36481738,1.97734833,-1.24256086
general_aleatoire,0.756628752,1.50733209,1.9221611,1.27807021,1.86250281,0.470477343,-1.35625219,1.97879648,-1.27500892,3.27648735,2.75235796,0.965832055
general_aleatoire,0.940735579,0.262155533,-1.13665295,0.549219131,1.38657618,0.957671642,-0.34106946,-1.27579856,-1.8553896,2.88246322,1.49253893,-0.193011567
general_aleatoire,1.83602834,-0.714314938,0.554956913,1.0542047,1.38818765,1.8408246,0.160262823,-0.895454407,-0.342892647,2.78583813,1.94002938,0.191730946
general_aleatoire,-1.01393485,1.90873146,0.254466295,0.32848525,1.24673557,1.46749425,0.986102581,1.81316948,0.239835501,3.09039402,1.48428667,1.05627871
general_aleatoire,0.7014184,0.52555871,0.195754528,-1.03160429,-1.98595667,-0.26970315,-1.83992147,-0.97853756,-1.19659519,3.22274256,1.11828244,0.159850344
general_aleatoire,1.5376718,-1.25596642,-1.54978204,-0.980964899,0.718962193,-0.780261517,-0.958867311,-0.559738159,-0.0976905823,2.60077143,1.4109329,-0.958775878
general_aleatoire,-0.317849398,-0.802349091,-1.60453486,-0.707018852,-1.83055234,-0.958428144,0.695777655,1.01117158,0.149339199,2.90596747,1.06118155,-0.216402009
general_aleatoire,-0.537136793,-0.223423243,0.905427933,0.537759542,-0.175720453,1.31071758,0.188984156,-0.289228439,0.173149824,1.64063728,0.76387924,-0.265375555
general_aleatoire,0.564477682,1.90340829,1.81428885,-0.531750202,1.35849786,-1.16926384,-0.295996904,1.64716768,0.578867197,3.1415956,1.9747237,0.308871627
general_aleatoire,-1.30064297,-1.29171634,1.33769131,0.242088556,-1.3991406,1.925313,0.634897232,0.0732603073,-1.39783692,3.3439362,1.1935395,-0.792853713
general_aleatoire,1.71055317,1.69234324,-0.370660543,0.260032892,1.99537921,-0.68290472,0.316879988,-1.43870902,-1.83092403,3.18670344,2.18246078,-1.02337074
general_aleatoire,-0.515231133,0.347018957,0.820080042,-0.901709318,-0.460196495,-1.87007475,-1.01562357,1.28341317,0.309637785,2.25756311,1.75061321,-0.440154284
general_aleatoire,-0.897081614,-0.328712702,1.18619418,-1.33677506,-0.847129822,-1.38404822,-1.22269464,0.829847813,1.89574218,2.86595678,1.9794023,-0.621109009
general_aleatoire,1.89868736,-0.553418875,-1.06762385,0.405504704,1.09259439,0.439925909,-1.64957333,0.241893768,-0.47369647,2.6406939,1.42573881,-0.775136054
general_aleatoire,1.65878296,0.0267524719,0.697764158,-0.92501235,-0.385068178,0.118313551,1.4495213,1.5304575,-1.27574849,2.77428913,1.62195385,-0.0246282835
general_aleatoire,1.77775168,0.176946878,-1.59777236,1.80220127,-0.912616491,0.50159049,1.91653562,1.26787376,-0.918326378,3.47897291,1.81875515,-0.888702214
general_aleatoire,0.614242792,0.770829201,1.35748339,-0.986185312,1.77795148,-0.574537754,-0.908313274,-1.23488426,-1.32135582,2.6247251,2.1032567,0.247149646
general_aleatoire,1.4252007,-0.0640370846,1.53059483,0.807449579,-0.812350035,-1.09123516,1.29435921,-1.98359442,-0.567033529,2.83776426,2.11504173,-0.534727097
general_aleatoire,-0.628259659,-1.60392237,1.87543726,1.03230548,0.779869795,0.385784864,-0.394698381,-0.90247035,-1.2296958,2.60347605,1.93650758,-0.511336029
general_aleatoire,-0.988001108,-0.575641394,1.90249348,-1.32064247,1.4500041,-1.57477689,1.2391932,1.62696934,-1.48792934,3.61278939,1.9958818,-0.783768237
general_aleatoire,1.9906013,1.02074909,-1.34354234,-1.14183927,-1.78190994,1.90955567,-0.681075573,-1.79164338,-0.153363466,3.99702597,1.38952911,0.851641357
general_aleatoire,-0.591446161,-1.18071508,-0.285408735,-0.794300556,1.29681158,-1.19651723,1.0648911,1.09704208,-0.500031471,2.29421926,1.58783054,0.610344112
general_aleatoire,0.850311756,0.262241125,0.539805889,1.34238052,-0.451128721,-1.92720175,1.63616371,1.20871234,1.87812996,3.09123158,2.21111584,0.153113678
general_aleatoire,1.78758407,-1.30544281,-1.87174201,-1.1079495,-1.81767607,0.102524042,-0.621944189,-1.63499784,-1.64892197,3.48272848,2.4379499,0.806873262
general_aleatoire,-0.254206419,-0.0828957558,0.327164888,0.914842606,0.0882942677,0.267596722,-0.676365852,-1.2142725,0.169783115,1.53506529,0.762157857,-0.343969405
general_aleatoire,0.619245052,1.83520365,0.739417791,-1.1759305,1.72978377,0.619325399,-1.41281247,-1.82641339,0.769344568,3.19212508,2.05295515,0.759033859
general_aleatoire,-1.73433447,1.6457088,0.207312822,0.00625658035,-1.58024335,-0.552801371,-1.91061306,-1.31700206,-1.31394815,2.93072319,2.65706372,-0.155944228
general_aleatoire,1.46714735,0.259396553,-0.423014641,0.813363791,1.69952965,-1.19008589,1.39103317,0.673037529,-0.493440628,2.91752744,1.21345711,0.109579764
general_aleatoire,-1.27009487,0.295657158,0.453829527,-1.89130402,-0.352161407,-0.947114468,0.615197897,0.841091156,1.98021078,2.88347125,1.78774381,0.0359519571
general_aleatoire,0.711643696,1.75126767,-0.586522341,-1.9828732,1.23443198,1.54175496,-1.05665588,-1.73403692,-0.154917955,2.81087708,2.77060747,-0.565782726
general_aleatoire,1.81218624,-0.109877586,-0.872697353,-0.636733055,-0.471860886,1.81866431,-1.63344741,0.786736012,-1.55090904,2.67353678,2.55661559,0.0406741835
general_aleatoire,0.156797171,0.906962156,0.0420601368,1.77732873,-1.36281586,0.442993879,-0.511252642,0.863399982,0.691093206,2.48432207,1.01025581,-0.594406605
general_aleatoire,1.04787874,1.69828081,-0.948743105,1.26585603,-1.81908154,-0.798440933,-1.99250913,-0.264173508,-0.597403049,2.60876489,2.50259495,1.32642853
general_aleatoire,-1.66832995,-1.03414321,-1.59131074,-1.75072932,-0.119078636,-1.28188705,0.120877504,-1.50200462,-0.943891764,3.42375779,1.59093583,0.126017615
general_aleatoire,1.65951347,0.571130753,-1.43893123,0.813522577,0.150593758,-0.8035357,0.372423649,1.0336988,0.173957825,2.57782555,1.03582895,0.0152737284
general_aleatoire,-1.17758036,-1.60377431,0.177005291,-0.724806786,1.21712422,-1.79491878,0.148036242,-0.41732049,1.63185072,2.89327574,1.84683466,-0.543831706
general_aleatoire,-1.24560428,-1.76599526,0.246530056,0.353255272,0.771233559,0.247021675,0.128479242,0.641413212,-0.263053417,2.4042151,0.386613995,0.281159192
general_aleatoire,1.33362722,-0.450666428,0.903412104,1.36676693,1.16113091,-1.12252784,-0.844733238,0.936873198,-0.450010538,2.13260174,2.07525086,0.461865753
general_aleatoire,1.02992916,0.507107735,-0.323199987,0.21384573,-0.810797691,1.84441543,-0.117834091,-1.25266218,-1.62714434,2.49215007,1.60980725,0.97760731
general_aleatoire,-0.594886541,-1.81627989,0.29102087,-1.55358744,1.47185493,-1.25142002,1.71739388,0.0167071819,-0.655854702,2.76300192,2.18580055,0.92274648
general_aleatoire,1.39654636,-1.73156619,-1.05743074,-0.313521385,1.74064803,-0.422623634,1.81963158,1.94594812,1.83561826,3.58918595,2.36333704,1.17185175
general_aleatoire,-0.275755167,1.35025072,-0.777108192,-0.544699907,-0.538490534,-1.70926452,-0.412295103,0.275274754,1.28616142,2.29623461,1.48453486,0.65939939
general_aleatoire,0.234725714,-1.67594051,1.39990306,-0.733971834,1.98396397,1.86527395,0.0326290131,-1.38759017,-0.619184017,3.21888232,2.14810157,0.334651619
general_aleatoire,0.970405102,-1.25639319,-0.574426174,-1.98080087,0.327142,0.0364546776,-1.60180807,0.222074509,-0.774353504,2.86661196,1.29190958,0.458621591
general_aleatoire,1.2997539,0.003459692,0.0183076859,-1.0731976,1.66587329,0.167479753,0.51233387,-1.12096286,1.36134481,2.52086401,1.31428611,0.966873169
general_aleatoire,0.600402117,-1.40679312,1.61741734,1.42134452,-1.65804553,0.700575352,-1.13353586,-1.31906796,1.37769198,3.37007952,1.88567829,-0.474753827
general_aleatoire,-1.24094582,0.526213884,1.70600247,-1.68516445,-1.87113857,-0.054599762,-0.149860382,-1.16096616,-0.746098995,2.73323083,2.34954,0.085366942
general_aleatoire,-1.20361447,0.660309553,1.76258135,1.35851741,1.04616618,-0.558487654,0.784922361,-0.292391777,-1.04428482,2.81870103,1.44581294,0.00274316384
general_aleatoire,1.92767096,-1.52570629,1.13566589,1.48333025,1.5888164,-1.97648191,-0.244951248,-0.447614431,-1.06369519,3.18333173,2.463691,-1.07375634
general_aleatoire,-0.889550209,-0.352546215,0.281504631,0.864367485,-0.99796629,-1.56227851,-0.75517869,-0.918123722,1.40015936,2.49125028,1.41106868,0.595705986
general_aleatoire,-1.81345654,0.412755251,-0.27060914,-1.41726995,1.30978274,0.905886173,-1.90134525,-1.17016339,0.701293945,3.08246017,1.79846835,-0.9039886
general_aleatoire,-0.267980337,1.72998333,0.586428881,-1.05228877,-0.91228199,0.774539232,-0.463572979,1.90040755,0.936598301,2.86812663,1.55609393,0.0642058328
general_aleatoire,1.84911203,1.75164366,-1.06028342,0.116980076,-1.59867597,-1.96011615,-1.40686989,-0.646145105,0.808142662,3.233742,2.5557251,0.290243268
general_aleatoire,-0.405462742,0.903035402,-0.64330554,0.696946144,-0.254924774,-0.655686617,0.530664921,-1.32089233,-1.51548791,2.25545573,1.16144395,0.511266053
general_aleatoire,0.3230443,-0.909478188,-0.0652782917,0.0305922031,0.91533637,-0.7377069,-0.234559774,1.96434116,-0.645441294,2.50719237,0.599893153,0.0558518693
general_aleatoire,-0.274274349,-0.826085806,1.47919655,-1.15411878,1.5860393,-0.93701458,1.344028,-1.62067842,-1.81240726,3.01557612,2.46209693,0.483097464
general_aleatoire,-0.612572193,1.79098678,-1.8537209,-1.48502994,-1.2543447,-1.86238551,0.987081766,-0.342521667,-0.69812417,3.042943,2.24035835,-1.2516613
general_aleatoire,-1.22146392,0.672947884,-1.26321411,0.867536545,-0.848721743,0.324741364,-1.0063777,1.83479095,0.739181519,2.72310996,1.62137449,-0.0201932527
general_aleatoire,-1.9142406,-1.25289083,0.954610586,0.172473192,1.83514643,1.94570613,1.4490869,-0.270470381,-1.32842946,3.10448194,2.74312901,-0.322149813
general_aleatoire,0.567492247,-0.692718983,1.87748671,-1.31019282,-1.44944406,0.405233383,-0.325572014,0.848751783,1.40076947,2.42139721,1.97884989,-1.14808154
general_aleatoire,-0.73170495,1.72922254,0.158026218,0.404944181,0.763682127,-1.42631769,-0.31464076,1.60588622,1.41606212,2.72127247,1.83013415,-0.510424435
general_aleatoire,-1.30221391,1.08619952,-0.588488817,-1.74133801,-0.497968197,0.484501123,-0.210834026,-1.05869794,1.16066313,2.19526982,2.08990836,0.249771357
general_aleatoire,0.230072975,1.20857739,1.82755375,0.878620148,1.51624799,-1.91148543,-0.381934404,0.259380341,-0.833944798,2.84956217,2.02074981,0.532432377
general_aleatoire,0.989971638,-1.06237721,-0.221499205,0.130059242,1.77974415,-1.54300642,1.29524207,0.197099924,0.552620173,2.48605323,1.60187805,0.999219716
general_aleatoire,-1.99466562,-1.75029945,-0.704601526,0.609384775,-1.12026286,1.6463182,1.88487506,-0.482218504,0.908969164,3.27249503,2.2982707,-0.704021633
general_aleatoire,1.35253,-0.601386547,-0.747355461,-1.62861967,0.280413151,0.0672023296,0.593697548,-1.14620852,0.711980104,2.41409039,1.24038017,-0.540280819
general_aleatoire,0.145718098,1.53019714,1.34144926,-1.06151104,0.463170052,-0.950521708,0.535153627,0.816163778,0.164121151,2.24051428,1.42006004,-0.591625333
general_aleatoire,-1.29122496,1.70906234,-0.142918587,1.72761059,-1.91986251,0.0508925915,-1.43608284,-0.77696228,0.715385437,3.37324238,1.75515068,0.0120141255
general_aleatoire,-0.161652088,0.98984623,-1.25376844,-1.53872395,0.545377254,-1.08916187,0.000369310379,-1.60438228,-1.58679819,2.49413943,2.08355141,-0.979436874
general_aleatoire,-0.266348839,-1.209409,-1.49553585,-0.0814723969,-0.250816107,1.55035591,0.928392887,0.265562773,0.733554363,2.45700526,1.04099643,-0.770311356
general_aleatoire,0.726139784,-0.878158092,-0.643885851,0.695050001,0.285645485,1.71084833,-0.210480928,-0.60990262,0.636519432,1.99929678,1.20553339,0.758723736
general_aleatoire,-0.683523417,-1.79769778,0.285754442,-0.026799202,-1.01799297,-0.816029549,0.606315613,-0.695259809,1.32904696,2.23923635,1.63931882,0.631928742
general_aleatoire,1.84366965,-0.162726164,-1.26922083,0.718029261,-0.755019188,0.607541561,0.0395700932,-1.84533787,1.45210767,2.67414522,2.1804626,0.31816718
general_aleatoire,-1.26633501,-0.333319902,1.57411981,0.975461006,1.7555685,1.42549634,1.12175846,-0.759934664,1.68499255,2.83637404,2.10197949,-1.571576
general_aleatoire,-0.428999424,-0.775405407,-0.573775291,-1.00915623,1.33142304,-0.462799311,-1.82261276,-1.77863216,-0.766315699,2.83967686,1.73541903,-0.342087865
general_aleatoire,1.23948646,0.717634201,1.93670177,0.261773825,1.29611707,-0.254842758,0.219901323,0.1597929,-0.818872213,2.4833498,1.40607715,-0.46464172
general_aleatoire,-1.20966172,-1.20920849,-0.277133703,-0.543748617,0.00681185722,0.667877913,1.60475636,-0.211753845,-0.956659555,2.28121281,1.41585386,-0.265977681
general_aleatoire,1.73623919,1.47131395,1.41688132,0.57696557,-1.5903976,-1.9186368,-1.47389913,0.898525238,0.704956532,3.41396904,2.34261489,0.252835244
general_aleatoire,-1.85779262,-1.07692647,1.98952436,1.16411948,1.4905467,0.365432501,-0.810625076,-1.08067799,-0.970355272,3.24834323,2.11548114,0.139247283
general_aleatoire,-0.0852530003,-0.474235773,-0.37569499,-0.575332165,1.4926374,-0.510648727,-1.87135029,-0.726893902,1.58337545,2.59017181,1.65637994,-0.527133107
general_aleatoire,0.484533548,0.608330727,-1.34294558,0.950152636,1.38392496,-1.98957038,1.24960971,0.512957573,-0.0940673351,3.13140345,1.08487225,0.188767582
general_aleatoire,0.35394454,1.41091967,0.148822069,-1.01141977,1.14346743,-1.92973828,0.223484278,0.476831675,1.4283886,2.70126534,1.72809529,0.476400495
general_aleatoire,-0.168362379,-1.06947422,0.268658161,1.22393012,1.59735751,-1.28274894,1.87970209,1.25247097,0.537812471,3.15917683,1.43229675,0.546472669
general_aleatoire,1.76185393,1.0562222,-0.657223463,-1.66476631,0.119545221,-1.35713768,0.63331604,0.932819128,-1.68211341,2.77599788,2.37790561,-0.139228374
general_aleatoire,-0.274538279,-0.0236773491,-0.216139078,-0.557660103,-0.765569448,1.48982239,0.429425478,1.50671792,-1.25934005,2.62402129,0.533588052,0.331117928
general_aleatoire,0.80311799,0.507664919,0.622897863,-1.3048048,0.934753656,-1.7446959,-0.536052465,-0.678569317,-0.381923199,2.52505064,1.19424355,-0.0504337922
general_aleatoire,-1.07543874,0.214818716,1.55596638,1.75211239,-1.78018641,0.895999432,-1.29354525,0.203956842,0.19487834,2.90852046,1.92688012,-0.49598375
general_aleatoire,1.08165193,-0.0757312775,-0.516438961,-1.81659198,0.921866655,-1.97099042,-0.357295036,1.9522717,-0.88135457,3.31069922,1.4768647,1.02519035
general_aleatoire,0.635338783,0.438896179,-0.538375616,0.747510195,-0.118271112,-0.162825823,-0.933799744,0.262002707,-0.620505095,1.36085129,0.951949239,0.230077177
general_aleatoire,0.776264191,0.596177816,1.07084012,1.53124714,1.58228588,-1.26347995,-0.581823349,1.3614459,1.80590892,2.68217206,2.47072744,0.839202046
general_aleatoire,-1.51377368,0.549119234,-1.14003134,1.15080738,-1.85129905,0.79907608,-1.43675256,-1.17771316,1.66921258,3.0539782,2.33468938,0.861906111
general_aleatoire,-1.71424651,-0.162245035,0.905145645,-1.68933678,0.044210434,1.83890724,0.808853388,1.51596904,-0.0926289558,3.22279572,1.54870009,0.444688767
general_aleatoire,1.01872993,-0.751062155,1.73389101,-0.85992837,-1.11948252,0.922128439,1.3454771,-0.892879725,0.759964705,2.79666996,1.58018339,0.563975334
general_aleatoire,0.858707428,1.47903681,-0.464159727,1.18764615,1.08359361,-0.614019871,-1.42876053,1.09759402,-1.18008041,2.52329946,2.0708065,0.292317748
general_aleatoire,-0.950174809,0.743646383,-0.685631514,0.240924358,-1.56837726,-1.18448687,1.74030638,1.61130786,-0.835986614,2.60482621,1.90405655,-1.32668555
general_aleatoire,-0.896223545,0.0824897289,-0.315714598,-0.434668779,-1.19084835,1.83971238,-0.447889566,-0.659803391,-0.0334131718,2.27777362,1.06768537,-0.458424091
general_aleatoire,1.11418319,-0.819011927,1.42166448,1.07637453,-0.257574081,-0.424268246,-0.487312794,0.918039799,0.990983248,2.04892826,1.68506038,0.602517545
general_aleatoire,-1.17171144,1.65158391,-0.491858244,1.01972675,-1.967767,-1.09149456,1.03455019,1.55323076,0.503546476,3.21403503,1.7063607,-0.969826877
general_aleatoire,-0.449673414,1.27129316,0.304917574,-0.177556992,1.32574224,1.19896245,-1.2464211,0.590330124,1.13804054,2.64527154,1.0019902,-0.577704549
general_aleatoire,-1.9855485,0.384651184,-0.985223055,1.5733664,-0.0244348049,-1.31211853,0.474749327,-0.317271233,-1.73763657,2.70925808,2.27039456,0.330780119
general_aleatoire,1.33137226,0.820319653,-1.92307329,0.174144268,-1.55119467,0.103116989,1.96226072,-0.831817865,-0.878423452,3.0616293,2.06121993,-0.531664193
general_aleatoire,0.37929225,1.90217257,-1.89002848,-1.26987386,-1.74119878,-0.555622339,0.935480118,1.01147771,-0.712434769,3.36672139,1.77712977,-0.44740501
general_aleatoire,0.631113529,-0.612131834,0.324489594,-1.16645932,0.119596481,-0.217517376,1.37376165,-1.79202628,-1.06020594,2.68610334,1.05720878,0.436259657
general_aleatoire,-0.798547268,-0.230116367,0.108495474,-1.37819099,-0.137472391,0.383766174,1.99867845,-0.997822523,-0.444941521,2.70568323,0.791130424,-0.0985798687
general_aleatoire,-0.664631844,-0.452003956,-0.114997149,0.0143270493,-1.89291787,-1.23878765,-1.6322484,1.50521755,0.743716717,3.02046227,1.44859028,-0.19654201
general_aleatoire,0.289071083,-0.284120083,-1.23156953,1.4591608,1.17376614,0.778687954,-1.86267138,-1.96759629,1.93025661,3.58486485,1.9510572,0.450858593
general_aleatoire,0.466849089,1.46059728,-1.62510061,0.318557739,1.12373257,-1.55481744,1.9660306,-1.1389091,0.12479496,3.02538204,2.18427682,-0.167088091
general_aleatoire,-0.882259369,0.731117964,-1.03587317,-1.05074358,-0.00992012024,-0.249609232,1.7782414,1.42438126,-0.223309755,2.46545887,1.63797987,0.178382367
general_aleatoire,-1.33030844,0.646258116,-0.937857628,0.754332781,-0.218265533,1.48632288,0.848995447,-1.86471486,-0.496464252,2.5847559,1.88262177,-0.33461085
general_aleatoire,-0.382679939,1.71092892,1.13894033,-1.62217188,1.25946784,-0.516783237,1.70933032,0.835816383,0.811177254,2.59929681,2.45365191,-0.597769618
general_aleatoire,-1.09605312,-1.01938438,0.625652313,0.022662878,-1.34313226,-1.87061906,-1.77607894,0.587713242,-1.51593733,2.75801158,1.88369465,-1.60581684
general_aleatoire,0.217180729,1.71993899,0.667345047,0.207003355,1.72056198,1.18538308,0.749106407,-0.669382095,-0.718200445,2.92339778,0.868417323,0.289249361
general_aleatoire,0.370634556,-1.20505357,-0.0201916695,1.41854477,1.78295183,-1.22267151,0.99029851,-1.35356188,0.922170401,2.93026638,1.72487414,0.61450094
general_aleatoire,-1.1735518,-1.81458712,0.0353631973,0.198678493,-1.50325036,-0.132034302,1.75247312,1.71136904,1.86501479,3.70643735,1.45420837,0.783387661
general_aleatoire,-0.970632076,1.89520741,-0.920666218,-1.84350085,-0.354615211,1.78479004,-1.02652121,1.98965955,-1.48326445,3.58355451,2.53241372,-0.22105965
general_aleatoire,1.76971626,1.42965937,0.683755398,0.233105898,0.804920435,1.44545078,-1.51098847,1.32453895,1.49718809,2.95809269,2.38058829,-0.544476748
general_aleatoire,-0.871830702,-1.76144171,0.190949678,-0.729077816,-1.66712928,1.96460652,1.6610074,-0.310688496,-0.382949352,3.19813657,1.60678697,-1.12341559
general_aleatoire,-1.47537518,-0.425295353,1.87717843,-0.788978577,1.93655849,-0.157345057,-1.25182939,-0.992962599,1.45921516,3.22771001,2.12002611,0.220561445
general_aleatoire,-0.50059104,-0.438306808,1.19978809,-0.474526167,1.33702183,-0.94920969,-0.783270121,-1.82115912,-0.123942375,2.48099113,1.34506202,0.881466389
general_aleatoire,-0.927964211,1.49527907,-1.78489256,-1.78930688,1.69748807,1.55657983,0.646882534,-1.12326264,1.54649043,3.34633303,2.76815581,-0.00463242177
general_aleatoire,0.714156866,0.86916256,0.330206633,-1.47485256,0.211762905,1.762326,1.43744087,1.59957218,-1.59371161,3.34728098,1.52329326,-0.583437085
general_aleatoire,-0.607695818,-0.611887932,-1.55386686,0.153010845,0.816618919,1.24515533,0.913444996,-1.13422775,1.58731604,2.74642324,1.57004559,-0.177303508
general_aleatoire,1.21171927,-1.78937697,-0.401446104,-1.43318486,-1.24434471,0.392995119,1.03594565,0.476526022,-1.63640451,2.59870124,2.21646142,0.948831677
general_aleatoire,-1.86556149,0.0590693951,-0.412271976,-1.74449706,0.336646795,-0.574328661,0.951645136,0.404307127,-0.735397339,2.76134253,1.05413437,0.117992625
general_aleatoire,0.224462032,-0.0643861294,-0.381378412,1.25621939,-0.283808231,1.81558013,-1.09292197,-1.07874131,-0.176469803,2.36223722,1.35004556,0.376109838
general_aleatoire,-0.987831354,1.81301928,1.75927258,1.4018116,-0.41635561,-1.41906857,0.873393297,-1.88087702,0.449060678,3.51500344,1.76504624,-0.735937834
general_aleatoire,1.73409724,-0.857649326,0.10699892,0.614248753,0.151351213,0.622263432,1.12287188,0.369772673,-0.741244316,2.21243882,1.07370472,-0.663938105
general_aleatoire,-1.60135674,-0.0723698139,1.98068714,1.87465143,-0.398334265,0.68859458,0.553003788,-1.38502002,1.54304671,2.83149552,2.59870529,-0.688698411
general_aleatoire,-1.46709323,-0.306846142,-1.1829412,1.09570003,1.06684661,1.88729763,-0.818492174,-0.56426096,-1.91444468,3.67762089,0.741951764,0.352862209
general_aleatoire,-0.378921747,1.7766974,1.6223042,-1.32114649,-1.36142874,-1.96176744,-1.88562083,-1.05147362,1.63555598,3.44836807,2.77588749,1.05781269
general_aleatoire,-1.05988503,1.28636622,-0.311979055,1.89033198,1.68155932,-1.76704907,1.51673961,-1.37529087,-0.172421932,3.10907435,2.63102198,0.178656816
general_aleatoire,-1.5787499,-0.35640049,0.733664513,0.220036268,0.424040079,-1.02618408,-0.562659264,-1.79126024,-1.77030611,2.61086655,1.94143403,0.715826869
general_aleatoire,1.7568965,0.558647871,-1.25320411,0.280481815,-1.20639729,-1.54838729,-0.11015892,1.63563871,-0.0335466862,2.53039622,2.14045262,0.777812541
general_aleatoire,-1.20420122,-1.92626333,0.974036455,-1.40818119,1.54030323,-0.487380743,0.317899942,0.734922647,-1.01260448,2.92417812,1.8754909,0.548308134
general_aleatoire,-1.08632636,-0.763005972,-0.30794239,1.54298997,0.229380131,-0.80697155,1.55436993,0.984761715,-0.69571805,2.81386185,0.869072497,-0.372138411
general_aleatoire,1.9606607,-1.46576715,1.99926686,-0.0429112911,0.133918762,0.986886263,1.30622315,-1.56056118,1.96099925,4.25950098,0.831404209,0.368728966
general_aleatoire,-0.301266193,-0.501308441,-1.92885947,-0.990361691,-1.86576343,-1.54306674,-0.0681867599,-1.43640161,-0.807210922,3.4819324,1.12009609,-0.496522844
general_aleatoire,1.41422534,1.38042903,0.354892254,0.40861702,1.49483657,-0.184268236,1.15782022,-0.368258715,0.694978476,2.48408246,1.50182891,0.00511792675
general_aleatoire,-0.0110182762,0.437248707,-1.83824468,-1.80664444,1.57117319,1.48910069,1.99321246,-0.328631878,-1.27405167,3.71465874,1.66773593,0.802801549
general_aleatoire,0.239147425,-1.51846814,-1.91218615,-1.42569017,1.74429393,0.644108057,1.61096168,0.645763159,0.173111916,3.15984631,1.96999812,0.828296959
general_aleatoire,1.39169645,0.309246302,1.00730538,0.820068836,-0.201241493,-0.941220522,0.451421261,-1.11233759,0.753138542,1.92198658,1.29767323,-1.12974751
general_aleatoire,0.696091652,0.0509457588,-1.58231044,-0.0973961353,-0.18375206,0.580389738,-0.0289583206,0.229897976,-0.47465229,1.87787485,0.351220101,0.012843838
general_aleatoire,0.575769186,-1.25892735,0.451418877,-0.578735113,0.876786232,-0.649771214,0.571213961,-0.00293731689,0.078969717,1.91386378,0.51408428,0.226828888
general_aleatoire,0.698723316,0.727187157,1.8729403,-0.202072144,-1.423347,-1.03331518,1.49206829,-1.99432731,-0.863288164,3.28724408,1.89334345,0.46643734
general_aleatoire,0.239856482,0.365490913,0.362620831,0.186947584,1.88819575,0.227793455,-0.554086685,0.893434286,-0.423467159,2.12265134,0.862404823,0.0995042771
general_aleatoire,-0.473246813,-1.19280171,-0.723600149,-1.71786284,1.41133809,1.09121776,-1.11961985,-1.00127578,-1.27901602,2.77938557,2.08534884,0.349768758
general_aleatoire,0.435619354,-1.93757033,0.751091957,-1.15768909,-0.115053415,0.0741255283,1.50540829,0.15403533,-0.224820852,2.14469147,1.89810109,0.0713687837
general_aleatoire,-0.982318163,-0.860365629,-1.71090341,1.58406186,0.97856307,1.44625711,1.03190136,-1.34384036,1.99134541,3.63908482,1.89689672,0.431155771
general_aleatoire,-1.89615607,1.60011816,-1.6400578,1.70424819,-0.853810549,1.19281507,1.88903904,0.462011337,0.234064579,3.93363357,1.5030514,0.0768801793
general_aleatoire,-1.48581624,-0.506953239,0.489253044,1.55486417,-1.77617669,-0.1874547,1.54119635,-0.73904562,-0.0727148056,3.01599193,1.4496882,0.201309949
general_aleatoire,1.76487803,0.789891243,1.39807057,-1.7910254,1.37467337,0.136993647,0.0491387844,-0.794946432,1.15775347,2.77399874,1.87132013,1.25993276
general_aleatoire,-0.860126972,-1.28258657,-0.441376448,0.292891741,-1.99744225,1.93538356,-0.133356571,-0.836166382,-0.0537333488,2.93362069,1.57239652,-0.205460444
general_aleatoire,1.17740917,1.45252347,-0.0380864143,-0.20589757,-1.8407774,-0.545774937,1.05207753,1.97898817,-1.32572365,3.43883991,1.34079599,0.619469821
general_aleatoire,0.28485322,0.525894165,-0.109547377,-1.65734339,-0.0162568092,1.78746939,1.23672509,-0.83310461,-0.637294531,2.81253767,0.961835861,0.325583696
general_aleatoire,-1.09414124,-0.443358183,-1.48345447,1.02349329,1.78400874,-1.70806527,0.847614765,1.46067643,0.966643333,2.84509015,2.48754644,-0.496047288
general_aleatoire,-0.279189348,-0.00238180161,0.325171709,-0.101089001,1.0299046,-1.55991507,-0.935792446,0.239364147,1.56125665,2.38206267,1.17309344,-0.0900005177
general_aleatoire,-1.01233411,1.91689968,1.90858126,-0.0229027271,1.18632364,1.74774933,-0.348031759,-1.99548554,-1.3946352,4.19542885,0.981652737,-0.536054194
general_aleatoire,1.57695127,1.14132667,-0.755818844,-1.51178503,-0.754018307,-1.24266505,-1.08764458,-1.15391803,-0.731944561,3.07243204,1.48743856,-0.396038473
general_aleatoire,0.227562428,-1.1460619,1.1482265,1.62347627,-0.742740631,1.59609485,-1.66132092,-1.59115481,-0.14184618,2.81749249,2.40209174,-0.148645535
general_aleatoire,-1.42856646,0.992440939,1.44807434,-1.11334467,-0.404248953,-1.12030196,-1.32291341,1.788908,0.0426774025,2.96156216,1.74035072,-0.965987563
general_aleatoire,1.81661487,-0.333328009,1.9618628,-1.12335396,1.23063827,0.883008718,-1.24726343,0.525157213,-1.1520741,3.24554086,1.85071731,-0.127448201
general_aleatoire,-1.60135365,-0.639099121,1.70154667,-0.727469921,0.233879805,1.82611084,-0.999182224,1.15629578,-1.17483282,3.09352112,1.81356966,0.802087069
general_aleatoire,0.896034956,-1.45620823,-1.25614715,-0.301450491,1.63810205,-1.45783615,1.31148148,-0.336734533,-1.34543276,2.73064995,2.29579926,0.563278437
general_aleatoire,-1.40491843,1.48468113,0.627229929,-0.911010027,1.14096808,-1.67652106,0.198090792,0.627289057,0.72022748,2.58833528,1.86091197,-0.550406218
general_aleatoire,0.615218401,1.75351477,-1.62027216,0.553486109,-0.724592924,-0.543367386,1.97125769,-0.202079535,0.713706493,2.47776079,2.14029384,-0.95975697
general_aleatoire,1.44210076,0.920300484,-1.47711873,-1.14833093,-0.697052002,-1.68487191,0.309120178,-0.892393351,0.705558062,2.4098742,2.14339018,-0.860199809
general_aleatoire,-1.00440669,1.05399609,-1.06182361,-0.727172852,-1.22898293,-1.41656351,0.299022675,1.81935668,-0.687586308,2.46856427,2.16004729,-0.63692683
general_aleatoire,-1.6944313,1.28137994,-1.61677861,-1.26421046,-0.0202300549,-0.14149189,1.27708411,-1.94536877,1.09801626,3.73987961,1.06615984,-0.493263572
general_aleatoire,-0.0732707977,1.75079703,-1.77664733,-1.43358994,1.91089392,-0.497091055,1.1623683,-0.871431589,-0.0395541191,3.41563296,1.61630642,0.118298061
general_aleatoire,1.44348049,-1.65365076,-0.0465817451,0.369781733,-1.8926084,1.03505492,0.831857443,-1.23713112,-0.445207834,3.21259308,1.26718402,0.323405296
general_aleatoire,0.272833347,0.124586821,1.25684357,1.57514954,1.07299089,-0.973048925,1.21196795,-1.03894138,1.51729369,2.52256155,2.03425026,-0.773175001
general_aleatoire,-0.947230101,1.75072837,-0.647568226,-0.377915382,-1.5705843,0.275076389,0.788878441,1.16263795,-1.17040515,2.8686986,1.34555209,-0.608953178
general_aleatoire,0.788559198,1.70458293,1.9820807,-1.13725495,-1.94528961,-0.977432013,-0.579467297,-0.811919212,-0.875888348,3.82995701,0.749164641,-0.145956799
general_aleatoire,1.07415223,-0.950736761,-0.289574146,-1.10988092,1.27733827,0.836495161,1.13941479,-1.66096234,1.71796155,3.05983496,1.82131577,0.182708189
general_aleatoire,0.966435194,1.02641654,0.773703337,-1.79235554,-0.996783495,1.34912491,-0.988665104,1.75229025,0.515442133,2.59826684,2.22529459,-1.10595298
general_aleatoire,1.97475672,1.04868436,-1.49892974,1.50594234,0.453093052,1.40855813,-1.20216537,1.85953188,-0.949961662,2.79224563,2.74477243,-1.47596061
general_aleatoire,0.325539351,0.982337236,1.6346221,1.91067076,1.2340529,0.379421949,1.57867026,1.40233779,-1.9534936,3.32919049,2.43836069,0.553387702
general_aleatoire,-1.9644649,1.86361194,-1.85347366,-0.105879545,0.386897326,1.19273186,-0.444067717,-1.49118376,1.55903125,3.70172477,1.55857038,-1.03466964
general_aleatoire,-0.416235685,-0.792072535,-0.914157391,-0.271795988,-0.833364964,0.111636639,-1.50697756,-0.907844782,1.22305512,2.24627447,1.34592235,0.388482749
general_aleatoire,1.63397932,-1.96303082,-0.14186573,-0.749978304,-0.303377628,-1.30235791,1.39901209,0.356155634,-0.752086401,2.68777132,1.51786101,1.41980445
general_aleatoire,-0.982990503,1.26986122,-0.964006186,-1.5109086,-0.0466475487,-1.26884604,0.61075592,1.80336666,-1.51478124,3.02148604,1.95441782,-0.611314356
general_aleatoire,1.36978984,-1.29795432,-0.448404551,-1.01130104,0.553825617,1.89499283,1.77188063,-0.411390066,-1.15256453,3.4083004,1.15382099,-0.609853446
general_aleatoire,0.395960331,-1.76395822,-1.03382897,0.149872065,-0.038161993,-1.42961264,-1.7035234,-1.25072384,-1.86103153,3.31513286,1.49877441,-1.04792941
general_aleatoire,1.56615663,-0.125066042,-1.97038627,-0.405363083,1.2672801,-1.45247889,0.067802906,0.75040555,0.237177372,2.74347925,1.71322906,0.626936793
general_aleatoire,1.97161388,0.6870718,-0.417412758,-0.274220228,0.49823451,-1.5375526,1.85190368,-1.58871913,1.32613969,3.14216232,2.11960864,-0.753234744
general_aleatoire,1.01744866,-0.145791292,-1.11585951,0.949957848,-1.88759327,-1.4874599,1.91845536,0.048415184,1.92156601,2.98560691,2.56940079,-0.916038275
general_aleatoire,-0.883759022,-0.487434864,-1.35534525,-1.89790463,-0.294876575,0.909058571,-1.4759419,1.32404804,0.795940399,2.77083063,1.77353001,1.05502701
general_aleatoire,-1.4999454,-0.175040007,-1.45816565,0.124578476,1.28889585,-1.41449642,1.68762946,-1.44091344,1.16301918,3.34255457,1.5341996,0.913670003
general_aleatoire,0.333661556,-1.19702029,1.94003892,-0.353915215,-1.61499786,0.403369665,-0.857074499,-1.35882616,1.47783637,3.34611368,1.15083086,-0.669490397
general_aleatoire,-1.15759015,-1.71091199,-0.868455887,1.50354266,0.0380530357,0.0971438885,0.0432193279,-0.366933107,1.25717807,2.4597075,1.29137957,1.13673151
general_aleatoire,-0.761277914,1.01204062,-0.811531544,1.65494251,-0.776789904,1.33160686,1.53921223,-0.984489918,0.895180702,3.34528279,0.502174497,0.2727907
general_aleatoire,-0.674813032,0.678891897,0.00169277191,1.1949966,-1.94291568,-0.971541405,1.61560798,0.472171068,-1.82262325,3.07197142,1.90510368,-0.389565736
general_aleatoire,-0.159735203,-0.710235119,1.12976646,0.276699066,-0.762975693,0.0713653564,0.572714329,0.617839336,1.5288496,1.94428313,1.22624195,0.4830226
general_aleatoire,0.110080481,-0.391398191,-1.08399439,-1.73351169,-1.19568729,0.0642032623,1.62898827,-0.616110086,-0.944133282,2.54540205,1.69663465,-0.588343024
general_aleatoire,0.688901424,-0.876091242,1.80413151,-0.348188639,-0.0575668812,-1.44224691,-0.135239124,0.0290913582,0.618339062,2.57666969,0.639177918,-0.235246703
general_aleatoire,0.660126925,-1.58601022,1.14400196,-0.985975266,0.845816851,1.67591715,-1.40945625,0.679770231,-0.175731421,2.52767277,2.08178353,0.716081202
general_aleatoire,-1.94622397,-1.8456552,-1.18149829,-1.92880821,0.731348991,-0.23947835,1.05759668,-0.988158226,1.35943818,3.34825468,2.15484357,-0.995776832
general_aleatoire,0.733443022,-0.831292868,0.89696312,1.72411418,1.58161473,0.211787462,1.04272985,0.786155939,-1.80702353,2.83908129,1.86477911,-0.992640972
general_aleatoire,0.386955261,-0.513508081,-1.50903988,-0.907906771,1.85245848,-0.455470324,-1.50849771,-1.35969758,-0.980472326,2.51469874,2.01120687,-1.36783826
general_aleatoire,-1.60918379,1.25451136,0.0839381218,0.474387646,0.88152504,1.35259652,0.807643414,0.0629446507,-0.196222782,2.15566802,1.66939151,0.512781858
general_aleatoire,-0.492027283,0.0891158581,1.68738198,0.0653147697,-1.85499096,0.766281366,1.42452073,-1.8082993,-1.07672906,2.95307851,2.16553521,0.421984494
general_aleatoire,0.839584351,1.39494514,0.328803539,-1.4432137,-1.20756531,0.320875645,-1.80376482,1.55243158,-1.56588888,2.85079408,2.45432472,-0.60647136
general_aleatoire,-0.105841637,0.0987651348,0.986266613,1.03363395,1.21868634,-0.661370993,0.945976734,-0.483504534,1.70131874,2.25325751,1.61667848,-0.563028932
general_aleatoire,1.73658562,-0.212663174,-1.14794779,-1.30749846,-1.58500242,-1.80875587,-0.626359701,-1.01416063,0.983688354,2.7529552,2.36525273,-1.04279947
general_aleatoire,-1.42721009,0.504308939,0.231794834,-0.336818457,-1.26021886,1.85900998,-1.84426522,0.939985752,-1.85604072,3.3365891,1.95206761,-0.53747642
general_aleatoire,-1.75255442,1.32627797,0.978525639,0.365799665,-1.90384579,-0.567658901,0.601293087,1.57691216,-1.15806866,3.01605296,2.15597129,-0.55963248
general_aleatoire,-1.71921372,0.785768747,1.92128825,-0.760881901,0.465167046,1.49202514,-1.26614308,-0.652344704,0.716276169,3.39332294,1.09835398,-0.326556146
general_aleatoire,0.478783369,1.05352497,-0.856289864,-0.282629013,1.66888595,1.44653034,1.12398386,-1.39707041,-1.02678871,2.96268725,1.44462466,0.659449637
general_aleatoire,-0.884649754,1.79518676,-1.62603068,-0.571369648,-1.15648866,0.607459784,-1.04508495,0.971412897,1.6705327,2.79404831,2.20285511,0.921661973
general_aleatoire,-1.90839148,-1.68756127,1.83586931,-0.290339708,-0.622234821,0.129594564,-1.24088454,1.5947721,1.40283108,3.33410835,2.29709172,-0.0813840851
general_aleatoire,1.99078465,0.811597109,1.01355243,-1.65302706,1.88316393,-1.53182173,1.14840436,0.860767365,1.85281038,3.76394582,2.2122798,0.840044618
general_aleatoire,-1.70086718,0.829082727,1.66870165,-1.68094635,0.966160536,-0.392319441,-0.658031225,0.586389065,-0.548244953,2.95623755,1.6120739,-0.130998537
general_aleatoire,-0.597126007,0.0259842873,-0.906464338,-0.556122541,0.309597015,1.13387418,1.73400736,1.89894772,-1.86007261,3.29097748,1.23871684,0.759872973
general_aleatoire,0.33808589,1.0769248,-0.21585083,0.890908957,-1.10890365,1.8558135,0.61373353,1.72284484,0.742307425,2.45288014,2.14573073,-0.251380146
general_aleatoire,1.04893017,0.740762234,0.0816349983,-1.89206004,-1.18292999,1.59648824,0.180942774,-0.647573948,1.0614078,3.02599287,1.1877867,0.441412508
general_aleatoire,0.976662874,1.58267665,1.03922749,1.15884781,0.60221982,-1.21893239,-0.420534134,0.39874506,0.433536768,2.22352409,1.77996576,0.376278579
general_aleatoire,-0.671306372,-1.83920527,-1.96317744,1.0475831,-1.19911647,-1.60164547,-1.54711747,-0.412996531,1.37087631,3.49600983,2.17124963,0.543143272
general_aleatoire,-1.58552504,-0.965975046,1.3482976,-0.8612082,0.201209545,1.83974624,0.76382041,-0.483653307,0.73032856,2.90753984,1.2186234,-0.918491125
general_aleatoire,-1.96165752,1.3664248,-0.86461544,-1.46972251,-1.52280188,0.638912439,-1.58876586,0.300536156,-1.69005084,3.32628822,2.20194912,-0.952886701
general_aleatoire,-1.87641168,0.373037815,-1.19430852,-1.24260926,-0.929713964,-0.555028915,-1.70977473,1.44807076,-0.581120968,3.25045323,1.58024442,0.313488245
general_aleatoire,-0.302647591,-1.89119005,1.66276526,0.212733746,-0.00824785233,-1.15399623,-0.404653549,-0.8519876,1.00155568,2.99314213,0.840459287,-0.193607047
general_aleatoire,1.64188647,-1.70729971,0.0112671852,-1.64208651,-0.923944473,0.607894659,0.393846989,-0.0522372723,-1.19331431,2.54735088,1.91007292,0.987378955
general_aleatoire,1.16166091,-1.70241737,1.66508317,-1.91637468,-0.446532726,1.8061161,0.385639906,0.898443222,0.00278639793,2.98774242,2.35259414,-0.805446684
general_aleatoire,1.19979239,1.92644238,1.92367077,1.32433748,1.72651458,1.64695072,0.947652578,-0.98263979,0.775948048,4.0436635,1.54377091,-0.172154993
general_aleatoire,1.09010553,-0.65260005,-0.938107252,-1.58393121,-1.16503,0.294890165,1.77706456,0.30501318,-1.92278242,3.32212734,1.44482887,0.520939529
general_aleatoire,1.80894899,1.86155462,-0.229716778,-1.40295243,0.763230324,1.27775216,0.299882412,-0.896309853,-1.29295921,2.72956061,2.4359777,-0.3930085
general_aleatoire,-0.597190857,0.368257046,-1.13296938,0.160466671,0.342056036,-0.0243761539,-0.607617855,0.0536916256,0.629572153,1.37062764,0.824447691,-0.359617651
general_aleatoire,-1.34404826,-1.93741083,-0.146089077,-1.74250054,0.422612906,-1.60135555,-0.0422034264,-0.324025393,-0.0452554226,2.73350072,1.9956907,0.120959818
general_aleatoire,1.2591846,-1.68992925,1.55271149,-1.23690343,-1.0207572,-0.716109276,0.297478676,-0.322612047,1.07345986,2.85488963,1.69478154,-0.509132624
general_aleatoire,0.375749588,-0.844682455,1.45338035,-0.363969088,-1.36334109,0.0958967209,-1.93964791,-1.46050072,-0.203051567,2.72175169,1.78565681,-0.554421425
general_aleatoire,-1.89607096,-0.271588564,-1.38877678,0.207604647,0.507414341,1.33288693,-1.70552707,1.20944214,-1.24121475,3.34198594,1.38863957,0.699785829
general_aleatoire,-1.59982705,-0.648584604,1.73598146,-1.68851995,-1.55834246,-1.23320293,0.538281918,1.64507914,0.689625025,3.22926545,2.31293273,-0.698471963
general_aleatoire,-1.92280364,0.71950984,0.61372757,-0.938595533,-0.462364435,-0.678619862,0.690594912,0.194707394,0.354766846,2.29167557,1.23912549,0.016732417
general_aleatoire,-1.20165014,-1.10600519,-1.91875815,1.38883781,0.248577595,-0.0322384834,-0.138885736,1.29014397,0.626924753,2.82718515,1.3854003,-0.710653543
general_aleatoire,-0.37594986,-1.41319776,1.93874216,1.36369944,1.08195734,-1.41511416,1.86380076,1.56537437,0.0573058128,3.66926265,1.77510512,0.492940307
general_aleatoire,-0.201915503,-0.105235577,0.199220896,1.02181506,1.58632517,1.52116489,-0.800348043,1.85658312,-1.2726922,2.45106125,2.36416364,0.276119411
general_aleatoire,-0.701792479,-0.21699357,1.19481826,-1.02253127,-1.15741777,0.11137557,0.18229723,-0.898968697,-1.28060746,1.93490016,1.75466347,0.15306811
general_aleatoire,1.45795798,-0.61041069,0.429298162,1.72543335,-1.9990375,-1.41563725,1.22189474,0.529603481,-0.67915082,3.29878187,1.35226226,1.08812547
general_aleatoire,0.371816874,-0.719168186,-1.51704669,-0.46774888,-0.696084023,0.521049976,0.251925945,-0.231757164,-1.25128579,2.17154455,0.939217925,0.129824519
general_aleatoire,0.514542103,1.20249462,-1.41287732,1.88862586,1.88065767,-1.1409626,0.918425083,-1.25235224,-0.999171734,3.38997293,1.83307016,0.818974793
general_aleatoire,-0.180259943,0.896679401,0.991060972,0.300101757,-0.873597622,-1.5632441,-1.92048049,-1.28721452,0.164882421,2.42147756,2.14196348,0.191015095
general_aleatoire,-1.83476758,1.82640219,1.23695207,-0.434892654,0.206818819,-0.319461823,-0.733005524,1.87560678,-1.49462056,3.24237704,2.05963159,-0.316427708
general_aleatoire,0.778430223,-0.0638165474,0.876687527,0.10104537,0.250808001,0.807793856,1.89843678,1.87974882,0.755465746,2.92621326,1.01758695,-0.462917268
general_aleatoire,-0.260217905,1.58013082,-0.375863314,0.797515392,-0.520280123,0.940463066,1.30769563,-0.838356495,-1.3747313,2.26414466,1.72215712,0.841196656
general_aleatoire,-0.786085367,-0.624748468,1.13193846,0.899883032,-0.813174963,-1.93722034,0.251080275,-0.842477322,-1.00259089,2.81595731,1.16456115,-0.0746397451
general_aleatoire,0.565788507,1.26793337,-1.25619173,-1.5579946,-0.789157867,1.31778646,-0.0558197498,0.410919189,-0.311905861,2.80883598,0.819823325,-0.00736574177
general_aleatoire,-1.25236201,-1.57589126,0.168141365,1.75294113,-0.870004654,-1.82282925,-0.706130743,0.998970985,-0.593888044,2.76046443,2.0422101,-1.1362282
general_aleatoire,-1.71430898,-1.74672318,-0.130816936,1.9438467,-1.29835486,-1.87386155,-1.43560886,0.649987459,-1.49640822,3.08360577,2.54853129,-1.92397761
general_aleatoire,-0.515089512,-0.188853502,0.584041119,0.0619394779,-0.5750072,-1.46646214,0.695002556,1.91758275,0.916941881,2.54302835,1.27200294,-0.207407489
general_aleatoire,-0.968936682,0.762210369,-0.164634705,-1.54415226,-1.13492179,0.627572775,-0.0243096352,-0.880049944,1.02406621,2.22846794,1.50059128,0.468141258
general_aleatoire,-1.88479471,0.0844080448,-0.3406775,-0.857404709,-0.265827656,-1.0064137,-0.131303549,1.03573751,0.819296598,2.22938585,1.46898222,-0.35704729
general_aleatoire,-1.5270474,-0.764624834,-0.520134211,-0.738878012,-1.39406919,-1.75779104,-0.968096733,0.747284651,-1.38926721,2.99863172,1.47097719,-1.0180397
general_aleatoire,0.271304131,1.54708982,-0.60229969,0.927616596,0.82075572,0.243708849,0.14943099,-1.10229921,-0.123020411,2.15486574,0.877769291,0.511826217
general_aleatoire,0.0409071445,0.0452980995,0.083332777,0.545392275,0.361614704,0.640010357,-1.75965953,-0.844168901,1.89160776,2.71807814,0.92064184,-0.0131891118
general_aleatoire,-1.43702674,-0.138244152,-1.37346339,1.70612693,0.557563543,-1.96076775,1.49149299,-1.00976658,-0.362015009,2.92517304,2.15233898,1.10587096
general_aleatoire,-1.58401775,-1.32191944,1.07846451,1.02640986,-0.719499826,1.32995772,1.36196995,1.52232957,1.32954144,2.94153523,2.22312093,1.05113614
general_aleatoire,0.427325487,0.671179056,1.44291401,0.663127184,-1.93834019,0.800638676,-1.57105684,0.695055246,-1.62969589,3.0895865,1.83927119,-0.481433958
general_aleatoire,-0.45236659,0.850418568,0.731310368,-1.72167301,1.58962774,-0.0145425797,-0.669706106,-0.109172583,1.77955604,2.65759611,1.81688595,0.466154903
general_aleatoire,-0.757185936,-1.9456737,1.48162055,-0.603669882,-1.31826735,-1.47160649,-0.590148926,-1.49352074,1.09668589,3.24474764,2.01871991,-0.00546205137
general_aleatoire,1.2617178,-1.87831092,1.67347312,0.691801548,1.11103296,1.26559067,1.90646267,1.72907114,-1.13468432,3.27370167,2.51953363,-1.44285202
general_aleatoire,1.50518656,-1.43680048,-0.722463608,0.0828149319,0.345456362,1.31615043,-1.69082618,-1.84064364,-0.968520164,2.88184142,2.16638041,0.947134972
general_aleatoire,1.98226261,-1.62311053,0.408983707,-0.739250898,1.91576719,1.50074863,-0.539673567,-0.611332655,-0.167904854,3.25589037,1.7152884,0.591738224
general_aleatoire,0.247592211,1.00944567,-0.266476631,1.17080164,-0.164334059,-1.06786799,1.87828803,1.71920419,-0.815382242,3.02677751,1.25628555,-0.313463539
general_aleatoire,1.46969247,0.509297848,-1.92717886,-0.319749355,-1.48572779,-1.75541544,-0.0156116486,-0.0426766872,-0.156177998,2.82351041,1.89123511,0.0445418693
general_aleatoire,1.25337315,0.833563328,-1.60498834,-1.64115453,-1.72163272,0.579421043,-1.38547397,0.465479612,1.05760026,3.38416505,1.49459112,0.635017753
general_aleatoire,-1.06552172,0.895981312,0.169575691,0.260071039,-1.11117125,-0.127094507,-1.41230798,1.55330324,0.292539597,2.7291019,0.574388027,0.0198092554
general_aleatoire,1.06679106,1.90989709,1.24776888,-1.05226684,1.25304914,-0.578655481,0.570868492,-0.973707199,-0.16794157,2.64572835,1.89158046,-0.281359017
general_aleatoire,-0.934160948,1.45871091,-0.38323164,1.70402956,0.807421923,-1.90477586,-1.84478211,-1.79378057,1.82849669,4.11278677,1.79322088,0.405944109
general_aleatoire,1.8349731,-1.81488061,-0.89135766,1.52501249,1.49347758,1.57751226,-0.444819689,0.0979566574,-1.52359986,3.06838942,2.55759788,-1.03567183
general_aleatoire,-1.45201278,-1.67822742,0.260583878,-1.3739686,0.514528513,-1.00042725,1.43103576,-0.0459268093,0.203581333,2.62767029,1.79067433,0.355428189
general_aleatoire,0.805991411,-0.357162476,1.94559407,1.35316467,-0.233973265,1.92380714,0.0727396011,0.580412626,0.0872626305,3.16539192,0.608280182,0.330799073
general_aleatoire,1.4975481,0.157737255,0.394940376,0.070962429,0.759151936,-1.96490121,0.752668381,-1.99310088,0.819147825,2.85953403,1.53176427,-1.24596226
general_aleatoire,-1.60933495,-0.715946436,-1.5937736,0.302645445,0.819587469,0.37654233,-1.180336,-0.739713669,1.57885623,2.48493743,2.1136663,-0.581731677
general_aleatoire,-0.600590706,1.71442509,1.04898691,1.90357327,0.330895185,1.75632501,-1.40315557,-0.912446737,1.35054779,2.71849895,2.27439594,-1.81117821
general_aleatoire,0.0391073227,1.53245711,-1.29818034,-0.135435581,1.2248385,-1.1643703,1.55372667,1.79042578,1.40515518,2.87868023,2.49257231,0.0631890148
general_aleatoire,1.52907825,-0.266532421,-1.0224731,1.03469539,-1.61762524,-1.60968351,-0.23738575,-1.83902097,0.705587864,2.99788737,2.07367754,-0.617814541
general_aleatoire,1.01294565,-1.2984457,-0.298578978,0.0528504848,1.98219705,-0.298338175,-1.61098337,1.56220436,1.42251062,3.35006928,1.59430194,0.341462791
general_aleatoire,-0.281733513,-0.080067873,0.135105371,1.30860066,1.82114458,1.26850891,-0.801233053,1.66396785,-0.844036341,2.63623548,1.95695782,0.293079942
general_aleatoire,-0.808600187,1.19838023,1.7991972,-0.889844179,-1.39333224,1.32746339,-1.6721251,-1.61785769,-0.273538113,2.90051365,2.45787358,-0.925517678
general_aleatoire,-1.55495524,1.31329179,1.60529327,-0.106315613,0.163249016,1.31714654,0.875257015,0.918747187,-1.09884453,2.94491768,1.4481355,0.735125601
general_aleatoire,-1.16228652,-1.33490276,1.79552627,1.33981705,-1.75687551,-0.565506458,1.59311867,-0.179869652,-0.782226324,3.0135715,2.34268975,0.413229138
general_aleatoire,-1.88811255,0.00059223175,-0.456477165,-0.310592651,1.08175111,-1.31266189,1.2851007,-0.567412615,0.79501915,2.68863893,1.46030045,0.0855222791
general_aleatoire,-1.22826242,0.768718719,-1.1844542,0.0249569416,-1.25177288,0.153317213,-0.0439305305,0.970526934,1.19172525,2.01755524,1.74876487,0.573503494
general_aleatoire,-1.01079297,0.275880098,-1.07393193,1.57282615,1.79969907,0.546177864,-1.8892405,0.757360458,-1.4421382,3.2195015,2.01559877,-0.238559097
general_aleatoire,0.670428753,0.281329632,-0.202163458,0.951339245,0.757355213,0.151564121,-1.72116923,-0.579744101,1.43940568,2.57884049,0.885973215,0.07839223
general_aleatoire,1.91190434,1.11124849,0.815410614,-1.0190804,1.32556319,1.07212973,-1.83901262,-1.94942975,-1.05631971,3.72801542,1.96366823,0.210269615
general_aleatoire,-1.13101387,-0.503315687,-1.73945117,-1.26959443,1.12090755,-1.70840311,1.02349639,-1.09963346,1.25454402,3.52681565,1.31751597,0.0387012661
general_aleatoire,0.134542465,-1.98207331,0.782980919,0.00493073463,1.09608364,0.819344759,-1.82825541,-1.37839556,-0.28805542,2.84703088,1.6280427,1.00094211
general_aleatoire,0.599162817,-1.5111537,-1.66355968,-0.27519846,-1.27469659,-0.264096737,-0.0968129635,-0.00715327263,0.614260435,2.57173824,0.948750913,-0.230473459
general_aleatoire,1.57132244,-1.41652369,1.22038198,-1.25910687,0.546883345,-1.18221474,1.54162908,-1.04519701,0.71387434,3.58634591,0.525709152,0.295660794
general_aleatoire,-1.09378481,1.27541971,-0.419403791,0.255113125,0.615158558,0.100872993,-0.247873068,0.896388769,1.10389543,1.93696547,1.23965776,-0.49758479
general_aleatoire,-1.92124295,0.877074003,0.761510134,-1.49389243,1.73807287,-1.80463362,0.855768204,1.5117662,-1.85282516,3.54048681,2.66491318,-0.602970719
general_aleatoire,-1.68067575,-0.488457441,-1.40664339,1.23832512,-1.91146708,1.83443403,0.513345242,-0.519346714,0.329482079,3.38771176,1.64522362,-0.229479998
general_aleatoire,1.36477613,1.94761443,1.4552393,1.54772949,-1.50685453,-0.356627464,1.38315368,-0.513656855,-0.703000546,2.94576812,2.49587011,0.575367272
general_aleatoire,-0.81259203,0.372950792,-1.39037251,0.155848265,-1.44766545,0.652215242,-1.47086525,0.961858511,-1.54354119,3.0673852,1.10419416,0.347822577
general_aleatoire,-0.236475706,-1.03795195,1.55324316,-0.773325682,1.23799348,1.84631586,1.14168429,0.313892841,-0.167012691,2.60894251,1.60949051,-1.05744803
general_aleatoire,1.95038295,-1.84970856,-0.510132313,-0.0309743881,-0.169493675,1.59378195,-0.701685429,-1.23819947,-1.26844954,2.8782773,2.05265188,1.09182572
general_aleatoire,1.93036985,-1.42734122,1.23076224,1.78031659,0.839318991,1.9472425,0.708639622,-1.82036209,0.348103523,3.66020584,2.33430862,0.187364444
general_aleatoire,-1.39861655,0.882681131,-0.305903673,-0.31237793,-1.25466633,1.38115239,-0.544478655,0.785383701,-1.48361468,2.68964887,1.43228304,-0.486756444
general_aleatoire,1.08501244,-0.173953056,1.16994953,-0.913221598,-1.63171983,-0.592379808,-1.77743697,-1.62274957,1.20394325,3.1011281,1.7761271,-0.945592344
general_aleatoire,-0.287487984,-0.962464094,1.93303037,0.32787919,-0.684667826,-0.225156784,1.50571704,-1.9118433,1.37279654,3.28388977,1.49687862,0.393553466
general_aleatoire,-1.83887506,1.8082335,1.30850077,1.16043782,0.430710077,0.638387203,0.0953722,1.42633772,1.77740812,3.43742752,1.91158533,-0.188832939
general_aleatoire,-1.69742131,-1.30753994,-0.148677588,-0.96811676,1.95702481,1.02695608,1.07840037,1.1009407,1.84830141,3.2686317,2.07562852,-1.11080551
general_aleatoire,-0.380411386,1.11853719,1.80391359,1.49952769,1.75301814,0.826118469,-1.95036125,1.04200792,-1.3106885,3.10677552,2.34502101,1.45275187
general_aleatoire,0.0927119255,1.28087759,1.69695067,-0.659133434,1.30015564,-1.61814952,1.37553978,1.13999653,0.69203639,2.72939587,2.05486131,-1.12725914
general_aleatoire,-0.181666136,-0.781680346,-0.030356884,-1.857481,-1.25452256,1.74262047,0.643580198,0.34448123,0.204965115,2.91377902,0.759215713,-0.462703347
general_aleatoire,-0.807428122,-1.17330837,-1.40345979,-0.638674021,1.31809258,0.387516975,1.34608054,1.69948888,1.25803185,3.28929281,1.26471734,0.397009283
general_aleatoire,1.6815052,0.58033061,-0.848376513,-0.535938501,0.942483902,-0.783719063,1.10207629,-1.96578097,1.2352922,2.90097475,1.96084118,-0.134048656
general_aleatoire,1.33443022,0.283049107,-1.65026927,-1.95796824,0.523019791,1.04670501,0.0162997246,-1.57361031,0.106757402,3.01659083,1.70027268,-0.533061504
general_aleatoire,-1.53251457,1.70685124,0.42249918,-1.87354016,1.93408203,1.0935688,-1.02984214,-1.79179049,0.58324337,3.73867917,2.10169506,-0.321842045
general_aleatoire,-1.84738564,-0.785385609,-0.280729294,1.59490442,-1.7476995,0.374067545,1.15657568,-1.17009091,0.118252277,3.04758596,1.80696011,-0.120215528
general_aleatoire,-0.951475859,-1.88384509,-0.270077229,-1.83799744,-1.5118258,0.450674057,-1.6850667,1.22444725,0.720245361,3.13063979,2.32158136,0.246795148
general_aleatoire,-0.248801947,-0.371339798,0.218322515,0.904902935,1.19931769,-1.55976725,0.442024469,0.439462185,-1.10095906,2.53292727,0.349508941,0.0170846488
general_aleatoire,-0.226773024,0.452208042,-1.76800561,0.51311779,0.179207802,0.936427832,-1.66878295,0.483496666,1.31087875,2.50564384,1.67370546,-0.459926367
general_aleatoire,1.87696838,0.527829647,-1.2108469,0.227869987,1.80436254,-1.46612406,0.153357744,-0.850171566,0.687824488,3.04989529,1.62396312,0.0723057762
general_aleatoire,-0.0284965038,-1.60215378,0.533133984,-0.477696419,-1.26707721,1.07751656,-1.964535,0.827643871,-0.620959282,2.63851857,1.89677918,0.465931177
general_aleatoire,-1.83944249,-0.0685143471,0.186377048,-1.26226616,-1.6468873,-0.0313382149,1.98342562,-0.646056652,1.58918619,3.16861749,1.94267619,0.890093386
general_aleatoire,-0.179641485,-1.91567755,-0.610169172,1.43459821,0.513871193,1.6777184,-1.82841206,-0.585807323,-1.31637907,3.42694473,1.65647054,0.377546906
general_aleatoire,0.878006458,-0.268996716,-0.231585026,-0.574813366,0.620929718,-0.433472395,-0.638730526,1.21504259,-0.709763288,1.88941884,0.777028561,0.123047307
general_aleatoire,1.54532647,-0.302264452,-1.00532508,-1.41772914,1.34556413,1.32455564,-0.164840698,-0.605208635,-0.904717684,3.01139188,1.01764178,-0.415827155
general_aleatoire,-0.399401903,1.9418242,1.57621837,1.29920697,-0.013504982,1.97701311,0.177015543,-1.32723689,1.82599235,3.21793532,2.40868711,-0.990770936
general_aleatoire,-1.42462945,1.54690552,0.0135116577,-1.3221333,0.554574966,-0.107140064,-1.31575966,1.88518476,1.44172263,3.50689077,1.17553234,0.41627717
general_aleatoire,-0.510535002,0.128053904,-0.513707638,-0.356232882,-1.21987915,0.408214569,-1.54270768,0.539814711,0.961219072,1.91673005,1.33472657,0.680091918
general_aleatoire,-1.82886696,1.08012176,1.99957061,1.87605166,-0.544321775,1.09367275,-1.75382948,-1.02659011,1.4092927,3.60116577,2.10553837,-1.49529254
general_aleatoire,-1.83953381,1.97207451,1.94174933,1.26543403,-0.638197422,1.40752983,-0.752114058,0.503740311,1.62382078,3.73685122,2.10085559,-0.334193856
general_aleatoire,1.68930221,0.340399504,-1.85704589,-1.14051533,1.06689525,1.5563848,0.682840824,1.97344327,-1.8016603,3.75483394,2.15094042,-0.401266932
general_aleatoire,-1.65328598,0.17589426,1.44900632,0.0602412224,-0.43793726,0.766136885,0.0962896347,-1.68987441,1.65926385,2.80756736,1.82802618,-0.200712845
general_aleatoire,1.22111511,1.89351678,-1.44238639,-0.95134449,-0.325341702,-1.148597,1.52515197,-1.67793393,0.242126226,2.85502195,2.1742599,-1.34491813
general_aleatoire,0.247191191,-0.481636524,-1.94558263,-1.80719113,-0.352406979,0.689094067,-1.70646405,1.94618702,-0.379096985,2.89387107,2.09763861,1.41850305
general_aleatoire,1.64718556,-1.84027147,0.869184256,1.34086895,-1.57882857,-1.16104412,-1.04223967,-0.686765194,-1.25260401,3.22841573,2.12920475,-0.815291643
general_aleatoire,1.48019195,-0.57815361,0.98506403,-1.05793118,-1.12384677,-1.02224231,-1.71240234,0.466919661,0.862694979,2.55899882,1.80384851,-1.00749421
general_aleatoire,-0.725189447,-0.437189817,0.708651304,1.06431985,1.7915585,-0.218821049,0.553911448,-0.6159904,1.00662661,2.31547976,1.23553467,-0.648944199
general_aleatoire,-0.195178509,1.00632143,0.994235754,-0.677188873,1.608881,-1.94016814,-1.80093122,-1.77980828,0.0964460373,2.92442131,2.27026486,1.25085855
general_aleatoire,-0.871759176,-1.8686583,0.758172512,-0.126361847,1.62673235,1.54113126,1.83519292,-0.553638935,-1.89660549,3.22781777,2.5142684,-0.62864393
general_aleatoire,1.72980165,1.96034884,0.522433758,-0.710011244,1.73662114,1.37182474,1.0286665,-1.27881837,-1.58625937,3.51507211,2.30728555,-0.201099023
general_aleatoire,-1.74840713,-1.07539463,-0.486578465,-0.423318386,1.43570137,-1.31957269,-1.11670041,-0.0203537941,-1.38417077,2.67568183,2.0817132,0.320044667
general_aleatoire,-0.114527464,1.63921714,1.82503676,1.75334859,-0.265088558,-1.94980741,1.14250708,0.909742832,1.76764202,3.63355136,2.13133335,-0.699569643
general_aleatoire,-0.763169289,1.50795531,-0.501182556,-1.16532969,-0.123588324,-0.0158805847,-0.292836189,-0.609040976,0.0598950386,1.86163843,1.21110249,-0.0941498578
general_aleatoire,-0.400565386,0.329446793,-0.556772709,-0.137618065,1.30543661,0.806254148,-0.19144392,0.874406576,0.0947771072,1.75341833,0.825628042,0.0788395032
general_aleatoire,-0.238563299,1.9297893,-1.43014741,-1.76008296,0.562555552,-0.0481696129,1.09182668,1.09624672,0.552438021,2.57778502,2.07498837,0.995730817
general_aleatoire,-1.39535236,0.352218866,0.446126223,-1.08235216,-1.04214096,0.580548048,1.46961641,-0.660575151,-0.691601515,2.50585365,1.27878952,-0.156570122
general_aleatoire,1.67823529,-0.68374896,0.614880323,0.392775297,-0.887281418,-1.2657485,-0.10829258,-0.860445499,1.38632488,2.13109541,1.82969761,-0.995165169
general_aleatoire,-0.333472729,-0.658144236,-0.585448742,0.101762056,0.0995087624,0.718679667,0.398560524,1.01811719,0.26666975,1.50245082,0.657482564,0.0273928083
general_aleatoire,-1.30443144,0.616673231,0.26060915,-0.769001961,1.64879942,-1.49429512,1.87343907,1.04323006,0.624580145,2.65369201,2.14254618,-1.02380872
general_aleatoire,1.40312147,1.93464303,-0.971975088,0.282940865,-0.371632338,-0.229579926,-0.00572323799,0.206349611,0.133307219,2.58231497,0.557965338,-0.0889414623
general_aleatoire,-1.53715062,0.637960672,-0.393136501,-1.83358717,-0.166379929,0.885908127,1.39451098,-1.7521162,1.0345943,3.10081673,1.87191379,-0.254502296
general_aleatoire,-0.126845837,0.405706167,1.31068444,-0.610891104,-0.195138931,-1.25186181,-1.40364122,-0.608940125,1.94013524,2.81742477,1.37901926,0.377585292
general_aleatoire,0.719216108,1.55714178,-0.947849035,1.08525443,-0.292453289,-0.3539536,-0.452919245,-1.2646172,1.06236005,2.61617661,1.12545025,-0.225728497
general_aleatoire,1.76564455,1.53514814,0.129404306,0.797483683,1.40942168,-0.633591175,-0.631620169,-0.267292023,-0.658846855,2.88083792,1.04871118,-0.142337263
general_aleatoire,-1.4265995,1.9421618,-1.32761025,0.0873320103,-1.34282994,-1.43721843,-1.4776547,-1.12130141,-1.2816751,2.93058038,2.67493534,0.88658607
general_aleatoire,-0.0722229481,-1.18924737,-1.83011651,-1.55261636,-0.149864197,0.561042786,-0.32423687,1.96160603,1.11734486,3.08669901,1.60184181,0.790301621
general_aleatoire,1.51674676,-0.580232143,-1.81758928,1.93019485,-0.307764769,-1.27692056,1.43724227,0.363946676,-1.46130085,3.87822962,0.667550862,-0.488826841
general_aleatoire,-1.64120293,1.39058042,0.935455799,0.370802402,1.97901464,1.72519398,1.27655435,1.50415635,0.222814083,3.38800931,2.14163136,0.639653206
general_aleatoire,0.708137274,-0.0610346794,0.631290436,1.34011984,-1.1473434,1.74389625,-1.53298831,1.95682597,-0.338426352,3.41961503,1.24038637,-0.344428003
general_aleatoire,-0.413843155,-1.25367999,1.96366978,-1.59033322,-1.37629509,-0.790693283,-0.985800982,1.44195962,-1.64393568,3.21018577,2.32087016,-0.842240512
general_aleatoire,-1.93140745,-0.913046122,-0.829449415,1.07175016,-0.303791285,1.41169739,0.0422787666,1.11557055,-1.27368999,2.77364182,1.9134475,-0.00166207517
general_aleatoire,0.524262905,1.85688066,0.055866003,0.315492153,0.834816933,0.0884420872,-0.436666012,-1.96470976,1.36523318,3.06959319,1.00917053,-0.0636467561
general_aleatoire,-0.0571386814,0.708760262,1.3506825,0.791218758,-1.12142205,0.143743753,-0.595169783,1.54091573,-1.91771436,2.77925372,1.670313,0.355395019
general_aleatoire,-0.991941214,1.90770984,-0.475409508,-1.73339295,1.11057019,1.5928843,-0.0290045738,-0.748049259,1.55685592,3.00703359,2.34938335,0.216756508
general_aleatoire,0.350225449,-0.614402771,0.71726203,-0.522679329,-1.43668342,1.55494308,-0.224962711,-0.142518759,-0.698135614,2.37645411,0.719648957,0.403234363
general_aleatoire,0.0644981861,-1.77359033,-0.668945312,1.3327744,-0.893320322,-1.81932902,0.623794794,0.613031626,-1.52063751,2.99805665,1.84134996,-0.424133241
general_aleatoire,-0.743690729,1.51709056,-1.23148274,1.11681247,0.668344021,-1.23700714,0.298150778,0.776079655,-0.738975048,2.6026628,1.42911494,-0.128003463
general_aleatoire,0.410531521,0.0518429279,-1.26185989,-1.0150516,-0.907186031,1.45478582,-0.364054203,-0.744724989,0.796970844,2.56964016,0.631853461,-0.230772942
general_aleatoire,-1.01938796,0.554893494,1.00733471,0.12893939,-1.92963028,1.07364202,-0.927953243,1.03175092,-0.498419285,2.56995058,1.60630548,-0.493712813
general_aleatoire,0.471436501,1.52895164,1.14796019,1.80176711,-0.662946701,0.865911722,1.52499795,-0.0298728943,0.459640265,2.71059465,1.83981311,0.344920158
general_aleatoire,0.562486172,1.28945398,-0.34399581,0.185116291,-0.804696798,-1.12624717,1.80275226,0.169640303,-1.53843927,2.62739277,1.60452199,-0.464174807
general_aleatoire,-0.515553474,-0.614425898,0.789995909,1.59635568,-0.0968248844,0.892565489,1.34445119,-1.88359427,0.712290049,2.81604838,1.37791145,-0.809859693
general_aleatoire,-1.90760136,0.738177538,0.0660498142,-1.13137889,-0.0629878044,1.93699884,-0.228034019,1.36670065,-0.790625095,2.62653136,2.09174871,0.703591168
general_aleatoire,1.15601945,1.94655466,-0.679139137,-0.912050724,0.142526388,-0.0398392677,-1.45158744,-0.380427837,0.153903723,2.68377066,1.23015773,0.00529370131
general_aleatoire,-1.31900239,-1.41644311,-1.18952489,0.212151289,1.67321086,0.594887495,1.43311882,-0.439216137,-1.20382285,2.80057192,1.93511331,0.683845401
general_aleatoire,-0.00582051277,1.50265026,1.50261354,-1.16325569,-1.5657475,0.506185055,1.16693139,-1.67487812,-1.31698203,3.18311477,1.97216189,0.675674319
general_aleatoire,1.52147841,-1.85316825,-1.79399896,-1.25770164,0.219771385,1.06017256,1.11884594,-0.379495859,-1.5326612,3.80411434,0.954023898,0.291678369
general_aleatoire,1.49008203,-0.382079124,0.0988299847,-1.83219957,-1.91099882,0.731010199,0.866854429,-0.770201683,-1.55906844,2.9566493,1.9132303,1.13686407
general_aleatoire,0.237580776,1.15751839,1.7309289,-1.32758999,-0.776567698,-0.618214607,-1.80549026,1.04508567,0.702510834,2.60730147,2.23919106,-0.416741312
general_aleatoire,1.81692529,1.14736438,-0.514264345,1.83147407,1.31760073,-1.36879659,-1.23683095,-0.431440353,1.228719,3.79483533,0.772680938,0.271907151
general_aleatoire,1.37656164,0.629976034,1.22748542,-1.22902608,0.499182701,-0.789984226,-0.922525883,-1.4729166,-0.863858938,2.84454083,1.35936809,0.0988516435
general_aleatoire,-0.468132019,-1.50398803,-1.18540549,1.68741465,0.575991631,-1.30827403,1.97802019,0.291546345,-1.95196342,3.55454779,1.98743224,0.00756438775
general_aleatoire,0.337405443,0.163679123,-0.521578312,0.29466629,-0.589926243,1.65683508,0.6743536,0.0240211487,-0.446809053,1.89140046,0.81744504,0.0444639847
general_aleatoire,0.174805641,-0.979538441,-0.113389015,-0.403473377,-0.924382925,1.23064828,-1.77588367,1.86591363,-0.36536932,2.81543279,1.44202673,0.545405746
general_aleatoire,0.543800831,-1.78963423,1.12840486,0.201969862,0.131299257,-0.770825624,0.499292374,0.134409428,1.95234656,2.66712856,1.4964087,0.387573391
general_aleatoire,-1.46281219,-0.246324778,1.73051977,-1.7349813,1.57808495,1.82802749,-1.24001408,1.17224669,-0.626223087,3.64842725,1.84917378,0.781587064
general_aleatoire,-0.406758547,0.453970909,1.92958021,-1.61725521,-0.617857218,-0.581728935,-0.511519432,-0.995550871,0.438925266,2.13470435,1.91501081,0.807274461
general_aleatoire,1.6620667,-0.90261054,1.41004252,0.794285774,0.319330931,-1.38859892,0.0813851357,-1.56789875,1.72290301,3.22600865,1.710163,-0.572710037
general_aleatoire,0.139511824,1.72971106,0.221974611,1.87732029,-1.57337976,-1.49848461,1.85670495,-1.35776877,0.29314661,3.6530242,1.384341,-1.19238698
general_aleatoire,0.706946611,-1.3958602,0.165737867,-0.754230022,-1.92613649,1.20093679,-1.75209999,0.0929260254,1.55232143,2.96215558,2.20467091,-0.223680437
general_aleatoire,-1.24740672,1.47548318,-1.58860421,-0.570916414,-0.276902437,1.56420231,-0.650341272,0.374700069,0.623669386,2.7070365,1.64694452,0.133874118
general_aleatoire,1.22362256,1.70098782,-0.290275812,-1.00907898,-1.54640675,1.42093563,-0.265091896,1.68184781,-0.170800924,3.30433893,1.14893103,-0.770003021
general_aleatoire,1.60801029,0.203776598,1.80830932,-1.57766938,1.36843443,1.9656074,0.373943806,-1.02345276,-0.36061573,3.10110188,2.33263469,0.617889583
general_aleatoire,-1.20579052,-0.0332489014,0.10721159,1.49044847,0.14883256,-0.794406652,-0.240717173,-1.36295342,1.08756852,2.27661705,1.47568929,0.280977845
general_aleatoire,-1.43672323,0.0666174889,1.30797839,0.438781738,1.04594254,0.894985437,-0.00941872597,-1.89989972,-0.900514364,2.63080621,1.77665973,-0.458166152
general_aleatoire,0.282576561,0.710452557,1.53677773,-1.8462677,-1.93044519,0.272911072,-0.379271746,-0.406299353,1.70490956,2.84156275,2.29302096,0.19824183
general_aleatoire,1.91143847,-0.587382555,0.0302407742,-0.165084839,0.209070921,1.92616534,0.849450588,-1.20270467,-0.0618462563,2.40203142,1.90051901,0.755492508
general_aleatoire,-1.73897934,-1.10172558,1.43769026,0.149111271,1.47386122,1.77707529,-0.111688852,-0.360356092,0.0568284988,2.58395123,2.25914812,-0.149350718
general_aleatoire,0.718563795,1.34322524,1.91213655,0.954237938,1.31968904,-0.939404011,0.636136532,-1.93242669,0.943985939,2.73950171,2.38829565,-1.15443003
general_aleatoire,-0.0811994076,1.74593282,1.43564916,1.83900833,1.5833385,1.87587237,1.82490468,0.502566338,1.51825285,4.20855284,1.62086535,-0.26943633
general_aleatoire,-0.461153507,0.320174217,-1.46738768,-0.221577644,-0.457808018,1.09939933,1.77182174,0.959286451,1.55918813,2.8778832,1.4555099,0.160295635
general_aleatoire,0.152573586,0.094638586,-1.65069056,0.148029089,1.7043252,-0.764318705,-0.177589893,-0.181968451,-0.546664953,2.1702652,1.37146199,-0.200918138
general_aleatoire,0.857793808,0.518269539,-0.390277147,0.695351839,-1.24806452,-1.1572485,0.163438082,1.34775519,-1.09865236,1.92717123,1.85316098,0.662670076
general_aleatoire,-0.840251684,1.89715004,-1.25326443,-0.438640356,-0.374400616,1.63865972,0.922240257,-1.09778404,1.86183262,3.53040719,1.28879118,0.539426386
general_aleatoire,-1.24316406,1.23712492,0.467604399,1.76139331,1.11751628,-1.43757701,0.267058134,-1.71529293,-1.08081746,2.77547383,2.37476134,0.742653966
general_aleatoire,0.230818987,-1.84842277,-0.838810205,0.47315526,1.31221986,-1.4758513,0.687951326,-0.62729454,1.88291264,2.76422095,2.08576894,0.847506225
general_aleatoire,0.703138828,-0.980830669,-1.60790634,-0.0568635464,-1.49099422,0.00496172905,-1.75333524,-1.043293,1.98431635,3.17915106,2.04279876,0.297059268
general_aleatoire,0.360373497,-0.451693058,-0.226856232,1.62318063,-0.213113785,-0.825657606,-0.549053431,1.01281023,-1.93228269,2.27845645,1.86804152,-0.356680155
general_aleatoire,-1.12373376,0.0883808136,-0.006701231,-0.659008741,1.29846287,-1.9947207,1.26533747,-0.768225193,1.17712283,3.08422184,1.1969943,-0.0385906696
general_aleatoire,-0.885486841,1.29493761,-0.426207542,-1.15411091,-1.47259212,-0.0711350441,0.0307352543,-0.0605142117,0.769761324,2.01162386,1.4834317,0.705762923
general_aleatoire,1.56200981,0.520742178,-0.812432766,1.2150197,1.72598338,-0.19196701,-0.19681716,0.0763669014,0.679147959,2.64838505,1.10229695,0.374227107
general_aleatoire,1.24160767,-0.924467564,-0.289195538,-0.358807802,0.8063972,0.839203596,-0.261590719,0.0509884357,-0.329055309,1.87233472,0.793472886,-0.0849503577
general_aleatoire,1.72283196,1.04082227,0.94849968,-1.3006525,0.257611513,-0.645656347,1.54667902,-1.10331106,0.662225485,2.96586943,1.54185081,-0.0203460287
general_aleatoire,-0.563560247,0.589281797,-1.07850075,-1.01451468,0.317622423,-0.420572281,1.19268298,0.733214378,1.14645219,2.26379943,0.995375097,0.542136371
general_aleatoire,1.56716681,-0.541996241,-0.737810135,1.95504141,-1.13805771,0.375417233,0.374783754,-0.402398825,-1.73121166,2.89852595,1.83037007,0.316558152
general_aleatoire,1.34215689,0.858166695,0.919495821,0.812554121,0.997101307,-0.580136061,-1.21544266,1.57071042,-0.126702785,2.06455398,2.03781414,0.95902884
general_aleatoire,0.00872445107,1.44731236,0.583059788,0.0161519051,-1.16168618,0.733810902,-0.330638885,0.351734877,1.44967008,1.97124684,1.65387356,-0.190979257
general_aleatoire,1.36942697,-1.148242,-0.861756802,-0.437702656,0.301901102,-0.727694035,-1.50706148,-1.39555931,0.760843039,2.35914874,1.80270278,-0.855022252
general_aleatoire,-0.841128349,0.927871227,-1.06891108,-1.82865095,1.69437432,0.703163624,0.964315176,-0.341239452,-0.735593796,2.97486544,1.43681312,0.30579558
general_aleatoire,-1.50361252,1.05335617,-0.320369959,-1.91144037,-1.22306848,0.106098652,-0.337761879,-0.998661757,-0.4626441,2.54437995,1.78688562,-0.540761411
general_aleatoire,-1.54271173,0.953566313,1.53503394,1.09686208,-1.20263791,0.428114414,1.28956437,-1.90925264,-0.347109318,3.42670012,1.42146635,-0.379696101
general_aleatoire,1.72408891,-1.942837,0.74493289,0.930131197,-1.86321831,0.385438919,1.2753315,-0.623312473,-1.19893551,3.55747628,1.54256403,0.45233354
general_aleatoire,-0.87381649,0.316884756,-1.705235,-0.133462667,1.76570225,-0.320645094,-0.0240604877,1.55885482,-1.657902,3.10690188,1.51316369,0.496860147
general_aleatoire,-0.250555038,1.47471881,-1.69862366,-0.884667397,1.78655481,-1.18558931,1.68214083,-0.876250267,0.737730742,3.58704042,1.27820086,0.37938714
general_aleatoire,0.258285761,-0.12842989,-1.70377421,-1.62856221,-0.0729725361,1.16299224,1.58297372,-1.69808841,-1.24731374,3.35309553,1.31086135,-0.989766955
general_aleatoire,-1.72559619,-0.675245047,0.149535179,-0.415512323,-1.35948706,0.344882727,-1.96907902,1.67701697,-0.307546377,2.82463646,2.09728575,0.0534957573
general_aleatoire,-0.42184329,-1.45113111,-1.72338867,-1.35793853,-0.608196735,-1.69235754,-1.23965836,-1.17962503,0.607097864,3.16636467,1.67931974,-0.884666085
general_aleatoire,0.861936569,-1.88295174,1.23570919,-0.832280159,-0.189865589,0.180693865,0.0262150764,-0.890663385,-1.86938,2.45565248,2.02231574,0.863346934
general_aleatoire,0.203980923,-1.72273517,-1.54115081,-0.969729185,1.77122188,0.175593615,-0.836372852,0.958204508,1.69200325,3.45801473,1.26050794,-0.653306782
general_aleatoire,0.420012236,-0.696658373,-0.431488752,1.12736058,-1.52670383,-1.01525068,1.12309289,0.67907548,-0.544855833,2.37837338,1.35746551,-0.020072218
general_aleatoire,-0.705135345,0.944216013,0.0366363525,0.0519151688,0.695256472,0.954648018,0.355529785,1.62915802,0.305122137,2.10823035,0.866531551,0.682404697
general_aleatoire,1.68411803,-1.73727679,0.140427113,-1.00369287,0.0460333824,0.287357092,-0.937286139,-1.92673135,1.74319911,2.99221706,2.36905861,-0.173021421
general_aleatoire,-0.997423172,-0.168323517,-1.08325911,-1.48963523,-1.00057578,-0.269180536,0.142437935,-1.4917872,0.327841282,2.24180031,1.59058833,-0.53555268
general_aleatoire,0.0101265907,1.63599181,0.245101929,-0.455875874,-0.648977041,1.70631552,-1.71339774,0.607817173,1.774014,2.9702878,1.85013783,-0.695580959
general_aleatoire,1.65064144,1.0934124,1.33388829,1.3555243,0.750329733,-0.532526493,-0.575576544,1.04332399,-1.03555822,2.66810703,1.73964858,0.854676783
general_aleatoire,-0.0585086346,-1.11043429,-1.19566607,1.80869532,-1.5023067,1.83429527,-0.619796753,0.899325371,-1.44979167,3.468822,1.61898184,-0.447270125
general_aleatoire,1.53518391,1.99307585,1.67598462,-1.80324411,0.0462245941,-0.235425711,0.516238689,-0.191626072,-0.324982166,3.23450112,1.53509271,-0.194026306
general_aleatoire,-0.797472477,-0.326037169,0.285406113,-1.84628439,-1.40009212,-0.264714241,1.13564944,0.693959236,-0.670209169,2.80522084,0.77076751,-0.141169012
general_aleatoire,-0.312071562,0.365370274,1.48963857,0.862556934,-0.669748306,1.55616832,-1.4692719,1.34314966,1.24623466,2.70910382,2.05929708,-0.00994627643
general_aleatoire,0.433235884,0.695791483,-0.446427345,-1.03272223,0.0128185749,0.145804882,1.07493901,-0.392590761,1.51018214,1.97719574,1.20155501,0.443045318
general_aleatoire,1.75543904,-1.58487248,0.429328203,-0.460575104,-1.36644316,1.1044662,0.00859379768,-0.273393154,1.45022726,2.72995806,1.76875973,-0.820758879
general_aleatoire,-0.671089172,0.685986519,-0.354709387,1.3698082,0.41137886,-0.998402834,1.99922037,1.55340528,-0.0280303955,2.92311788,1.04376066,-0.930512786
general_aleatoire,1.0224452,-1.1660223,0.915654898,-1.34861374,-0.613835812,-1.83060122,1.55063224,0.235268831,0.551917315,3.02685976,1.34357941,0.766432106
general_aleatoire,0.178288221,1.40735769,-1.17906451,-0.556114197,0.781317472,-1.41739178,0.964427948,-0.670651436,-0.963607311,2.43113828,1.49868047,-0.695205986
general_aleatoire,-0.17894268,-0.62360096,0.133629322,1.96188664,0.0432367325,-0.502942324,0.184218168,1.04320645,1.36682296,2.04927373,1.74712932,0.530106127
general_aleatoire,-0.189098358,-1.3195951,1.17337918,-0.735795021,1.07609272,1.55443382,0.671024084,0.241832733,1.41911316,2.4344914,1.7121892,-0.966354787
general_aleatoire,0.333559275,1.75687385,-0.087749958,0.319933176,0.195898533,-1.05012441,-1.20768118,-0.4054842,0.187467575,2.00736022,1.1658802,0.847552836
general_aleatoire,1.03322268,1.98869228,0.603533745,0.264190197,-1.28880668,-1.82239032,-1.79504204,1.18574238,0.731846333,3.22952986,2.08057451,0.918548524
general_aleatoire,-0.414098501,-0.995683908,-1.38529563,-0.00131917,1.4500792,0.986986876,-1.20810699,0.250667095,1.68306947,2.8506906,1.4557178,-0.517985761
general_aleatoire,-1.66678977,-0.232814074,-1.25767922,0.971163273,-1.12268734,0.187983274,-0.968543053,-0.973492861,0.261613369,2.38549948,1.51624537,0.785918474
general_aleatoire,0.684360504,0.0158629417,1.83165002,-1.18736005,1.07854772,-1.72978067,0.416071892,-1.31427121,1.96251225,3.73870945,0.914108455,0.571934938
general_aleatoire,1.93752503,-0.938693523,-0.125812292,-1.75063419,1.46938181,-1.87147665,1.39500976,0.842751503,0.0460782051,3.4840138,1.69039404,1.01971877
general_aleatoire,1.32092929,0.826750755,0.540401936,-1.22899199,1.62010622,0.753586769,0.791903973,-0.910461903,-0.516181469,2.53381681,1.64922345,-0.0761176124
general_aleatoire,1.32824826,-1.27496696,-1.66510367,1.6985898,1.09255457,-1.58561158,-1.60025239,0.17195344,1.52475691,3.84495759,1.6951462,-0.115939178
general_aleatoire,-0.743968487,-0.783182144,-0.914340019,0.617573261,0.583339214,-0.0499908924,-1.07505226,-0.534787655,1.66546035,2.12441945,1.55734825,-0.0637374595
general_aleatoire,0.581767321,-0.375824451,1.79009175,0.709501266,-1.83492112,0.911022663,1.67541122,0.731766701,0.436326504,2.70672011,1.89604723,0.997975111
general_aleatoire,1.61360073,1.22925711,-1.07547665,-0.464500189,-1.65578198,-0.112628222,-1.77813745,1.47540283,1.51137638,3.0618515,2.54242301,0.159641773
general_aleatoire,-0.340608358,1.89314818,0.138638258,-0.789893866,-1.91922045,0.774055481,-1.36560798,-1.96434903,0.566745996,3.60719991,1.24690855,-0.322225034
general_aleatoire,-1.2454741,0.867907524,0.757097483,0.330403566,-1.73645163,-1.42675996,-0.125959873,-0.218378305,0.650332928,2.7035594,0.902675569,0.632591426
general_aleatoire,-0.579621077,1.06383252,-0.0173547268,-0.18473649,1.48131609,0.521136045,1.10344553,0.158302307,-1.664042,2.19590116,1.71200573,0.476183295
general_aleatoire,-1.79077697,1.56123662,0.971218586,-0.11293149,-1.31055236,0.97544837,-1.87277794,-1.43984318,-0.195328474,2.67566061,2.50459599,-1.20658445
general_aleatoire,0.682878017,1.46255016,-1.05469608,-1.39668226,-0.246476412,-1.94857001,-1.93254852,-1.56008315,-1.39355755,3.60912871,2.14360261,-0.126181334
general_aleatoire,-0.545363665,-1.6316781,0.320687294,-1.04102349,-1.22795153,-1.59992766,1.20785594,0.767639875,1.01318836,3.02937126,1.39938045,0.391639352
general_aleatoire,-1.88384056,0.783454418,0.470961809,-0.0501208305,-1.43716884,-0.539132357,1.78064561,-0.497653723,1.7323761,2.92287922,1.87928772,1.04289556
general_aleatoire,0.0122821331,-1.09798765,-1.6907413,0.457684994,0.729221821,-1.88797879,-0.59397006,1.72715402,-1.10096502,2.8660543,2.07095432,-0.644128978
general_aleatoire,0.0919492245,-0.886691809,-1.82710743,-1.2788229,-0.630000114,1.60627222,-1.69260216,-1.32385015,-0.428222418,2.68027282,2.5052278,0.293640107
general_aleatoire,1.53170443,0.679705143,0.28897357,-0.120440483,1.46980381,-0.465111494,-0.103743315,-1.52337193,1.71053481,2.7153008,1.64477563,0.679699242
general_aleatoire,-1.02024388,-1.15403724,-1.59942698,0.218766928,1.22999477,-1.49664545,-1.45904088,-0.211118937,0.38149333,2.33014607,2.10118437,-1.09814024
general_aleatoire,0.279614687,-0.629038572,0.422700882,-1.0960865,-0.537884951,0.557873726,-1.69465756,-0.171990871,0.621304274,2.22704363,0.878153563,-0.10529118
general_aleatoire,-0.399418354,-0.0462727547,0.371407986,-1.45248461,-0.0349295139,1.74350381,-0.786063194,1.82267451,0.236244917,2.53113174,1.74186385,0.074088864
general_aleatoire,1.42642498,0.677994251,1.37547302,-1.89322758,-1.60531497,-0.136513233,1.97368026,-1.76926708,-0.398477316,3.16035128,2.56375217,1.0909313
general_aleatoire,-1.25437856,-1.34751558,0.242034912,1.24840689,1.46475554,-1.09707713,1.53122258,0.104701281,-1.72022414,3.39394045,1.41374028,0.390811652
general_aleatoire,-1.48793578,-0.323579788,-0.101417303,0.332025766,0.23256588,-1.41172051,-0.216304302,1.06172872,-1.72205281,2.4372983,1.55504751,-0.516866505
general_aleatoire,0.97694087,-0.0602440834,1.61336398,-0.124228716,-1.96605611,-0.953519106,-1.13326311,1.68640637,1.30874681,3.1946311,1.80189884,-0.859974325
general_aleatoire,-0.328830719,0.682320118,1.4564631,1.57755923,-1.56134486,-1.77128148,-0.724490881,0.387855768,-1.29467678,3.23961234,1.61280513,0.119086482
general_aleatoire,0.276186228,-0.36635685,-1.85730243,-1.55345345,0.0540881157,-0.235860825,0.438081026,-0.584517241,-1.23482752,2.37244844,1.5799799,-0.255671591
general_aleatoire,-1.10674,-0.906681776,0.56871748,0.561389208,1.80364585,-0.126796246,-1.17154622,1.43205452,0.8471632,2.48622203,1.97845352,0.012892969
general_aleatoire,-0.630473137,0.96952343,-0.93336153,-0.00751805305,1.93946362,1.59067321,1.64454293,1.86556005,-1.88402915,3.25870538,2.48746276,1.19508255
general_aleatoire,-0.551014423,1.08291435,0.604133129,-1.55866098,0.648850441,-1.89005923,-0.385457993,-0.905218124,-0.73283577,2.60665417,1.67699301,0.402674764
general_aleatoire,-0.92261672,1.73497677,1.27727485,1.15992618,0.842668772,-1.54214191,1.92643762,-1.52046394,0.846051455,3.10154247,2.27119637,-1.37382519
general_aleatoire,1.690171,-0.326977968,-1.67436099,0.795710564,0.753685236,1.99783611,-1.09296703,0.84056735,-1.85925865,3.22136569,2.19636512,-1.05658865
general_aleatoire,1.04672527,-1.76145005,1.75345993,-0.505911589,-1.54539514,-1.68964624,0.819137096,0.386556625,1.40322375,3.13260603,2.38941288,0.197465733
general_aleatoire,0.589017868,1.81751418,-0.506125927,-1.15612292,0.971512079,0.0157158375,-0.0398299694,0.722219229,-0.279086113,2.24264145,1.32089603,-0.118470788
general_aleatoire,-1.01012921,-0.372047663,0.401891232,-0.275574207,-0.969685078,1.87155056,-0.666172028,0.725628138,-0.233925343,2.27859902,1.20466352,0.47015202
general_aleatoire,-0.739160776,0.116760254,0.935439348,-0.202536583,-0.678930521,-0.0272181034,-1.49714041,-0.805644989,-0.0985586643,1.88426661,1.05531025,-0.416909188
general_aleatoire,-1.3641398,1.00409532,-1.81060028,-0.489360571,-1.2160852,1.47669649,0.327774525,-0.452189207,1.14446163,3.16385508,1.26733279,0.227861032
general_aleatoire,-0.600644112,-1.32300973,1.99297547,-1.56577873,-0.07011199,0.997161388,1.2208848,-0.779366732,1.21995211,2.97562861,2.0402565,-0.321295798
general_aleatoire,1.80599761,1.70547724,0.857271671,-1.66041994,-0.692975998,-0.915118933,-0.841829062,1.07099223,0.0947933197,3.26387739,1.45846581,0.253999561
general_aleatoire,0.250405788,-1.68342137,0.238459587,-1.52929401,-1.3351388,-1.29656863,-0.875388145,1.09889436,0.0853362083,2.59906483,1.93340051,-0.493842393
general_aleatoire,0.0554292202,-0.891274691,-1.95773172,-1.15886903,0.694066048,-1.64897585,-0.305239439,-1.37709618,0.0434093475,2.67493296,1.80892599,-0.85904187
general_aleatoire,1.07547092,-1.14353514,0.875116587,0.207128763,-1.81666541,1.91661286,-1.18686366,-1.70622134,0.241821289,3.33784318,1.76955116,0.593738735
general_aleatoire,-0.86433053,-0.70948863,-1.02800965,1.29299831,-1.00580287,1.13995719,-0.485174656,1.56632209,1.272439,2.36261415,2.18078303,0.51022625
general_aleatoire,0.25172472,1.65143466,-0.591694117,-1.1911397,0.424258709,0.17179966,-1.64345336,0.547595739,-1.96165609,2.83006978,1.61204326,-1.00496042
general_aleatoire,0.0873098373,-1.93162608,-0.263694525,-0.369828463,-1.2320981,-1.08768964,-0.0471227169,-1.37064934,-0.395140886,2.83258033,0.812202334,-0.0098849833
general_aleatoire,0.461303949,1.18225336,1.98038006,1.05441737,-1.2889874,-1.46400547,0.185685635,-1.64592385,-1.52109003,3.75348067,1.129655,-0.376229048
general_aleatoire,1.63261557,1.73694563,0.142033339,-0.832979441,1.4312036,1.51335907,-1.76739573,-0.867694378,0.106062412,3.06827807,2.27006269,-0.235278949
general_aleatoire,1.22420979,0.157706022,-1.16247487,1.44280791,-0.828842402,-1.60956001,-1.23009872,-1.03821778,-0.942960501,2.80061626,1.91760278,0.440259308
general_aleatoire,-0.373846769,1.339463,1.46336579,0.556129932,1.75553322,-0.376481533,1.97089839,1.88608408,1.83677387,3.81194854,1.4798156,-1.30497611
general_aleatoire,-0.140553951,-1.97623301,1.87903976,-1.80916667,-1.21365237,-1.40957284,1.61855364,-0.604551792,-1.94471121,3.14036655,2.60063267,2.0810771
general_aleatoire,1.31967211,0.181212664,1.57062459,-0.307790518,-1.25266242,0.100351334,0.47865653,0.213779211,1.6694479,2.65470648,1.27784193,-0.54472506
general_aleatoire,-0.443874598,-0.145073175,1.99279118,-1.58582592,1.90602875,-0.168745518,1.84698129,-0.49682045,1.91634011,3.422472,2.24741912,-0.965335727
general_aleatoire,0.310631752,1.17204952,-0.245365381,1.95436192,-1.93061638,1.56944084,1.97599077,-0.336269617,0.174160719,3.59468675,1.57074976,0.446399778
general_aleatoire,1.13910842,-0.105477095,1.64827132,1.81846929,0.85042429,-1.37655854,-0.308870792,-1.24304962,-1.73683906,2.78610969,2.37141562,-1.10527003
general_aleatoire,1.23205876,1.23878765,-0.956675768,1.81097126,1.19690824,-0.550147057,-0.913866282,-1.39237595,-1.86724949,3.2022264,2.20580626,0.35115394
general_aleatoire,-0.693984747,0.0680587292,0.330489397,-1.21325445,-0.732284069,1.03138494,0.442474842,0.564798355,1.86740875,2.19575047,1.6410408,0.393843651
general_aleatoire,1.69441056,0.68293786,1.13195324,-0.549362659,-1.27689624,1.74301171,1.20063281,0.262541056,0.566948175,2.53304386,2.22676849,0.214874029
general_aleatoire,-1.48651052,0.675806522,-0.00407600403,1.32905149,0.614545584,0.295296192,1.35301733,-0.13598609,1.74590707,2.74879265,1.20007372,-0.893862426
general_aleatoire,0.546564102,-0.730335474,-0.808170319,-1.37795067,-1.2696116,-1.70468545,0.466351271,0.953418255,-1.06460667,2.62024045,1.54438949,0.954439163
general_aleatoire,1.18063283,-1.68033957,-0.362507582,-1.99778342,-0.416298389,0.433277369,1.81694794,-0.551404953,1.66672516,3.14908481,1.64266992,-1.57138121
general_aleatoire,1.00924373,-1.06693649,-0.499294519,1.12323046,-0.0559864044,0.490801573,-0.371660233,-1.38310909,0.602298975,1.85798955,1.45428908,0.871029556
general_aleatoire,-0.572916031,-0.575443506,-1.29010844,1.85507059,-0.819375992,1.7445879,0.461204529,1.39211154,-0.498938322,2.93172598,1.64630485,-0.757816136
general_aleatoire,1.68120098,-0.423762083,-0.203441381,0.158589125,0.145721436,-1.6511035,0.968370199,0.95518899,0.784583569,1.97838902,1.84876931,0.976552486
general_aleatoire,-0.393162012,1.56271434,-0.0784118176,0.86532402,1.89719868,1.99153876,-0.622532606,-0.60597682,0.592875719,3.04957151,1.40547657,-0.864974856
general_aleatoire,1.33199096,-0.429982901,0.790539265,1.57713079,0.765545607,1.38702488,-0.696657658,-1.03350306,1.14240694,2.62722087,1.72495735,0.749709725
general_aleatoire,0.766982794,1.60150409,-1.73931217,-1.12580633,1.85274148,0.501987219,-0.604039669,-0.431460857,1.32737088,2.89791298,2.23896527,0.180106103
general_aleatoire,1.95819235,-0.726274729,-0.0846688747,0.531082869,-1.08671951,1.93436313,-0.472569704,1.50699925,0.615353346,2.70482898,1.93908513,-1.17081487
general_aleatoire,-1.35853648,-1.69564271,0.189953566,0.414407492,-0.605873108,1.72489882,-0.262644768,1.40145111,-0.659267664,2.64888024,1.81657982,0.649732709
general_aleatoire,-1.72930598,-0.656163216,1.97355938,0.170212746,0.79490757,-1.23214412,-1.35087681,0.149581671,-1.95033574,3.20143151,2.16345239,0.465163589
general_aleatoire,-0.884138346,-1.31486964,-0.844068527,1.35270357,0.954992056,-1.91344285,-1.88162565,-1.06741095,-0.476217031,3.11998558,2.11898994,-0.555292785
general_aleatoire,1.02922225,-0.369862556,0.344442129,-0.0595595837,1.13094282,0.676043987,0.984601974,-0.521252871,-1.79759455,2.34795046,1.10603964,-0.889183581
general_aleatoire,-1.14745164,1.57004547,1.53949118,-1.09187269,1.92415428,0.213569641,-1.91994143,0.577152491,0.18586731,3.56771541,1.24989331,0.924602926
general_aleatoire,-1.32548738,-0.633190632,1.90492487,-0.892041922,-0.0473763943,-0.657174587,-1.76942945,0.555510998,1.74904799,3.38923001,1.17589688,-0.803415477
general_aleatoire,-1.23713613,0.345071316,1.65144277,0.796772718,-0.135541916,0.100703001,-0.697692871,1.33895159,1.06212521,2.68035984,0.892865896,0.682891607
general_aleatoire,-1.86746621,-1.93461347,-0.926486731,-0.27258873,-0.121406794,-0.578785658,-1.69358563,-0.64716053,0.823626518,3.21733761,1.42519057,-0.309118658
general_aleatoire,-0.651714563,-0.425346375,-1.87491465,-0.909328222,-1.39153457,-1.98648477,-1.43245959,0.879321098,1.95444179,3.72025156,1.81698704,0.577581108
general_aleatoire,1.33523703,-1.91133714,-0.419837952,-1.33170557,0.2568717,1.896698,-1.08925366,0.513026237,0.488790512,3.18712068,1.56795812,0.348671585
general_aleatoire,-0.197331667,-1.95145035,-1.68495631,-0.0454244614,0.678644419,0.576821804,-1.44878817,1.67276692,0.684744358,3.31190896,1.37034237,0.0308889616
general_aleatoire,-0.47465682,1.91670585,1.06076074,0.127890587,0.390748024,-1.1436615,1.70804834,0.501134872,-0.406489372,2.27982116,1.88383603,-1.04338479
general_aleatoire,0.0517187119,-0.723618746,0.132560968,1.54856777,-0.0875723362,-1.80302262,0.694962263,-1.45445848,0.287781239,2.41061997,1.74189138,0.190939873
general_aleatoire,-1.6703825,1.94798017,1.37243962,1.30345368,-1.95757031,-0.941206694,1.44662857,0.903025866,-0.194928885,3.85541892,1.71148896,0.195123091
general_aleatoire,-1.14279866,-1.98389912,1.12938547,-0.393419504,-1.40976954,-1.25279665,-0.105784893,0.497601748,1.16242456,2.73494935,2.08668852,-0.06998007
general_aleatoire,0.717435122,-0.879549265,-0.0498898029,1.34847641,-1.8379221,0.576602697,0.624515057,-0.409910917,1.368155,2.80337572,1.17420805,-0.108809248
general_aleatoire,-0.306333303,0.881296873,1.7039659,1.31983161,-1.12883615,-1.19796205,0.773450375,1.55555153,0.829176664,3.0352385,1.52276373,0.631967008
general_aleatoire,-0.711226225,1.68979859,-1.94638085,0.852656841,1.37356639,0.337869644,1.76728487,1.61009002,0.622232676,3.0059166,2.62375307,0.246516243
general_aleatoire,1.31652808,-1.07425356,0.867105722,-0.993022203,-1.8696866,-0.133628607,-0.505918503,1.59132409,0.527558565,2.68588305,1.84022796,-0.777813733
general_aleatoire,-1.40160942,0.089001894,1.30389452,-0.722726822,-0.834788799,-1.42230439,1.23434448,0.211986303,1.68108463,2.75020719,1.86573303,0.514508367
general_aleatoire,-0.856329918,-0.290024519,-1.06799817,-0.539797544,-0.404167175,1.20888519,1.14196563,0.117931366,-0.0485861301,1.65027285,1.54701257,-0.27906391
general_aleatoire,0.737796068,-1.1340313,0.491316795,-1.5323875,-1.38844466,-0.00405097008,1.37916136,1.17746544,-1.21689963,2.90218854,1.41305876,0.835279286
general_aleatoire,0.611271858,1.72912836,-1.0714047,-0.997714996,-0.253173828,0.935523748,1.42092133,-0.861378431,-1.2893765,2.67188716,1.92865396,-0.104778923
general_aleatoire,-0.728858471,0.128322124,-0.759992599,-0.575074196,0.991568804,-1.50328112,0.227260351,-1.80038452,1.53180981,3.09223938,0.873281777,0.118197903
general_aleatoire,0.22348547,-0.770509243,-1.91700459,0.767970085,-1.58621573,1.01179433,-0.60974288,-1.39407158,-1.82591939,3.08333588,2.03149986,0.680716157
general_aleatoire,-0.397642612,-0.398219109,-0.0687301159,-1.47853994,-0.577250481,-0.600507736,-0.711549759,1.16463852,0.745679379,1.77921247,1.55305195,-0.206120968
general_aleatoire,0.505457163,-1.13653445,-0.21839571,0.837562799,-1.63266683,1.74017668,0.476598501,0.260789871,-1.34516144,2.80753255,1.43629026,-0.38687104
general_aleatoire,0.445736885,-1.69365478,-1.72426939,0.655983925,1.45790744,1.64823937,-0.858208895,-0.15762639,0.460204601,3.27604413,1.19853806,0.341985673
general_aleatoire,-1.83601642,1.91644859,1.52119064,0.382010221,-1.73210502,0.898837805,1.47005296,-0.218721628,-0.432722569,3.44976377,1.78443372,0.789209783
general_aleatoire,-1.75853682,-0.538421869,1.19039726,0.171189308,-1.86000466,1.8283391,0.80263114,1.59496212,-1.90831375,3.96179366,1.66286051,0.0034169904
general_aleatoire,-0.118679762,1.4492209,0.78329277,-1.36945605,0.321716785,0.0570857525,0.773846149,0.388602734,1.31730962,2.02953053,1.64657962,0.604135692
general_aleatoire,-0.169818401,-1.86202478,-0.636946201,-0.696960688,-0.128742933,1.83731627,-0.754337072,1.79734516,-0.247510672,2.64808846,1.98905683,0.819604218
general_aleatoire,-1.95511651,-0.564348221,-1.19423962,0.264819145,1.97508001,-1.04830337,-0.0286998749,1.95462608,0.291463852,2.92762327,2.28550267,-0.865462005
general_aleatoire,0.00347971916,-1.33431935,-1.22335172,1.57734227,-0.0917332172,-1.07494283,1.46566033,-1.24140954,-1.91277289,3.50191498,1.41765594,0.0611171611
general_aleatoire,-1.08751059,0.718216419,1.67848659,0.191871166,0.811386824,-1.32176805,1.0743854,1.26990557,-0.491854668,2.57665563,1.63664603,-0.80572027
general_aleatoire,-0.524461746,1.63670802,-0.824791908,1.15763164,1.31250072,1.00238943,0.554100037,1.88376093,1.59303617,3.23425579,1.81564999,-0.581428707
general_aleatoire,-0.535212755,0.519534588,0.443894386,0.963270426,1.63971877,1.34578347,1.16355562,-1.78104162,0.25351572,2.63648844,1.89309347,-0.486290425
general_aleatoire,1.10419583,-1.69514537,0.454825878,0.610893726,-1.72196889,0.106222153,0.034311533,-1.26327825,-1.67016792,2.96813679,1.78009224,0.23922427
general_aleatoire,1.52901244,0.943788767,-0.627005816,0.186006784,-0.450080633,1.8142941,0.68960619,-1.26745868,-0.0448050499,2.22412491,1.59188128,1.3243053
general_aleatoire,0.424133778,-1.64287591,-1.1536715,-0.450233698,0.456259727,-1.62213564,0.890598774,-1.23699856,0.889217138,2.36944771,2.17342401,0.167571709
general_aleatoire,-1.97130227,1.26029587,-1.27474785,1.41420078,-0.678210735,-1.6909132,0.152873516,-0.626931429,1.67710876,2.99093008,2.57555747,0.261588544
general_aleatoire,0.748489857,0.161307335,-0.00565505028,0.82241416,-1.23729634,-0.56929183,0.210838079,1.00652313,-0.370257616,1.72545207,1.07255697,0.429788798
general_aleatoire,0.481874943,-0.439846992,-0.16082406,1.23901486,-1.22492504,-0.369606733,-0.785836458,-1.89418221,0.483784199,2.30724406,1.65521586,0.0118457181
general_aleatoire,-1.76774669,-0.295774937,1.42497611,1.55754614,1.84240317,-1.06063914,0.753637314,-1.70770955,-0.54252696,3.31343246,2.23068404,-0.110060267
general_aleatoire,0.357394218,1.75440121,1.54420328,0.651212215,-0.541043997,1.37733412,0.590845108,1.06340909,-1.07434964,2.48417783,2.01473141,0.779714823
general_aleatoire,-0.483442783,0.233887672,-0.0851912498,1.1471684,-1.25547147,1.4681263,-0.83194375,-1.57952356,1.11250257,2.73842645,1.49399209,-0.192282602
general_aleatoire,-0.574501991,1.57591343,0.558577538,0.897841692,-1.86110854,-0.139305353,0.762460709,-1.65396309,0.11213541,3.23799109,0.505142272,-0.0676404238
general_aleatoire,-1.77220821,-0.845735073,-0.502697945,1.25861764,-0.144713163,-0.839797258,0.43648243,1.9656601,-1.97404194,3.04207039,1.99126506,-1.07278335
general_aleatoire,1.26548052,1.95889139,0.831921816,-0.544244528,-1.75460982,1.39237857,1.61724138,0.13986659,1.1602211,3.11247468,2.28450656,0.720446289
general_aleatoire,-1.4782424,-1.08389974,1.19026208,-0.431007385,0.839308262,-0.925473928,0.10974431,1.93766403,0.0582122803,2.69612241,1.45289004,-0.95576179
general_aleatoire,1.41678572,-1.65008163,1.72090101,0.623395681,1.15509677,1.64498043,-0.174607038,-1.62702036,-1.17826319,3.01678896,2.66161609,-0.0339771695
general_aleatoire,-0.945954323,-1.16767955,1.60923171,-1.39326882,-0.862624407,0.186598063,0.615774632,1.67986608,0.139272451,2.92447639,1.28781712,-0.759973347
general_aleatoire,1.96719217,0.385310411,-0.850800991,-0.336844444,0.789258003,-0.800034285,0.388391972,-1.80586624,-0.0442557335,2.18514562,2.05413842,-0.733643651
general_aleatoire,0.977123737,0.663074493,0.984373808,-0.514548063,0.682902813,1.77793908,0.574535131,0.821795464,-1.0251317,2.34108472,1.51678896,-0.728436947
general_aleatoire,1.01680422,-1.91062045,-1.03031182,1.23486137,-1.32567215,-0.0354459286,-0.422636986,-0.772647619,1.06668973,2.92250919,1.41917896,0.622697413
general_aleatoire,-1.59227252,1.75518346,-1.7491138,-0.290680885,-0.604533195,1.096627,1.21894813,-0.118369579,1.67489481,3.57806206,1.00515354,0.905651391
general_aleatoire,-0.819087029,1.58700538,0.957060575,1.68000317,1.19280839,1.63090134,-1.18863702,0.108898878,-0.779322147,3.00715399,1.98529196,0.24124141
general_aleatoire,-1.12233758,-0.0208928585,1.19218612,-1.25391269,-1.14514828,1.71533704,-0.93117094,0.365335464,-1.06698275,2.87144089,1.43329966,-0.58899051
general_aleatoire,-1.51518703,0.0599296093,-1.26388073,-0.712690115,1.8174212,-1.38337588,0.95267415,-0.187306404,0.937620163,3.07334447,1.41262162,-0.0480747186
general_aleatoire,1.49562883,-1.71000576,0.282211304,1.58119512,1.51334238,-0.225058556,-1.21651149,0.638869286,-1.33210468,2.80073071,2.2256062,-0.973059535
general_aleatoire,1.8387568,0.302308321,-1.59995055,-0.146684408,-0.0708942413,0.640690565,-1.8015492,1.17850709,-0.0018184185,2.92086196,1.58059263,-0.272104084
general_aleatoire,1.005229,-0.990962505,1.76904464,1.64426208,-0.406974554,-0.406030178,-1.17445326,0.535489559,0.203650475,2.60943055,1.74078631,0.15555124
general_aleatoire,1.441149,-1.55702758,1.93476725,-0.844595671,0.0152773857,-1.16844797,-0.17696929,-0.413745165,-1.69704151,3.36634898,1.38370001,0.398669124
general_aleatoire,-1.55513382,-1.94904423,-1.87263322,0.435208321,0.627175808,-1.73814273,0.440995693,-0.478484392,0.833435535,3.20927048,1.95421338,0.572309554
general_aleatoire,-1.98557448,0.641545534,0.460909843,-1.54282141,-0.298339367,-0.835684538,-1.49191713,-1.48189378,-0.814529657,3.06002998,1.78597045,0.515760481
general_aleatoire,1.37188959,0.278642654,0.987614393,0.626853466,-1.193892,-0.1506567,-0.634763241,1.21583629,1.86645985,2.58085895,1.73169291,-0.693821073
general_aleatoire,-1.55023837,0.37663722,-1.66181731,1.20462227,-1.82302308,-0.941636086,0.143311262,-1.15978837,0.824926615,2.75703144,2.13087034,0.933947682
general_aleatoire,1.13566756,-1.47791457,0.743489742,0.555782318,0.723911524,-0.0922091007,0.210538149,1.94937778,0.254313231,2.60092664,1.36742854,0.377610058
general_aleatoire,0.869894266,0.942789793,0.629893303,-0.919990301,0.28179884,-0.588926315,1.98946452,1.48654699,1.92183661,3.527565,0.832739651,0.197577834
general_aleatoire,-0.764539242,0.152460337,0.185238123,-0.179266691,0.810557842,-0.151540518,1.99969912,-0.28663063,-0.258834839,2.2064414,0.79140991,-0.0861267149
general_aleatoire,0.125593185,-0.287628651,-0.905663013,1.37035346,1.70715499,1.22201228,-0.0390799046,0.924303293,1.36803102,2.94611788,1.10829008,-0.154096201
general_aleatoire,-0.147081614,-0.0987854004,-0.70424366,0.873161077,0.434921741,-0.652472258,1.50489306,0.499227285,1.53510976,2.30311394,1.20977116,0.0851515085
general_aleatoire,-0.00651431084,-1.56600666,-0.531543016,-0.286598921,1.52622485,-0.141112328,-1.54915333,1.91046143,-0.0523076057,3.15955496,1.04074872,-0.391026706
general_aleatoire,0.711992025,-1.22252393,-0.371014357,1.4442203,-1.89576864,-0.986122847,0.261540413,0.533721209,-1.61569619,2.97946358,1.69405448,-0.0895016342
general_aleatoire,-1.33774614,1.33779979,-0.380345345,1.01007462,1.59742856,-0.157963514,-1.33574224,-0.28315711,0.652783155,2.22656107,2.08079648,-0.569332719
general_aleatoire,1.58935571,-1.18195868,-0.846166611,-0.337003946,-1.00392032,0.16246748,1.75678968,0.309225559,1.2369833,2.46180987,1.89590991,-0.918680906
general_aleatoire,0.410045147,1.28250217,0.560525656,-1.21922493,-0.912925243,-1.42681623,-0.394530058,-1.89588189,-1.85072541,3.55643058,0.885932446,-0.474358112
general_aleatoire,-1.05183411,1.0750277,1.09676194,1.34839797,-1.03984642,-1.203053,0.916413069,-1.19422436,-0.992367029,3.31256914,0.295901686,-0.0427298509
general_aleatoire,-1.83185458,-0.418830156,1.88153505,1.93264914,1.22874618,-1.02075315,-0.557187319,-0.494517565,-0.0723669529,3.59976745,0.976580501,0.0798546448
general_aleatoire,-0.795651436,-0.832132339,-1.56150007,0.388975859,-0.0404236317,0.869233608,-0.48523736,-0.210526228,0.779548168,2.1623702,0.877295434,0.338040352
general_aleatoire,1.49437666,1.27037811,0.0681033134,0.176998854,-1.42298698,-1.87121439,0.489165306,0.475689411,-0.151076317,2.59464169,1.77480006,0.125022456
general_aleatoire,-1.77843714,1.74268723,0.465425253,-0.432424545,0.740119696,-0.388537169,-1.20892954,0.603093386,1.27738452,3.06605816,1.16547918,-0.00608579302
general_aleatoire,0.107944727,1.64434052,-0.502200603,1.25234771,1.95909762,-0.779563427,-0.791258097,0.346571922,-0.889884949,2.93869185,1.29915273,0.443011731
general_aleatoire,1.65926051,1.4577105,-0.717341185,-1.98650837,1.28011107,-1.19498754,-1.96209955,0.361786604,-1.98541331,3.79696846,2.28925753,-0.818815708
general_aleatoire,-1.35019803,1.03884649,1.94321561,1.0457902,-0.143217564,1.15590858,0.389456272,1.72010732,-1.3585062,2.7867794,2.12177038,1.34780288
general_aleatoire,-1.52837491,-0.842487812,-1.07206011,0.458498955,1.61489964,0.198213339,-1.29105544,1.1374557,0.728916883,2.4657445,1.96612394,-0.773854017
general_aleatoire,-0.923067331,0.121851921,0.614168406,-1.66722536,-0.836098194,-0.85894537,0.347010374,0.0814888477,0.420123816,2.16654778,1.01822484,0.18286784
general_aleatoire,1.40940046,-1.51264358,0.830153942,0.194532394,0.487532616,-1.9522469,-0.0158686638,0.0048429966,-0.805264235,2.65149808,1.62256289,-0.189810723
general_aleatoire,0.790087461,-1.52302051,-1.70866919,-0.363696098,1.75484324,-1.88592625,-0.164978027,-1.1557765,1.75366497,3.34946156,2.40684223,-0.241751656
general_aleatoire,-0.2700665,-1.57040644,-0.325579405,1.79961038,-1.82281828,-1.56321168,0.356240511,-0.154016972,0.198736906,3.1866889,1.24339688,0.372979254
general_aleatoire,1.75196815,-1.68758297,-1.06916738,1.77265215,-1.86086011,-1.60246897,1.17244267,1.41933656,0.383534431,4.03673649,1.8439337,0.272678941
general_aleatoire,-1.99876118,0.0556845665,1.52912426,-1.86262655,-1.92112112,0.612925053,1.03124809,-1.3135066,-0.553236961,3.45095611,2.21408772,0.394575
general_aleatoire,1.72478652,0.952867031,0.742907763,-0.393019199,0.82813549,-1.71636844,-1.06967902,1.07002664,1.52301526,2.47777414,2.05117512,1.57575703
general_aleatoire,-1.71498942,0.150930166,1.68848157,1.42833662,-1.79610395,-0.916210175,-0.0826990604,1.02184677,0.892137527,3.36808062,1.40464771,0.671141028
general_aleatoire,0.298267603,-0.427014351,-1.80632281,-1.13106632,-0.378630877,1.03636384,-1.26435828,1.13717866,-0.563305855,2.26653433,1.80969787,0.909800172
general_aleatoire,1.69077992,-0.466593504,-0.495339632,-0.100286722,0.0250067711,0.401161671,-0.547486305,0.283910513,-0.971672773,1.87106442,1.14703929,-0.0365237854
general_aleatoire,-1.84403443,1.00413179,1.00275683,-0.641392708,1.79673553,-0.287402391,-0.605274916,-0.385305405,-1.28101254,2.72551703,1.5352602,1.22753942
general_aleatoire,0.850644827,0.160006046,1.67118239,0.819651604,0.667024136,0.715619564,-0.113669634,0.448438168,1.11682034,2.41060185,0.732414782,0.533650458
general_aleatoire,-1.41507101,0.563885212,1.34729958,-1.75755858,-0.297513962,-1.61734581,-1.11412573,-1.84833241,-1.6549356,3.46779132,2.10228682,0.938178301
general_aleatoire,-0.172734737,-0.333123684,1.30341363,0.471892118,-0.747667551,0.661510706,-0.463359356,1.85094762,1.63790822,2.61551523,1.55259705,0.361877799
general_aleatoire,-1.38740778,1.34761357,1.94309449,0.660192251,0.618703365,-0.932785034,-0.183083773,-1.53183413,1.55277681,3.00460911,2.20308495,-0.339420408
general_aleatoire,-1.93576479,0.777918816,-1.57195735,-0.605131149,-0.829614401,1.53634262,0.207160234,0.666461706,-1.74399972,3.19547796,1.87786126,-0.171361119
general_aleatoire,0.79534936,-1.45508909,1.58555937,-1.2756772,-0.206335306,0.527928352,0.627616405,0.463159084,0.978755951,2.39173532,1.45189035,-0.974934638
general_aleatoire,0.203062773,-0.184239864,-0.997994423,-1.66619158,-0.515521288,1.08575892,-1.6132412,-1.80873466,-1.0941577,2.91163969,1.96332622,-0.175936148
general_aleatoire,0.871657372,1.59082079,1.6435008,1.91876698,-0.612124205,0.590638161,-1.59175301,1.66729307,-1.06854415,3.26968741,2.39396024,0.655923069
general_aleatoire,0.570967436,0.249126196,-1.8672142,1.77063894,1.98705029,0.0491309166,-1.60419083,-1.54905105,0.730566978,3.61965632,1.83391953,-0.0452138297
general_aleatoire,0.511132479,-0.988655329,0.931379557,-0.432075739,-0.426865339,0.583736658,0.886056185,-0.254050732,-0.700708866,1.57556176,1.27232397,0.235037953
general_aleatoire,-0.997815847,1.15636039,-0.662215471,-0.635711432,-0.633807659,-0.975571871,1.83729553,1.51672554,1.19445205,2.97393417,1.61411953,-0.42670396
general_aleatoire,0.193893671,-0.165805101,-0.859375,-1.2007165,1.74034739,1.24406433,0.763404608,-1.37127018,-1.11719847,3.18716311,0.597734272,-0.133579209
general_aleatoire,-1.15815115,0.458569288,-0.535946608,1.4814353,1.52139258,0.784612417,-1.47285342,-1.02096343,-1.51106334,3.30292821,1.14573526,0.486489415
general_aleatoire,0.595393181,-0.0241000652,0.476637363,-0.89435792,1.28337455,0.274911642,-1.28746963,-0.193453312,0.798538446,1.91367781,1.14062631,0.688647032
general_aleatoire,-0.260163784,-1.89051723,-1.55210829,0.784701109,-1.43580127,1.84174919,1.28431416,-1.30244708,1.54353094,3.41408515,2.45300937,-0.418554336
general_aleatoire,-0.754801035,-1.06126595,0.331486225,-1.54615808,0.929579973,-1.78633332,-0.622514486,0.433190346,0.657035828,2.54701424,1.35663605,-0.964746356
general_aleatoire,0.861412764,1.59711504,-0.508760214,0.90623498,0.71870327,0.8440907,0.851835251,-0.472117424,1.74136901,2.26917434,2.10213113,0.121272556
general_aleatoire,1.64571714,-1.74050546,-0.890708447,-1.23083329,-1.17887878,-1.72589612,-0.54310441,1.47197556,0.6006248,3.22863245,2.16951466,0.325717896
general_aleatoire,1.17034841,1.44671178,0.298568249,-1.47168493,-1.66534638,1.25520849,-0.906750679,1.25129342,-0.809120655,3.08914232,1.65794683,-0.904232502
general_aleatoire,0.347677231,0.242972612,1.04259157,-0.967824459,-1.27247739,-1.70816064,-1.32165623,0.923048973,1.45120001,2.91443729,1.67376959,-0.387211353
general_aleatoire,-0.803679228,-0.00740647316,-0.190503359,-1.01625133,-1.48933363,0.754921198,1.21019316,1.56750059,0.262127399,2.73701072,0.855963945,0.519103169
general_aleatoire,0.529290438,1.60634232,-0.610620022,-0.0181138515,-0.0670490265,1.76570249,1.00907779,1.5674727,-1.72999525,3.27297807,1.42238009,0.297339201
general_aleatoire,0.3058393,-1.13134217,1.73557353,-0.149667263,-0.707645178,0.416963816,-0.537431479,-0.643337727,-1.81808829,2.65347147,1.42451811,0.14390412
general_aleatoire,-0.806436539,0.356803417,-1.83446336,0.887695789,-1.86959314,1.09407663,-0.885220766,-1.4007349,0.122024298,2.94531488,1.77747774,0.741314471
general_aleatoire,-0.223363876,0.225485802,-1.29254723,-0.0238902569,0.648509264,-0.360477448,-1.36821461,-0.990833759,1.61665463,2.57736182,0.949660361,-0.495155305
general_aleatoire,-0.397222281,-1.07746148,-1.44496036,-0.834391117,-1.53896332,1.40362525,-0.800227165,-0.166129589,1.98139501,3.00701523,1.96562564,0.359811783
general_aleatoire,-1.90401626,-0.694012403,-0.0216550827,1.74582553,-1.66182685,-0.430951595,1.94137883,-0.243960142,0.352446079,3.31573796,1.70316422,0.400619954
general_aleatoire,1.1882515,-0.973869562,-1.6254468,0.254870653,-1.27074671,-1.69253182,1.89536095,1.19956517,0.0236692429,3.01182795,2.34170127,0.155243605
general_aleatoire,1.70131207,-1.8227613,1.49777746,-1.81047726,-0.632969618,1.62896252,-0.696927547,1.49346018,-1.85964966,3.83040833,2.50491118,0.141686738
general_aleatoire,-0.16640377,0.605601311,-1.3471117,0.139619112,1.32113838,-0.162614584,-0.701599598,1.63052368,-0.32376647,2.39043617,1.12091339,-0.534358859
general_aleatoire,-1.32848454,0.729905367,-1.96133494,-0.586406708,-1.70673442,0.51467967,-1.10651445,1.54113078,-1.86685801,3.72301698,1.69126391,0.171948969
general_aleatoire,1.18949294,0.011374712,-0.473555803,-0.743638277,-0.848253965,-1.27806807,-0.857958317,1.00033617,-0.605635405,1.84695613,1.45985794,1.05185354
general_aleatoire,-1.18219471,-0.0259320736,0.750420332,-0.333610296,-0.602940559,-1.46798396,0.0473108292,-1.34617662,1.73546815,2.50714946,1.289024,1.21247542
general_aleatoire,-0.628281593,-1.85059357,0.248256207,0.00105786324,0.370655775,1.41769171,-0.0551719666,0.351896763,0.955103397,2.03380132,1.71060836,0.0697904602
general_aleatoire,-0.892518044,0.948995113,-0.409275532,-0.289490223,0.721062422,-1.50223684,1.56324744,0.120698929,-1.83573461,2.67905092,1.8197819,-0.253871799
general_aleatoire,-0.474123955,-1.71384478,-1.44830823,-0.699794054,1.92726874,-1.06888127,-0.520978451,-0.940276623,0.503191233,2.74535823,1.98872018,-0.723172665
general_aleatoire,-1.11492014,-0.0394847393,-1.21669984,-1.4286871,-1.47750425,-1.77782559,1.73581648,0.503077507,-1.42324233,3.10510373,2.27575541,-0.76211983
general_aleatoire,-1.01191258,-1.18238497,-1.02538419,-1.01493716,1.8279047,1.73205948,-0.152906895,1.02285647,-1.88229585,3.06546044,2.03857827,1.3800658
general_aleatoire,1.1587975,-0.640629292,-1.58096719,0.337965965,1.3452394,-0.685730457,-0.367227793,-1.89259219,-0.948708057,2.64905977,1.97220933,-0.597053051
general_aleatoire,-0.222754955,0.303000212,-1.57637477,1.28873158,0.476639986,1.11460853,0.478348255,1.55998993,-1.8489635,2.9226265,1.79742646,-0.255570859
general_aleatoire,1.71252871,-0.83733511,-1.04751182,-0.345255136,-0.304568529,0.201056242,-1.94148588,-0.815746307,1.51728654,3.20179272,1.20959759,-0.0769256204
general_aleatoire,-0.849014044,-1.38171148,1.93206048,1.44589925,-1.83254886,-0.682450771,1.95618153,-0.52746582,-1.80899239,3.67199683,2.48083735,0.128892824
general_aleatoire,-1.84347105,-0.846634388,-0.692484856,-0.0252366066,1.55345464,-1.42680669,-1.89781046,-1.46061468,-0.374690294,3.25831747,2.07273483,0.0833991542
general_aleatoire,-0.974749327,-1.87440157,1.89402866,-0.5163064,-0.479532719,-1.30943751,0.263979197,-0.991126537,0.817165375,3.09371066,1.42559636,0.615157425
general_aleatoire,1.51039338,0.968887329,-0.255803347,0.752163649,-0.904808044,-0.652287245,0.357353449,-1.5530889,-1.4315722,2.48699594,1.84336925,0.318431497
general_aleatoire,-0.873134136,-0.962433577,-1.1588192,0.184991837,-1.45489097,-1.04990792,-1.9020133,0.716510773,1.74290323,3.11298466,1.87016284,0.515083194
general_aleatoire,-0.0340349674,1.68413734,1.08795619,-1.79833221,1.79297805,-1.30766177,-1.5367806,-1.44199824,-0.661339998,2.95672107,2.73906565,0.902007997
general_aleatoire,-0.87510848,-0.721803904,-1.18372464,-1.39526844,1.78341413,1.24121237,-1.6633184,1.03951478,-1.15331674,2.96066475,2.33853149,0.546864092
general_aleatoire,-0.0622982979,-1.67710686,0.151082993,1.92154121,-1.76182365,1.67365384,0.222029209,0.866526127,1.16536593,3.2876296,1.8505199,0.601800919
general_aleatoire,-0.296108007,0.295310259,-1.23928761,-0.938774586,-1.11404133,0.670192957,-0.227840185,-0.554046392,1.07289052,2.13349485,1.11153996,0.0701216385
general_aleatoire,0.17949295,-0.941082239,-0.0497386456,-0.756832361,-0.475300074,0.399776936,0.875511885,-1.04908276,1.53550434,2.14765763,0.975621641,-0.734474838
general_aleatoire,0.336874485,-1.97915006,-0.451476574,1.73446608,-1.86252737,0.0460603237,-0.389194965,0.802927494,1.67810106,3.33205724,1.58844185,0.836832464
general_aleatoire,1.42249823,-0.827552557,-0.13158536,-0.708670616,1.3398962,-1.73623657,-1.28952074,0.460189581,-1.36332989,3.09873343,1.31536353,-0.662335396
general_aleatoire,1.39696932,0.629885435,-0.588308573,1.48057199,-1.03901792,1.56970453,1.82644725,0.574961662,0.980290413,3.06994915,1.80384791,-0.615641594
general_aleatoire,0.101956844,0.268654108,-0.674427748,-0.777875423,1.92000151,-1.11680794,-0.721217394,0.862976074,0.976744413,2.46331286,1.49107361,0.0622965619
general_aleatoire,0.0871551037,0.127927065,0.0823991299,0.434049368,-1.70516086,-0.426077843,0.0487778187,1.85929227,1.29097605,2.83468556,0.627652109,-0.0695834979
general_aleatoire,0.286729097,1.78719687,1.75115037,-1.57327056,-1.96963453,0.524660826,0.290682316,0.273388863,0.868747473,3.15034723,1.95070899,0.395890951
general_aleatoire,1.56124973,0.980320454,1.00497603,1.61990738,1.86104727,-1.98239374,1.84013009,-1.9986794,-1.09725976,3.38581944,2.84458303,-1.85885441
general_aleatoire,-0.110946178,0.901403427,-1.88282537,0.122092247,1.89813018,-1.14159203,-1.1117394,-1.22052383,-0.109341145,3.04574203,1.58533347,-0.488545626
general_aleatoire,-1.67566276,-1.75544953,1.18218088,0.088193655,-0.701981068,-0.480175734,1.42787528,-1.82136011,0.433261395,2.85295606,2.23133707,0.666181028
general_aleatoire,-0.659502983,0.694533348,-0.434256077,-0.83330512,1.9596858,-0.170823097,-1.16845655,-0.350729704,0.179118395,2.34763217,1.24260747,-0.36712414
general_aleatoire,-1.05724549,1.94926214,1.33004856,1.16807675,0.488337994,1.97346997,-1.85027218,1.87319303,1.27966785,3.95248747,2.24521494,-0.301066846
general_aleatoire,-0.0418419838,-1.57584906,0.785503387,-0.385214329,-1.55822754,0.285027504,-0.23540473,-1.96939516,1.23607397,3.3027854,0.536944509,-0.157733917
general_aleatoire,0.611632347,0.0213410854,0.638811588,0.810796022,0.610105038,0.983005285,-1.34612846,-0.986123562,-0.977070808,2.50731897,0.430500746,0.213861227
general_aleatoire,1.50279737,-1.01049685,-0.160710335,1.8402679,-1.1592598,-1.72988749,1.46166348,-0.284954071,-0.328724861,3.49535728,0.953800201,0.476208687
general_aleatoire,1.48501539,1.00124955,1.07786393,0.192132235,1.28976846,-0.472513199,1.88917422,1.23950553,-0.450952768,3.0312767,1.34473228,-0.777828097
general_aleatoire,0.337879658,-0.761379004,-0.43775177,-1.87736225,-1.56160855,-1.39992261,1.58178115,0.248058558,-1.85812187,2.87506676,2.47972846,0.639921725
general_aleatoire,-1.36935782,1.45274925,0.945219994,-0.560153961,-1.85106969,0.557354927,-0.962048054,1.68879867,0.781812429,3.18926239,1.77139962,0.0974339172
general_aleatoire,-1.39317369,-0.97798872,0.267801762,0.915041685,1.05773139,1.98345542,1.03033519,1.18833566,0.102527618,2.92714238,1.64644074,0.254203022
general_aleatoire,-0.632658243,0.498957634,1.6023674,1.03010798,-1.79528117,1.36411047,0.900027275,1.04725218,-1.90671086,3.22307801,1.99880207,0.721554816
general_aleatoire,-0.583980322,-1.30177808,1.98690557,1.95034289,-0.261989355,-0.556460381,-1.90214133,1.28199744,-0.549532413,2.94574618,2.65399575,0.0900488719
general_aleatoire,-0.495653152,-1.48886824,1.36011362,-1.51422977,1.86175823,-0.873859882,-0.257855177,-1.78649807,0.237396717,3.3518188,1.51223791,0.792366445
general_aleatoire,0.754048586,0.514557838,-1.70404458,1.73933911,-1.18684196,-0.973023653,-1.62840128,0.444997311,-1.74732924,2.70621014,2.63226628,0.876510143
general_aleatoire,-0.701119184,-0.928993464,-1.13226748,0.287595749,-1.66031885,1.858742,0.482843399,1.50222659,1.52834177,2.79842997,2.41770291,0.282969505
general_aleatoire,1.50373554,-0.594428539,-1.29573202,0.210674047,-0.940371275,0.568535089,-1.69442677,-0.341399431,1.11387324,2.83983302,1.22520852,0.45603022
general_aleatoire,1.6133914,-1.72073483,-0.548979521,0.22678256,-1.49995685,-1.00849771,-1.42391872,-1.0262177,1.56343031,2.97723055,2.24372268,-0.900275588
general_aleatoire,1.96290016,1.95203209,1.02711916,-0.844248772,1.34775734,-1.42558932,0.287930727,-0.0711510181,1.48405695,3.09172297,2.35206509,0.692330241
general_aleatoire,0.838112116,0.581962109,0.449611425,1.78469467,1.80443263,-0.87464571,1.27111149,0.381278038,1.47588849,2.98442507,1.86465168,-0.0707448944
general_aleatoire,0.760525227,0.166668415,-0.42825079,-0.690899372,1.51883173,0.806943893,1.91921258,-0.243788004,-0.0249221325,2.39895606,1.41580033,0.457030296
general_aleatoire,-0.848983049,-0.437437534,-1.3909173,-0.112248421,0.111496687,1.41094685,0.37701416,0.581873655,0.27514267,2.15392113,0.821137667,0.324581355
general_aleatoire,-1.82091069,-1.53380656,0.168679476,0.279949188,-1.93079972,-1.32634377,1.11414146,0.654856443,-0.686751127,2.9613812,2.13726449,-0.257630825
general_aleatoire,-0.282464027,-0.111970186,1.39515424,1.1947124,1.11306286,-1.81420493,0.897528172,-1.365834,0.802948236,2.91196752,1.55304146,-0.64858079
general_aleatoire,-0.408158541,0.241951942,-1.08029938,-1.75554585,-0.648394346,0.621958256,1.99269891,-0.132311344,1.30165768,2.834409,1.70886374,-0.0997365639
general_aleatoire,-0.121781349,1.5356071,-0.483911276,1.7482183,1.71628356,-0.636256695,-1.00219512,-0.811692238,-0.733622313,2.99085975,1.28601706,0.784964025
general_aleatoire,-1.06375027,1.85216308,1.32046747,1.24061489,0.718207359,-1.94365454,-1.05531216,1.62443018,-0.492024899,3.10044003,2.44382405,0.740262389
general_aleatoire,-1.09341097,0.0268468857,0.823729992,0.112560034,0.212292194,1.5549109,0.147247314,-0.477735519,0.871685266,1.99653924,1.05338812,-0.514040828
general_aleatoire,1.63409591,-1.17127419,-0.234529972,-1.36389971,0.985490561,0.60765028,1.72101712,-0.837683201,1.63030267,3.2869873,1.67722774,-0.0439422987
general_aleatoire,1.89580083,-1.77218866,-0.193952799,-1.17718291,-1.55361199,-0.0923783779,0.743260622,-0.273782969,-0.775362968,2.73634744,1.96195698,0.687054873
general_aleatoire,0.563566446,-1.40565038,1.77883601,-0.30870676,-1.55038118,1.85688901,-0.192565441,-0.354277849,-1.23035598,3.40914989,1.04785824,0.600662827
general_aleatoire,-0.610665083,1.57643032,-0.221964359,1.85832071,-1.95153737,-0.0851933956,-1.46759391,-1.58395886,1.39869833,3.19989395,2.55834508,-0.105302364
general_aleatoire,1.14117861,1.91213751,0.788565397,-1.36823416,-0.58131671,0.142071247,1.54962969,1.86533356,1.90332747,3.97100043,1.09928656,0.580322206
general_aleatoire,-1.37367463,0.231415272,-1.2547617,0.262911558,1.70726538,-0.80994606,0.822750568,0.338024139,-1.39213347,2.41606832,1.68589103,1.09747493
general_aleatoire,-0.241430759,-0.426029444,-0.791235924,-1.77492023,-1.73125935,-0.269314051,-0.989168644,1.11160588,-1.20858145,2.56730103,1.94256139,0.629433632
general_aleatoire,0.215888023,0.16816783,0.58976841,0.406679869,-0.692719698,0.434286833,-1.35441637,-0.447276115,-1.94753337,2.53829646,0.787066936,-0.146736562
general_aleatoire,-0.31508112,1.28524923,1.33695364,0.546618223,-0.0950689316,-1.08271527,1.9510932,-0.326264381,-0.241531134,2.4788928,1.5662142,-0.626340806
general_aleatoire,1.20577288,0.598323584,0.154800653,-1.79854822,-0.799360514,0.61335969,-0.931262016,1.40570545,-1.12954402,2.42383838,2.04058886,-0.407354712
general_aleatoire,1.76983118,1.29491949,1.98928237,0.327441216,-0.871285439,0.836628437,0.301480055,1.44048166,-0.197128296,3.06587458,1.7713716,0.00776976533
general_aleatoire,1.94744658,0.255269766,-1.00206566,-1.37018824,-1.27639008,1.42459822,-0.152006865,1.63827562,-1.85971498,3.59949946,1.88019645,0.268277258
general_aleatoire,-0.20135355,1.16687131,-0.87828064,1.5350399,-1.43666649,0.744158745,0.735059261,-0.92802,-0.751072645,2.69542909,1.22404957,0.591309786
general_aleatoire,-1.50737834,1.63815427,-0.471423388,0.684049845,1.33334231,0.582741261,-0.608688831,0.237608433,-1.8629818,2.61049747,1.97666466,0.969047368
general_aleatoire,-1.81689477,-0.902878523,1.7276895,1.95978236,0.511749744,0.706674814,1.97624779,1.6034193,0.149425507,3.80954003,1.79951096,0.671738505
general_aleatoire,1.09946084,0.840443373,0.15882206,-1.77516198,-1.40524459,0.526944637,-0.605422258,1.05859828,0.334960699,2.68319631,1.26034343,-0.394111007
general_aleatoire,1.11405706,1.48252916,1.08044648,-0.925299883,-1.09486961,-1.51509261,1.90159369,0.235329151,1.98072839,3.87484169,1.193084,-0.337166905
general_aleatoire,-1.29399514,-1.69761658,0.44144702,1.74578547,-0.945914268,-0.842203379,-1.07614803,0.757136106,-0.403277159,2.52673388,2.08834624,-0.742586672
general_aleatoire,-0.647556543,0.372766972,1.87101722,0.181270599,-1.5939846,-1.02106214,-0.00901293755,1.56446648,-0.287808895,2.65341187,1.77080071,-0.171301708
general_aleatoire,-1.56047225,-0.695906401,-1.84212995,0.582135916,0.410825014,-1.47577715,-1.5063715,0.866649628,0.0195631981,2.71278977,1.84342754,-1.12318516
general_aleatoire,1.92236829,1.80709291,1.21823478,0.79432106,1.44006681,0.469826221,-0.561453104,0.2992208,-0.700453758,3.36449289,0.964670122,-0.12511158
general_aleatoire,-1.28184319,0.0681931973,-0.269408703,-1.81709361,-0.629906178,1.78143239,1.81229711,-1.42485952,-1.03071928,3.41253877,1.56442285,-0.93629849
general_aleatoire,1.61205196,-0.113934517,-1.66567135,1.75231743,1.29049969,1.15672255,-1.39214993,1.85806084,-1.84747362,3.16495657,2.47270989,-2.03286815
general_aleatoire,0.433320999,0.877957582,-0.664852619,-0.878938913,1.3065989,0.857984543,-0.83417511,0.220340967,-1.340909,1.80091608,1.70012665,-1.01251328
general_aleatoire,-1.56477046,0.82515502,1.72852015,0.555822611,-0.190743446,1.51579547,0.937788963,1.84769893,0.00408220291,2.59676695,2.07263613,1.41935325
general_aleatoire,1.42879033,0.417445898,-1.75991297,-0.788905859,0.658053637,-1.19855881,1.13892961,0.170280695,1.92771482,2.91666317,1.98110616,0.644578278
general_aleatoire,-0.239124298,-0.501354933,-0.4395473,-1.32047367,0.690268755,1.4117322,0.76202631,-0.730133057,-1.81631994,2.92490125,0.713903487,0.250877082
general_aleatoire,0.392807484,-0.645022154,-0.440421104,-0.35294199,-0.390695095,-1.61243153,0.929857731,-1.05639672,-0.55409956,2.05345273,1.3067838,0.0689342469
general_aleatoire,-1.79343295,0.772300243,1.98496819,-1.94268632,0.946228743,-0.701410532,-1.65019941,-0.723824024,-1.91900253,3.21232224,2.96782279,0.846739411
general_aleatoire,0.995341063,0.877151012,-0.741771698,-0.243231535,0.533308506,1.14718676,0.754097462,1.69390392,0.63370204,2.28857017,1.60349572,-0.0272077229
general_aleatoire,0.397201538,0.413174629,-1.25156641,-0.345532656,1.12877607,-0.506780148,1.82324696,0.258336067,0.320924997,1.90971267,1.65640414,0.805318415
general_aleatoire,-1.74518776,0.727989674,1.50327921,-0.650101423,1.30126047,-0.473889351,-0.614461184,0.938617945,0.267276287,2.71656942,1.44525218,-0.193593711
general_aleatoire,1.71108437,1.72891068,0.515953541,-0.913452864,1.1593914,0.969820976,-1.31346011,-1.66907287,-1.15216374,3.48854017,1.69110489,-0.333169132
general_aleatoire,0.0934884548,0.128138542,1.53587651,-1.29378343,0.206836939,0.539980173,0.46501112,-0.833387375,1.63055706,2.36032367,1.44394183,0.552903712
general_aleatoire,1.1661303,0.861442327,1.23244119,0.783478498,-0.144850254,0.345535994,-1.27675748,0.531954288,0.587099791,2.06218219,1.52136743,-0.256292254
general_aleatoire,1.21482158,1.97114801,1.91693211,0.490363359,1.18130136,-1.85690141,0.830147266,-1.93082428,-1.45782065,3.69315362,2.23264074,-1.42767501
general_aleatoire,-0.718552351,1.26832151,-1.21686482,0.943977356,1.25220466,1.0817287,1.37922263,-1.07561421,-0.96552515,2.29226208,2.00587392,1.39585376
general_aleatoire,1.61377478,-0.697421074,-1.61087465,-1.05501223,-0.985551834,1.63353014,0.652093649,0.010597229,0.694857836,2.98502016,1.28289187,-0.889029801
general_aleatoire,0.624547958,-0.746701956,-0.338071823,0.806078911,0.524056673,-0.44827795,-0.456578493,-1.9992981,-0.641286373,2.31254172,1.16538692,-0.313363463
general_aleatoire,-1.34957552,0.537920237,1.53047299,0.364248276,-1.10922408,-0.825888395,-1.54835868,-1.40260625,0.728802204,2.73761368,1.97434139,-0.0390457883
general_aleatoire,-0.525693417,-0.237174273,-0.339209557,1.1863637,0.514737129,1.44577956,1.65811491,1.38395548,-1.85526085,2.8549633,2.04085445,0.0336124487
general_aleatoire,-0.74796319,-1.02535605,0.0221836567,-1.22513628,0.600566864,0.00917744637,-0.712067842,-0.281196833,-1.83560276,2.09980297,1.29194963,1.16200805
general_aleatoire,0.916150331,-0.0173425674,-1.03033638,-1.94872689,0.377993345,1.80258226,1.535429,1.18673444,1.64271092,3.02478385,2.5235076,0.194719046
general_aleatoire,-1.23196101,1.83513832,-0.849713087,1.09304452,1.93135405,1.62395144,-0.505805969,-1.06187654,1.13488936,2.89068031,2.46542001,-1.18601537
general_aleatoire,-1.20967627,-0.212738276,-1.9740479,1.45638347,0.827377319,0.815013885,1.74986863,-1.90835977,-1.25225878,2.97427201,2.75017166,0.858827174
general_aleatoire,-0.822440624,0.547774076,0.231969118,0.98583889,1.70469594,1.71045685,-1.59188056,0.587440729,0.404649973,2.62163711,1.99662256,-0.131272539
general_aleatoire,1.8811748,-0.791293144,-0.621307611,1.55731106,-0.600286007,1.06067824,0.172049999,-0.521189213,-0.465992689,2.66441631,1.32181227,0.365612626
general_aleatoire,-1.33158755,-1.99429727,-1.95400834,0.927088022,0.484537601,1.00686812,-0.375504971,0.98789835,-0.740974188,3.38191986,1.36455643,-0.20770511
general_aleatoire,-0.619917393,1.94200897,0.0891578197,-0.135431528,-0.560106039,0.999356985,-1.93585443,-1.29035044,0.249795675,2.58795071,1.83967698,-0.942047954
general_aleatoire,-1.94617915,-1.50495744,-0.329749584,-1.67983484,0.662659168,1.02199626,0.0263946056,-1.96197534,1.56186485,3.02120042,2.22820568,-1.63205278
general_aleatoire,1.83603358,-0.26408267,0.061021328,-0.755988836,1.93206549,1.66419458,-1.7680099,-0.372791052,0.334118128,2.98945546,2.16916394,0.50276643
general_aleatoire,-0.921408653,-0.602691889,-1.60935593,1.37392974,1.17323899,-0.555109262,1.30036569,-0.958049774,-1.86680889,2.79255772,2.16714811,0.986636937
general_aleatoire,1.4302125,-0.565417767,-0.501387835,0.999505758,-1.93266678,1.78552723,-0.438843727,-0.488727093,0.618088961,2.93719625,1.6376394,0.208333999
general_aleatoire,1.48821354,-0.982562065,-0.425118446,-0.272049665,-1.28202152,-1.77313948,-1.98621559,0.352370977,-0.67927599,2.64874196,2.39525008,0.0110868271
general_aleatoire,1.02517962,-0.486099958,-0.346749783,1.78046989,-0.319069624,-1.17571902,-1.64687014,-0.471077204,-1.19223666,2.64945579,1.80974352,-0.349929988
general_aleatoire,-1.89938354,-1.38129902,1.05415893,-0.0732491016,1.6605649,0.117022038,-1.0487175,1.79576039,-0.284019709,2.93520927,2.22593212,0.488297194
general_aleatoire,-1.70707417,-1.51154971,0.39947176,-0.172658443,0.105993986,-1.46663022,0.0649323463,0.0933938026,1.49263692,2.3706727,2.03632689,-0.157163069
general_aleatoire,0.938488007,-1.17784619,0.213371038,-1.83690691,-1.01912189,0.68908596,-0.584816217,-0.619370222,0.554290771,2.41164398,1.54230106,-0.198578894
general_aleatoire,-1.92964053,0.359021664,-0.994503975,-1.45290089,-0.762692928,1.3797977,0.467353344,-0.0992443562,-1.30965686,2.54240561,2.14116406,-0.57703495
general_aleatoire,-1.35052323,-0.347782612,-1.50869393,-0.0700984001,1.86220694,-0.163050652,-0.873859644,1.89576292,1.63437414,3.10637116,1.95388103,-1.13219678
general_aleatoire,-1.81798315,-0.357658863,1.80387259,-0.456314325,0.327748775,0.803715706,1.18291068,-1.96046686,-0.278429747,2.98452497,1.98448598,-0.350994051
general_aleatoire,-0.647642136,-0.184648514,-0.789417267,1.51730585,1.47239232,1.58373785,0.11649394,-1.04524469,-0.541719437,2.93502665,0.882050514,0.249539435
general_aleatoire,-1.20303249,-0.935682774,-0.0150594711,0.362039089,1.60110807,-1.39330745,-0.710579634,-1.01518106,0.608058453,2.75451779,1.12810242,-0.0648725033
general_aleatoire,-0.82555151,0.832606554,0.431635618,1.11469865,-0.506980181,0.255697727,0.0231330395,-0.390179396,0.601752996,1.68558884,0.785030603,-0.428299367
general_aleatoire,1.86806393,1.82508636,0.44532299,1.05934954,0.914260626,-0.378973007,-0.620068789,0.993101358,0.679796696,2.98691559,1.36290872,0.417498797
general_aleatoire,1.79877663,-0.968809366,-0.00247788429,-1.01961255,-0.358012438,0.858888626,-1.68792534,0.0855789185,1.56948137,3.06324315,1.38713717,-0.302897155
general_aleatoire,0.733106375,-1.01426291,-0.922246218,-1.74416852,0.394893169,0.148813725,-0.224265575,1.38359857,0.387840986,2.40714645,1.32263029,0.456375331
general_aleatoire,-0.373459816,-0.836481094,1.13226986,0.86180377,1.34558392,1.22371745,-0.182385921,-0.960334301,0.363820076,2.11115718,1.65720665,-0.237795249
general_aleatoire,-0.797517776,0.135648966,0.644616842,1.75678325,0.782340527,0.9020226,0.816398621,1.70137119,0.730793953,2.78742099,1.2184099,0.650343418
general_aleatoire,-1.11996031,-0.42876935,-0.759052753,-0.420585394,-1.71634626,-0.98072958,-0.000368356705,-1.37266541,1.49569464,2.33640265,2.04150105,0.770513356
general_aleatoire,0.770309448,-0.692613363,-1.62724495,-1.48687172,1.75116897,-1.72621512,1.30674505,-0.209999084,1.43002295,3.3814857,1.94191015,0.754586995
general_aleatoire,-1.34391308,1.62667513,-0.615583897,-0.36558032,1.27991915,1.38680267,-0.463810682,-1.36775494,0.439483643,2.64579988,1.58665955,-1.13466108
general_aleatoire,-1.91343284,0.00864005089,1.13956547,0.87413311,-1.70081353,-1.37534022,1.95409846,1.68176413,0.69918561,3.03038836,2.88437867,0.375689
general_aleatoire,0.574531078,1.01379871,-0.916185141,-1.01678467,-1.50698519,0.695461512,-1.40109777,-1.8271203,1.13065147,3.52354503,0.367030144,0.124606706
general_aleatoire,1.35130286,0.352440119,-1.32150364,-0.476966858,0.789432049,-0.668396711,-1.1020782,1.42303181,-1.72618747,2.81854534,1.80050457,-0.165419862
general_aleatoire,1.4990499,-0.0740253925,0.32504797,-1.32285523,0.0981762409,0.917775869,1.26579213,-1.04973674,0.997340679,2.49978375,1.4716785,0.494259924
general_aleatoire,-0.630109787,-0.398699284,0.269756794,-1.66904545,-0.860126972,1.07400036,-0.4880476,-1.32519603,1.26248693,2.83769488,0.907692492,-0.139879763
general_aleatoire,-1.93449259,-1.28316069,1.37321067,-1.67119384,0.313015223,-0.686568975,1.56666398,-0.302493095,-0.061647892,3.1339612,1.80072296,0.34948191
general_aleatoire,0.170636892,1.70592427,-0.510305405,-0.584113121,1.15964675,0.898087978,-1.84272218,-0.796054125,-0.272929907,2.35845852,1.77538872,-1.04005909
general_aleatoire,-1.99534535,-0.470976353,-0.481021881,0.590313911,0.951061964,1.86510491,-1.3999033,0.0415015221,0.0192079544,2.85271549,1.7232877,0.142558634
general_aleatoire,1.94750738,-1.15071416,-0.791002512,-1.70150352,-1.87652755,0.469807863,-1.33734751,1.80787039,-0.419500589,3.14068627,2.69687033,0.68967849
general_aleatoire,-0.757183313,-0.73466444,0.322583199,-1.6117835,1.81441331,-0.269359589,0.601933241,-0.647536993,0.692453146,2.63365698,1.10797334,-0.526288092
general_aleatoire,-1.50952315,-1.28428602,-0.815531492,-0.0295615196,1.54574418,-0.53166914,-0.791804552,-0.116172791,0.855821609,2.36555624,1.38327181,-1.06282485
general_aleatoire,1.2033062,0.448188305,-0.157204151,-0.291275501,-1.74859738,-1.04389763,1.62216663,-0.523941278,0.179263353,2.15846753,1.97714007,-0.525068343
general_aleatoire,0.368428707,1.6979773,-0.596987247,0.289417982,-1.14041448,-1.72145486,-1.53414917,0.211477518,1.51906753,2.80134296,2.00239253,0.756160378
general_aleatoire,0.302955627,-0.238748312,-1.14264059,0.500833273,-0.115883827,-0.0383586884,-0.162234068,1.49026585,0.491504431,1.76368928,0.937709987,-0.468009889
general_aleatoire,0.187739372,-0.961543798,-0.0768744946,0.326993465,1.69840384,-1.03619194,0.878758192,-0.214219093,-1.55380058,2.33153558,1.68142831,-0.0076407548
general_aleatoire,-1.50917721,-1.28918219,-1.85079789,1.14849138,-0.71765089,1.34340525,-0.901713133,0.180763245,-0.372256517,3.15231133,1.37118578,0.413486958
general_aleatoire,0.217820883,1.84793043,0.527731657,0.088917017,-0.243536949,0.212706804,0.720796347,1.76640415,-1.56607509,2.80000973,1.44009304,0.177916512
general_aleatoire,1.68458843,1.84511685,1.53644776,1.00061917,-1.60802126,0.524696589,0.537189484,-0.734711885,1.23239589,2.98666072,2.35084343,-0.604823291
general_aleatoire,-1.35617828,1.34229875,-0.362628222,0.311628342,0.646306753,-1.93001795,0.534838915,1.89485145,-0.469435453,2.77863979,1.68539739,-1.24408984
general_aleatoire,-0.111213207,0.453145504,-0.425616503,1.25499296,-0.420205355,-1.89486098,-0.303396702,-0.197515965,-1.03127718,2.44580603,0.849655509,0.481299698
general_aleatoire,1.0342207,-0.690665722,0.184577703,1.94143033,0.605904341,-0.527328014,0.0667054653,0.106899977,1.96749806,2.31288648,1.93357301,0.890968263
general_aleatoire,1.39317703,-1.78151393,0.10971117,-0.0358207226,-0.702186346,-1.63433385,0.0950038433,-1.36085796,-1.54365492,2.98083258,1.89885175,-0.212125212
general_aleatoire,-0.467846632,-1.47997236,-1.3778398,0.776429892,1.85474849,1.66984248,1.78715897,0.902712345,-0.655561447,3.44323778,1.92864883,-0.0443365537
general_aleatoire,-1.70154715,0.558990717,-0.388417721,0.135013103,-1.98978567,1.2623477,0.044826746,0.509782314,-1.22718215,2.77922416,1.58432674,-0.6806494
general_aleatoire,-1.9989903,1.47258639,1.05269742,-1.58265996,0.987392426,-1.99426651,0.0388906002,-0.195415974,1.61167574,3.21327639,2.64753079,0.179264173
general_aleatoire,-1.37826681,1.63378477,0.951945305,0.0956466198,1.67973876,0.431952715,-1.83224797,1.98608828,-0.41767168,3.6912508,1.26292145,0.86495775
general_aleatoire,-0.80471921,1.98725986,-0.701531172,0.930687666,-1.26890445,1.81275034,1.58346772,-1.34366703,0.977953434,3.84729314,0.933684707,0.668620884
general_aleatoire,-1.11452579,-1.57742882,-1.38075519,1.92706919,-0.790524006,0.923846722,0.897536039,1.4020884,-1.34021354,2.7806356,2.30484915,-1.53371549
general_aleatoire,-1.80739689,0.0969359875,0.0198435783,-0.923160553,0.794393063,1.31678295,0.171786308,-1.97363043,0.666589737,2.38688278,1.92779839,-1.20379877
general_aleatoire,-1.10754037,1.27149606,0.420962811,-0.50265193,-1.61315823,1.39467454,-0.13475132,-1.34833574,-0.255170822,2.54472589,1.68383837,-0.641054869
general_aleatoire,-0.916455984,1.41009188,-1.82661772,0.501588583,-0.542292833,0.558808088,-0.480361938,1.80723023,1.22108221,2.70772123,2.15769458,-0.152291313
general_aleatoire,1.92944145,0.612522602,0.613578796,-0.253109932,0.0880057812,0.608455896,0.431680202,-1.78886676,-0.470225334,2.17962003,1.85220742,0.585254908
general_aleatoire,-1.27891397,1.94982624,0.507791281,0.82008481,0.565467119,-0.835973024,1.09653854,-1.76893497,-0.388000965,3.19293189,1.29366517,-0.0112841316
general_aleatoire,-1.82111239,0.890216351,-1.18034816,0.735921144,-1.06834793,1.85357332,-0.339818239,-1.13947916,-1.14061618,3.17659235,1.56053531,-0.899846733
general_aleatoire,0.206718206,0.523641586,0.407057762,-1.15498114,1.99459147,-1.24849391,-1.19526362,-0.115052223,0.0928719044,2.65914893,1.17158771,0.600473285
general_aleatoire,1.55467439,-0.615258932,-0.126778126,0.103571653,-0.344605207,-1.07148576,0.312379599,-1.80955052,-0.971145391,2.46041727,1.36602426,-0.69619894
general_aleatoire,0.290261745,-0.586253881,-0.656582832,-1.14465904,-1.27223444,0.28723979,-0.704257965,0.789550066,-1.80287933,2.17186451,1.6695807,0.857686341
general_aleatoire,0.694794416,1.80176878,-0.980728865,0.324591637,1.11859274,1.25907469,-0.97618556,-0.307527304,-1.39875388,2.4039886,2.11277342,-0.627589941
general_aleatoire,1.6132586,-0.600765228,-0.0667271614,0.390976191,0.295781136,-1.43199277,-0.0328242779,0.592348337,0.933113098,1.93028188,1.51417089,0.680352092
general_aleatoire,1.45227194,0.266624212,-0.827438116,-0.913604498,-0.199173689,-1.41784191,-1.08675838,0.424497366,-0.554953098,2.11151624,1.63908124,0.523050785
general_aleatoire,-0.0432803631,-1.91211772,-1.61609745,1.81507754,-0.417530298,-0.336439371,0.0591056347,1.15548038,1.30757284,3.10593057,1.79177737,0.207297534
general_aleatoire,-1.42942643,-1.69559598,1.24942017,-0.606018782,1.44058919,1.29062438,0.861908436,0.593695641,1.61283326,2.56014371,2.50157094,-1.21326959
general_aleatoire,-0.840166807,-1.33121157,1.38134027,-0.0940728188,-0.0268259048,0.480437994,-0.00659251213,0.384771824,1.90634918,2.54107738,1.39681351,-0.0243665799
general_aleatoire,1.44416356,1.78846598,-1.13723469,-0.565869331,-1.29742479,-1.43768358,-0.98648572,-0.697333097,1.56620002,3.16039777,2.13542843,0.110526174
general_aleatoire,-1.87806702,1.76410818,-1.91692853,0.278520346,-0.41791153,0.00548768044,1.76407909,0.421542406,1.48542929,3.73444176,1.43800116,-0.219889149
general_aleatoire,0.465230465,0.045771122,-1.31878138,0.260905504,0.745643377,-1.97626615,-0.190595627,-1.13799548,0.069527626,2.54647708,1.12268817,-0.280397326
general_aleatoire,-1.9009037,-1.87873363,1.01815796,1.05822635,-1.41741705,1.34171176,1.47618818,0.477686167,0.573297024,3.14707446,2.40866542,0.372912854
general_aleatoire,0.994894505,-1.08232546,0.0908238888,-1.36911893,0.473413467,0.510498762,-0.421713352,1.60334778,1.16749692,2.63007402,1.14233041,-0.646618903
general_aleatoire,0.873440742,-0.126916409,-0.605813503,0.720851421,0.349534273,0.485717297,-0.756953239,0.809257984,1.99659824,2.46417785,1.079723,-0.00682490226
general_aleatoire,1.14086342,0.99535656,0.0508537292,0.457526445,1.25226378,-0.306963444,-0.0109710693,0.472609043,1.82653713,2.04162955,1.81035042,0.52982074
general_aleatoire,-0.633535862,1.01068687,-1.8845408,-1.3154335,-0.419646025,1.31833768,1.72192311,0.206350565,0.505204201,2.57043099,2.25840902,0.417295873
general_aleatoire,1.9378438,-1.66417742,0.875276089,1.53997445,-1.6624372,-0.924500704,-0.420158386,-1.02492213,0.069101572,3.43545008,1.29551625,-1.01579952
general_aleatoire,-0.811636209,1.35605431,0.308808804,0.917382002,0.178752184,-0.522559881,-0.03434515,0.613730669,0.870147228,1.85993862,0.946275771,-0.720972836
general_aleatoire,0.307643414,-0.733849287,-1.49578977,1.12825799,-1.06056523,-1.29871345,-0.635510921,1.13048315,-1.21806645,2.57357264,1.83663082,-0.352208704
general_aleatoire,0.655240297,-1.39946485,0.732833147,-1.76720905,-0.0737864971,1.49241018,0.668005943,-0.84422636,-1.68081188,2.89301872,1.7229743,0.962563217
general_aleatoire,-0.838717699,1.40620446,-1.17508745,-1.77781129,-0.0984106064,-1.40503407,0.0569677353,0.307158709,-1.16687465,2.89955902,1.29709995,-0.758540928
general_aleatoire,0.957645655,0.434281349,-1.69499397,0.891999722,1.68305922,-0.504639864,1.8944304,0.34180665,0.423800468,2.78920221,1.64402378,1.12451982
general_aleatoire,0.00920748711,-0.0750262737,-1.21780658,0.965579748,0.920043945,-0.686570644,1.20581198,-0.0269424915,0.595172405,1.68833399,1.53856111,0.574689627
general_aleatoire,1.66460395,-0.704416037,1.82262158,1.70716977,1.70827627,-0.178566456,-0.950207949,-0.936486244,-1.07012391,3.16460586,2.21780944,-0.667261004
general_aleatoire,-0.367061615,-0.809342146,0.768300295,-0.234755754,1.38372707,-0.743330479,-0.573698044,-0.503149033,-1.06950235,1.92425072,1.29566061,0.49704349
general_aleatoire,0.48254776,0.505972385,1.05010247,1.68486023,0.942232609,-1.26682663,1.25769424,1.21207738,-1.87126255,3.41179538,1.30761969,0.353998393
general_aleatoire,-0.0935714245,-1.80906487,1.19804978,1.15753174,0.0221645832,0.132315159,-0.490689039,0.312562466,0.78696394,2.18274117,1.28105712,0.791827261
general_aleatoire,-1.78965259,1.60250902,-0.978744984,-0.718993187,0.553417206,-0.157007694,1.43672752,-1.0823977,1.66793346,3.61331391,0.728612423,0.0869749039
general_aleatoire,-1.26636219,0.00167775154,1.11156034,0.181896925,-1.19734359,1.33219838,1.17327261,0.15049839,-0.283131838,2.22907043,1.55695403,0.408943355
general_aleatoire,0.0674340725,1.98019481,1.62033606,-1.21063447,1.15973067,-1.62808824,1.63629007,-1.69826794,-1.12701201,3.46568179,2.43655944,-0.946801245
general_aleatoire,1.34167194,0.0975017548,-0.24889493,1.36988831,-1.98750281,-1.55540872,1.49908543,1.17864847,1.50768399,3.16842246,2.41253018,-0.409848899
general_aleatoire,-1.2681067,1.22566652,1.2324748,-1.00672626,0.448003531,-0.508989334,-1.22705626,0.979704857,-0.106583357,2.66182113,1.21345532,-0.147329733
general_aleatoire,-0.0425875187,0.727620602,-1.38469386,0.535411596,-1.02880716,-0.291011333,1.89035797,1.59746599,-1.39594769,3.06596541,1.24894273,-0.996211946
general_aleatoire,0.0770535469,0.904322863,0.0234689713,-0.0879268646,-1.75099778,0.994406462,1.68848133,0.64445281,-1.29153395,2.73059464,1.48589015,0.396471024
general_aleatoire,-0.243331432,0.113378763,-0.584356785,1.21427035,1.01743698,-1.13818693,-0.707435369,0.109493017,1.15108585,2.27952814,0.786404908,-0.491333991
general_aleatoire,-1.03726053,0.719372034,1.03877997,0.310676575,0.257364511,-0.524796486,1.42390323,-1.17967463,1.57823181,2.47032785,1.67277443,-0.346252978
general_aleatoire,0.841679096,0.594933748,-1.63460326,0.901564837,1.88216901,0.196880341,1.91499162,-0.46228528,-1.47910976,3.03877354,2.05883265,0.850981057
general_aleatoire,0.5924716,-1.58425879,1.63315439,-0.349133253,-0.333278656,1.85473299,-0.742360115,-0.398756504,-0.446252346,2.85356069,1.06110358,0.91738385
general_aleatoire,-0.544791698,-0.2584095,0.814340115,-1.70575595,-1.28507519,-0.00623273849,-0.5467062,-0.0227432251,-0.834770441,2.26351905,1.17441344,-0.285069436
general_aleatoire,0.353775263,0.40613842,-0.548719883,-1.34898853,0.452430248,0.194804907,1.51286507,1.43018627,1.82188392,2.80089235,1.40567625,0.69723922
general_aleatoire,0.0566821098,0.334448814,0.733986378,-1.82963634,-1.69900799,1.87694383,-0.203977823,0.823448181,-1.62042737,3.43903089,1.2756654,-0.549656689
general_aleatoire,-0.656145573,0.397846699,-1.41136932,-0.875782728,-1.42632556,-0.85093689,-1.32902241,-1.69293308,-1.81770992,3.49697018,1.34465981,-0.0758113265
general_aleatoire,-0.7590487,1.60861659,0.0267086029,0.163072824,0.338640213,0.799837589,-1.73333788,1.31243396,0.60583663,2.79145312,0.838630497,-0.737560093
general_aleatoire,1.16616392,-0.0444970131,1.53042245,0.147631884,1.86901832,1.33118653,-0.24371767,-0.631094456,1.80134177,2.85583329,1.86442053,1.03046381
general_aleatoire,-1.30379558,0.893159628,0.207240582,-1.71732736,1.78008747,0.72713232,0.0714783669,0.746866465,1.32764864,3.12741804,1.30834424,-0.142382294
general_aleatoire,1.62344217,1.02812815,-0.508271694,0.0733230114,0.339645863,0.590219021,-1.95124984,-0.373279333,-0.671699047,2.72844028,1.05503988,-0.510336339
general_aleatoire,0.122514725,-1.7510252,0.0291428566,0.0874917507,0.836441278,1.26979041,-0.360074759,-1.17422938,-1.60093164,2.76587439,1.34110665,0.156291693
general_aleatoire,0.109764099,1.15483809,-1.18396568,0.739411831,-1.51724625,1.80049372,0.0439870358,-0.285135508,-1.68340564,3.14834952,1.25614762,0.514876366
general_aleatoire,-1.68717742,0.349418402,-1.51352406,-1.87465024,1.09327817,-1.57314014,-1.728971,0.199989796,1.6313045,3.51850009,2.35422039,-0.460488826
general_aleatoire,0.365629435,-0.873399734,-1.88405252,1.59551597,0.293507099,1.09402728,1.35400987,1.48480392,0.889264584,3.10936403,1.6585027,-0.827574551
general_aleatoire,-1.14384127,-1.47525978,0.382773876,0.369898558,-1.62564349,0.689009905,-1.19087696,-1.85107541,-0.760391235,3.13141227,1.4229418,-0.691313684
general_aleatoire,1.42139053,0.96325016,1.62506938,-1.9011426,1.40180898,1.61246896,1.29852581,-1.71678615,0.979860783,3.22906375,2.6318748,1.4172349
general_aleatoire,-0.494039297,0.533728123,-1.67564154,0.714507818,1.07587123,1.22558117,-1.4347403,0.649993658,1.53902745,2.67424035,1.66984975,-1.19012666
general_aleatoire,-0.689092398,0.120887756,-0.496155739,1.79389119,1.58822966,-0.838556528,-1.93151188,-0.182735443,0.795282125,3.17484498,1.04747832,-0.631728292
general_aleatoire,0.776987791,1.81911016,1.32765317,0.824912548,-0.314571857,1.97564793,1.56973004,0.750179529,-1.52805138,2.86689663,2.44657302,1.2308954
general_aleatoire,-1.86254811,0.834738731,1.30803943,-0.607204199,-0.861480474,-1.59465814,-0.215771198,-0.453341961,-0.751632452,2.68738079,1.76761043,0.0344473943
general_aleatoire,1.52086234,-0.925783634,1.92213535,-0.274377346,-0.428800583,-0.484994411,1.5456655,0.533354282,0.0386176109,2.79191208,1.4023149,0.522353649
general_aleatoire,1.25260472,0.868060112,-0.811645508,-1.81851435,-1.14511561,0.229247808,0.667581081,-1.71935248,0.681280136,2.81370258,1.83845615,-0.470415592
general_aleatoire,-0.925528288,1.60452485,0.267257214,-1.93621731,1.22865486,1.41216254,0.243574381,0.0840084553,1.744766,3.23325086,1.69965506,0.723268509
general_aleatoire,0.485208273,1.24132991,-1.63451433,-1.37503958,-0.26954031,-0.444166183,-1.09079051,0.673941612,-0.983099937,2.4111805,1.82536066,0.270937026
general_aleatoire,1.75362396,0.0163803101,1.95086336,1.24982357,1.05274558,0.975123644,0.295077085,0.363999605,1.02643871,3.26784658,0.911111474,0.516458094
general_aleatoire,0.157672644,-0.907054424,-0.290776014,-0.86558795,1.89083982,0.617397308,0.240770102,1.48734212,-0.984134436,2.63540864,1.37593853,0.194802314
general_aleatoire,1.87923789,-1.07963705,-0.634661674,0.445411921,1.18621445,0.0913100243,1.40612316,-1.96920896,0.492692947,3.21990585,1.39784563,0.699804783
general_aleatoire,1.32026148,-0.609632492,0.81648922,0.476354122,0.647316933,0.337795496,-1.7248776,0.426101923,-0.551776648,2.50412393,0.799323618,0.305128217
general_aleatoire,0.477040768,1.74152899,1.38823271,1.45035696,-1.31967402,-0.857828379,-0.530824423,-1.37176466,0.344006777,2.90440583,1.63880205,-0.963967681
general_aleatoire,-0.203648329,-0.866689205,-0.576678514,1.91261244,0.728905439,-0.947399139,1.86573911,-0.121484518,-0.547994375,2.9167645,1.11561394,0.506029308
general_aleatoire,1.50945997,-1.7511034,-1.67974544,1.59045601,1.2827518,-1.84820127,0.284033298,1.81106353,-1.87279201,3.82255077,2.74904156,-0.675337315
general_aleatoire,0.658317566,1.61165142,1.76675677,-1.84321284,-1.20136142,0.0608711243,-1.83720088,-1.80387521,-0.0471601486,3.81416965,1.73469222,0.266625464
general_aleatoire,-1.71519971,-0.197506428,1.54881716,-0.674031019,1.06330204,1.83062577,-1.21223545,1.2903347,0.481871843,3.31952691,1.32303452,0.955444157
general_aleatoire,0.646327972,1.17871809,-1.34856701,1.55836248,0.93729353,-0.126772404,0.908049583,1.58999944,-0.29972744,2.97795677,1.10059106,-0.558387041
general_aleatoire,0.0314002037,1.69914341,0.752912045,-1.33208871,1.91611743,-0.930649757,-1.05619287,-1.74710274,-1.3259151,3.17611265,2.35509419,0.242543027
general_aleatoire,1.1818037,-0.631924868,0.48703742,-1.34240413,-0.740238905,-0.863348961,-1.3447454,0.971941233,-1.83940911,3.05413556,1.25493872,0.6019876
general_aleatoire,-0.0899040699,-1.33301783,-0.499835014,-0.186861515,-0.525104046,-1.01129222,-1.2218802,-0.964071512,-0.210354328,2.12094784,0.974019766,-0.622701347
general_aleatoire,1.50230527,0.49854207,0.0605506897,-1.44338083,0.917007685,1.89125133,-1.85715628,-0.226875305,-0.539346695,2.91119909,2.04961824,-0.35439536
general_aleatoire,1.79184365,-0.0833227634,-1.46136451,-1.25433278,1.06886363,-1.51923394,0.470551968,1.481215,1.28025627,2.48754621,2.29181266,1.72953916
general_aleatoire,1.75772643,0.40271163,-1.68477345,1.85134649,-0.603925228,0.507727146,1.83314228,1.13841629,-1.66735315,3.75283623,1.81469738,-0.446987867
general_aleatoire,1.51032686,0.574565411,0.858333826,1.88888526,0.0969464779,1.91289449,-0.908731699,-0.115106821,1.41797042,3.21041036,1.72705936,-0.380283266
general_aleatoire,-1.34900379,-0.0776870251,-1.19166279,0.48283267,1.5584054,-1.68309402,1.64673185,-0.0105948448,0.431518555,2.56604338,2.20737648,0.425938457
general_aleatoire,0.792630434,1.06470537,0.336287498,0.959724903,-0.205780745,0.647286177,-1.10629082,1.30910778,-0.761319399,2.13825011,1.48291659,-0.0586615987
general_aleatoire,0.741626263,0.802497387,0.136009216,-1.10323739,-1.05217457,0.48690629,0.975552559,0.358950377,-0.106248617,2.13544893,0.392820835,0.388816088
general_aleatoire,1.88166976,-0.820833445,-1.75687265,1.20778489,-1.56750965,0.786854267,0.0243337154,1.74935818,0.108439207,3.10375714,2.04926443,-1.03722322
general_aleatoire,-1.33823347,-1.84028959,0.596756935,1.3034215,-1.0230422,-0.0211062431,1.61433172,-0.613425016,-1.60200238,2.87759256,2.19122648,-0.863930762
general_aleatoire,-0.724585056,0.624647141,1.44562864,1.16434288,-1.21306872,-0.580328703,-1.3583293,1.81655216,-1.14728594,2.97460818,1.94431722,0.0397943631
general_aleatoire,1.40292263,0.500090122,-0.821527004,1.24372339,-1.96983576,-0.676085234,-0.81337142,-1.30615211,-0.874758244,2.67766953,1.99594104,0.869766116
general_aleatoire,-1.16322351,1.55985832,0.476734877,1.8684845,-1.01585913,-1.71824026,1.5091207,-0.114820719,-1.58443475,3.81830597,1.30493033,-0.088509798
general_aleatoire,0.193327904,-1.87052608,-1.62835336,-1.64648724,-0.490009308,1.38257241,-0.73167038,0.604918003,0.144225359,2.79523778,1.93536258,0.642961621
general_aleatoire,1.83097839,0.64476347,-0.654814005,0.813940287,-1.1492877,-1.45298004,0.247900724,1.25179076,0.151313066,2.42021346,1.9843322,0.384472519
general_aleatoire,0.714168072,0.364095926,1.55629945,-0.609864712,-0.202655792,-1.9764123,1.5755589,-1.85987353,1.46309638,3.48394251,1.81110573,-0.219288498
general_aleatoire,0.655305624,-0.246362686,0.0930321217,-0.475426912,1.28404498,1.7312479,-0.798360586,0.860658884,1.26188874,2.79077482,0.724814594,0.165813029
general_aleatoire,1.71298122,-0.29803443,1.18789911,-1.61320662,0.437189579,1.91164613,-1.53658891,0.0477435589,-0.834077358,2.8497057,2.40618205,0.175298035
general_aleatoire,0.517913818,1.87536955,0.683188677,-0.722311735,-0.550351143,-1.62698054,0.990113258,0.830213308,1.48106575,3.16214848,1.24453664,-0.196872026
general_aleatoire,0.936016798,-0.451252222,-0.858169317,0.628003359,-0.809312105,1.02849507,-0.124428272,-1.23949647,-1.91284442,2.52927327,1.45189273,0.793081939
general_aleatoire,-0.669615746,1.15729189,-1.56481671,-0.731644869,0.408833742,1.41505218,1.20375061,1.21052146,0.443354607,2.22716236,1.76404572,1.40713012
general_aleatoire,0.645607948,-1.28086472,-0.700500727,0.185473919,0.0652661324,1.33973646,-0.220683098,-0.789100885,-0.644472599,2.01376987,1.10540664,0.437279105
general_aleatoire,1.33060598,1.39254498,1.13849306,-0.0659718513,-1.91303682,1.33089232,-1.04218078,-1.57912612,0.171769619,3.16058373,1.99699366,-0.270568937
general_aleatoire,-1.43590093,0.870469332,1.90928102,1.52212191,0.351073742,0.564169168,0.039078474,-0.47862339,0.0926241875,2.5774827,1.61168921,-0.470643908
general_aleatoire,-1.2614913,-1.13892508,1.04014325,0.874815702,-1.17287397,-1.6608777,0.781722069,0.293294668,-1.27515364,2.86036253,1.72159386,-0.217777774
general_aleatoire,0.283075094,-1.63578463,1.65675354,-0.99559927,0.104731083,-0.860280991,-1.45174932,0.588836432,0.291013002,2.58838153,1.58699381,-0.750833511
general_aleatoire,-1.35646653,-1.63468957,1.72122765,-1.18482471,0.217446566,-1.87556577,-0.036273241,0.0531742573,-0.261222124,2.93560791,1.97396147,0.0416978374
general_aleatoire,-1.66186976,0.266405344,-0.122422695,-1.91021228,1.73178005,1.96034527,0.879045486,0.230097294,-1.69035339,3.73548532,1.4158206,1.03114426
general_aleatoire,-1.85922003,-1.10316086,0.35991025,0.694649458,-0.251685143,1.57880735,-1.90384936,-1.86832571,1.69771481,3.77883434,1.88404596,-0.100072481
general_aleatoire,1.2498045,-1.95773268,0.247255325,0.311486483,0.184365273,1.84716296,1.83125257,-1.04958224,0.990578413,3.24985027,1.88154745,-0.577491462
general_aleatoire,-0.983283758,1.40047526,-1.9983077,-0.584017754,-1.73459554,0.217456102,-1.82044649,0.461622477,1.2906251,2.845263,2.28178787,1.4863894
general_aleatoire,-0.713664293,1.34695005,0.28099227,0.90680027,-1.05337858,-0.589020014,-1.42649746,1.28501773,-0.504119158,2.78919506,0.865931094,0.30371213
general_aleatoire,0.15909791,0.957158327,-0.782758951,1.66474843,-0.250893116,-0.169143915,-1.73692894,0.571294546,1.77963471,2.93995261,1.28288877,-0.798995376
general_aleatoire,-1.58785152,0.476465464,1.61785483,0.924936533,0.274416685,0.706333399,1.12135291,0.670999765,1.17776465,2.33776307,2.09999919,0.123024449
general_aleatoire,-1.93095613,-0.97407794,0.101485014,0.116697788,1.28684068,1.84191895,-1.82192469,-1.64146185,1.82466269,3.5790379,2.38111854,-0.78353256
general_aleatoire,0.73219943,-0.303361416,1.84905624,-0.8404181,-0.797691584,0.127285242,1.44579148,1.20485663,1.73463011,3.11933732,1.46193826,-0.298955798
general_aleatoire,-0.100979805,0.988344669,0.58042264,-1.07468677,-0.000342607498,-0.663997173,0.525089025,-1.85676289,-1.44787645,2.67360044,1.24858916,-0.179652989
general_aleatoire,1.32581282,-1.84534669,1.39844465,-1.45239449,0.530841112,-0.856647491,-0.589888811,-0.986575842,-1.69275594,3.22262597,1.91843486,0.604011834
general_aleatoire,0.460701227,1.0122304,-0.176442385,0.906104565,-1.84475231,1.65040994,-1.86053658,0.922127962,-1.63764811,3.63958669,1.39825523,-0.089867942
general_aleatoire,1.31477976,-0.587675571,0.983818293,-1.97526836,0.522748709,-0.024050951,-0.292134523,-0.557321548,1.60846901,2.60104084,1.85105765,0.0934431776
general_aleatoire,0.221765041,0.603874207,0.883300781,-0.406578779,-0.99610877,-1.66612291,-1.37166548,-0.837180614,-0.887785912,2.76515031,0.92134589,0.0559975877
general_aleatoire,0.174906731,-1.99294734,-0.897458553,-1.51994824,-1.11505866,1.00332141,0.109573841,-1.10877275,-1.32071877,2.75483799,2.1372683,0.443563879
general_aleatoire,1.97719836,1.20164013,-1.32867408,-0.0625274181,1.15508676,0.295450926,0.820177794,-1.41046715,-0.711471558,2.71028352,2.08716655,0.10224133
general_aleatoire,-0.701694727,-0.677043438,-0.359641314,0.254206181,1.23285127,1.40949631,1.08063793,-0.455252409,-1.10809016,2.31048369,1.3828398,-0.0603633448
general_aleatoire,-1.75528049,0.464716196,-0.502323389,-1.02617478,-1.17074943,1.95298839,1.75682783,1.80849528,0.789097309,3.13510346,2.24578047,1.37641668
general_aleatoire,0.253058672,-1.79666948,0.795610189,-0.828046083,1.20572138,-1.79913616,0.883993626,1.32006645,0.799314737,2.92898846,1.96627593,0.138133451
general_aleatoire,1.62518549,1.83421588,-1.55088162,0.385824203,-0.238839865,0.5452106,1.7275331,1.39707494,-1.41915345,3.91509652,0.702397704,0.206911072
general_aleatoire,0.679563284,-0.832385778,0.93173027,-0.782901525,-1.06332541,-1.87976694,-0.514932394,-1.85490727,-1.41079473,3.26324463,1.53007054,-0.0788068846
general_aleatoire,1.81117129,0.0230617523,0.284370422,-0.177090406,-0.773406744,1.98865104,-0.485301495,0.444834471,0.859371662,2.26224542,1.87486851,-0.696434557
general_aleatoire,1.14577913,-0.533931255,-0.663941383,-1.0889585,1.32618117,-1.59265065,0.460339785,0.915731907,0.787969112,2.39663386,1.52567029,1.05815041
general_aleatoire,-1.27774,-0.822277069,-1.72140694,0.194553375,-0.292182446,0.536147833,-1.84171629,0.356378555,1.85999203,2.76818585,2.18531013,0.471951991
general_aleatoire,1.66077471,0.509171724,1.59309053,-1.38921285,1.88393617,-1.31018376,0.669711828,0.279313803,1.88765645,3.57172227,1.89349735,0.705917954
general_aleatoire,-0.573737144,1.32991195,1.09706688,-0.916671515,0.18322587,-0.290257454,-0.266664505,-1.04643035,1.85192084,2.23331332,1.76048565,0.876494706
general_aleatoire,-1.98321152,-0.43708396,-1.24780512,-0.397556305,-1.98375773,0.663089514,0.879353762,1.23791432,-0.297863007,2.84041882,2.11975193,-0.217514545
general_aleatoire,0.504859924,-0.749701262,0.794440746,1.04688334,-0.50827384,1.32994699,-0.0820128918,1.90119815,-1.2118597,2.89043212,1.13966799,-0.087072365
general_aleatoire,0.568054199,0.720985889,-0.153884172,-1.11419225,-0.778942823,-1.99497294,-1.11072731,1.73504829,-1.14829636,2.80674601,1.9922955,0.640240431
general_aleatoire,-0.775939226,-0.363242626,-1.21347189,1.9671452,-0.927413225,-1.99658537,-0.678209305,-1.21117663,-0.101814508,2.99117708,1.74056482,0.939801157
general_aleatoire,-1.24642825,-1.72259355,0.868477821,-1.78930759,-0.590061188,-0.828356981,-0.17095685,-0.816935539,-1.40550351,2.79726291,1.83955002,0.987198234
general_aleatoire,-1.52941513,-0.380012035,-0.380833626,-1.58720088,-0.863885403,0.132173061,-1.89577794,-1.60824656,1.54288292,3.56803799,1.31484103,0.112892948
general_aleatoire,1.16203332,1.54407597,0.266406775,-1.16327119,0.895871401,-1.34851122,-0.325934649,0.189170837,-0.474035025,2.12748051,1.90072811,-0.0867201984
general_aleatoire,0.52301383,-1.60716462,1.83017015,0.0954222679,-0.490606308,0.0580084324,0.472801208,-0.127591848,1.51272416,2.8603754,0.893943787,0.080512248
general_aleatoire,0.962073326,-0.200185061,1.33001757,-1.51061702,1.00315857,-0.49021101,-1.42453718,-1.45373249,0.488237858,2.3990612,2.02424169,0.889479995
general_aleatoire,-1.93344235,-1.6787076,1.006212,0.778489113,-1.04630542,-0.472643614,-1.99197197,-1.47000432,1.4897294,3.9772985,1.39704239,0.26540783
general_aleatoire,1.44820333,-0.224844694,0.45603323,-1.04456067,-0.581100225,-0.948840141,-1.87709141,-1.03784847,0.149240971,2.79639316,0.980124414,-0.726162612
general_aleatoire,-1.22177553,1.69290328,1.36490488,0.385519266,-1.31867361,1.8866024,0.247418642,-1.45419574,-1.69071913,3.28991175,2.35401487,-0.581329048
general_aleatoire,0.273220301,1.79808545,1.19250011,0.413255453,0.102162838,1.61260986,-1.6357348,-0.408488989,0.331543922,2.51986289,1.68277276,-1.13248634
general_aleatoire,1.24268818,0.446951389,1.41461778,0.914836884,0.811797142,1.04484606,-1.62821031,1.08309054,-1.93567967,3.45408082,1.40464449,-0.0116542438
general_aleatoire,0.653777361,-1.32576132,-1.13675547,-1.52761316,-0.383057117,0.900550604,1.10451984,0.228027105,1.81370783,2.45209312,1.99352813,-1.15895998
general_aleatoire,0.103803396,-1.68421221,-0.988530874,0.142146587,-1.38156986,-0.74991107,-1.17380834,-1.09842443,-0.398892164,2.78460312,1.14151156,0.0475408025
general_aleatoire,0.023242712,0.96057272,0.424357176,-0.981933594,-1.96091127,0.794451952,1.12082624,-0.0339529514,1.27952838,2.44125557,1.72912621,0.699163616
general_aleatoire,1.54176331,1.86204314,-1.06834197,-1.27742529,-0.196573496,0.378210068,-1.61334109,-0.293498516,-0.659387589,3.07974935,1.46890175,-0.529497623
general_aleatoire,-0.660688639,0.0275216103,0.262533665,0.930960655,1.12953234,-1.20769167,-1.90778899,-1.12763166,1.87760043,3.49014544,0.594816446,-0.0944189206
general_aleatoire,0.526311159,1.23952627,-0.470169067,1.00461459,-0.0716207027,1.04154944,1.3445394,-0.443757296,-0.00366687775,1.85351312,1.43060029,0.810114324
general_aleatoire,1.00648212,0.609997511,-0.452919245,0.627099991,1.59482718,1.21444774,-1.29111052,0.552557945,-0.830610514,2.28399348,1.50536358,-1.08687866
general_aleatoire,-1.7407608,0.205350161,-0.631308079,-0.723155975,1.95726466,-0.303051233,-1.21395898,-0.0303094387,0.346916199,2.55080533,1.61962879,-0.617904603
general_aleatoire,1.42541337,1.37176251,0.0927689075,0.346234083,-0.550160646,-0.510919094,-1.00905538,-1.67908597,-0.365296125,2.79336071,0.877218604,-0.0657407492
general_aleatoire,-0.553340435,0.0629444122,-1.27173018,0.9844594,1.84345126,-1.51580501,0.860127211,-1.1135633,0.997532606,2.96714807,1.5008651,0.714795828
general_aleatoire,-0.481384039,-0.256123066,-0.558406591,-1.56014085,-0.433007717,-0.933134079,1.1740849,-0.961155653,-0.703382492,2.08546376,1.59451997,-0.0825309753
general_aleatoire,-0.0528826714,0.00759267807,-0.156080961,0.495628119,-0.266367197,-1.07128596,-0.0160901546,0.87478137,1.94809222,2.4138329,0.467059612,-0.0854347944
general_aleatoire,0.188445091,-0.80658555,-0.212875366,0.461076498,1.23913598,-1.04196906,-1.0260191,-0.133574963,1.53270388,2.32081962,1.26219869,-0.0744732767
general_aleatoire,-1.19980311,0.244194746,0.232768774,0.43669939,-0.939953089,1.5002358,-1.85284448,1.27033067,1.26108432,2.81287909,1.82859981,0.50922209
general_aleatoire,0.406248093,-1.48697972,1.01275063,-0.527844906,-0.266722202,-0.0912897587,0.189510822,-0.27008009,-1.75171947,2.14243627,1.41577399,0.585519731
general_aleatoire,0.902662992,-1.64056849,0.38710618,1.31770158,-0.818515301,-1.76131344,-1.7931881,-1.32240367,1.07038045,3.0080781,2.27585435,-1.0230298
general_aleatoire,1.18333054,-0.589891672,-1.9954164,1.55889893,-0.870382786,-0.419773102,0.336154461,0.870634317,0.381799698,2.8427484,1.10935223,-0.893736243
general_aleatoire,1.75825858,1.10861158,0.604609728,0.0237050056,-0.34604454,0.0376074314,0.269597054,0.901242256,0.17378068,2.30015397,0.654722631,-0.059319295
general_aleatoire,-0.00550222397,0.339280128,0.433964252,-1.4127202,1.59109616,0.794039488,-0.394196033,-1.41982698,-0.459499836,2.54145551,1.14290667,0.280246973
general_aleatoire,-1.94153261,-1.98580408,0.499120235,0.453704834,-1.53234577,-1.88091254,1.08164644,0.0165939331,1.46386361,3.07878757,2.43590188,1.39800966
general_aleatoire,1.21693492,1.77894711,0.199684143,0.657907724,-0.921455383,-0.0719406605,1.14467359,-0.590875864,-0.921132088,2.2138381,1.82273126,0.506974876
general_aleatoire,-0.0362997055,0.932126999,-1.23859119,0.441033602,-0.606309414,-1.32001495,0.871721983,1.62053537,-1.13030815,2.64683747,1.41650534,-0.600202322
general_aleatoire,-1.19742537,-0.943731546,1.95834827,0.997313023,-1.9707582,-1.28865647,-0.946066618,-1.01644969,-1.2005589,3.01250386,2.28258133,-1.33526719
general_aleatoire,-1.92980981,-1.94402647,0.880206347,0.929471493,0.471614122,0.773703098,0.777541637,1.16940379,-1.14268899,3.39918518,1.29796183,0.04209093
general_aleatoire,-0.973206043,0.74950552,-0.222659349,0.385506392,0.636453867,-0.535508156,-0.240926027,-0.248696804,0.789303064,1.32929218,1.12296879,-0.337255985
general_aleatoire,0.271681786,0.53589344,-0.0268313885,-1.54140902,0.567312241,1.12417245,-1.2760818,0.882705212,0.162839651,2.44064641,0.767423749,-0.460040271
general_aleatoire,0.623337507,-0.198882103,-1.3796258,-0.155918121,-0.928014278,-0.122471809,-0.427292109,1.52588773,-0.880281687,1.99228549,1.51517451,0.502835572
general_aleatoire,1.27450967,-1.08875895,0.518279791,1.22143054,0.865947723,0.552928925,-1.82878947,0.261888504,0.975966692,2.57807231,1.37173069,1.20968544
general_aleatoire,-1.09618926,-0.0553414822,1.67230606,-0.729009867,-1.23526788,-1.44089222,1.17980361,-1.69916487,1.86669064,3.0516479,2.02596664,1.57523024
general_aleatoire,-1.82045746,0.908370733,-1.35281539,1.97143507,-1.87942505,0.604204416,0.930568933,-1.13015866,-1.00554371,3.7597506,1.64126015,-0.279364198
general_aleatoire,-1.18472219,-0.525038481,-0.701742887,1.29086471,-1.97148013,-1.54137015,0.726793766,1.34237599,-0.92532897,2.83156657,1.91286623,-1.26892602
general_aleatoire,0.558161259,1.26073289,-0.631881952,-0.563309431,-1.52877116,-0.0801742077,-1.63402939,1.86275554,-0.657942772,2.90262914,1.68180335,0.529370546
general_aleatoire,-1.03131151,-1.43863225,0.885016203,-0.929158926,1.0204711,-1.78817701,-1.11600757,0.380033493,0.00398731232,2.60783267,1.79683089,-0.615886092
general_aleatoire,-1.41889572,-0.599192381,1.02692914,1.08762479,-1.12730026,0.489933252,1.19190621,-0.0960679054,-1.24047208,2.50933099,1.59994948,-0.482398868
general_aleatoire,1.11745286,0.885466099,-1.05937791,-0.667701483,1.0144875,0.332479954,1.46149707,-1.84535289,1.51448631,2.99763012,1.73138475,0.76946491
general_aleatoire,-0.0190224648,1.13469434,-1.40524864,-0.367943525,-0.0547192097,1.92723203,-1.43456364,-0.481625557,-0.251643658,2.51857758,1.53310859,-0.880239666
general_aleatoire,0.554501534,-1.55751681,-1.35570335,-1.12019396,1.92179537,0.380315542,0.81594348,1.90664244,1.01350999,3.52651739,1.44949734,0.674477279
general_aleatoire,-0.203261137,-1.73689342,0.748694658,1.05367112,0.157698631,1.09889364,-0.00656843185,0.687090874,-1.74118328,2.57193065,1.57953072,-0.596177995
general_aleatoire,-0.832361698,-1.42281055,-0.0412399769,1.53223085,-1.55826259,-0.359342813,-0.113651752,0.45732975,-1.02470469,2.31807661,1.55802166,-1.04648638
general_aleatoire,0.11293292,-0.603612185,-0.484470606,-1.34959841,-0.448734045,-1.07978272,0.221859932,-1.69372559,-1.43543291,2.61072326,1.40107012,0.00671966001
general_aleatoire,1.67960525,-0.450963974,0.12164259,-0.212097883,-0.413032293,1.94050479,0.140116692,-0.594181061,0.513172865,2.10159326,1.75772369,0.387455821
general_aleatoire,0.578315496,1.68751502,-1.45033813,-1.28522825,-1.73807454,-0.817790031,1.48616791,1.90315723,0.922939539,3.69528246,1.91128612,-0.0390321091
general_aleatoire,-0.515228271,-0.73000288,-1.90975356,0.0183119774,-1.40942621,-1.45702338,-1.89464521,0.828640938,1.95969248,3.65450287,1.71216953,0.620535791
general_aleatoire,-1.71867776,-0.884516716,1.0281322,1.69417095,0.187345982,1.98354506,-0.884598017,0.39936471,1.45029736,2.71140122,2.59177971,0.780636907
general_aleatoire,-1.86721492,1.9442873,-1.67363358,-0.982603788,-0.0736439228,1.22498441,-0.37531209,1.00066519,0.424709082,3.23747182,1.69058263,0.72290355
general_aleatoire,0.988760471,-0.244608879,1.8289423,1.73630738,-0.0535316467,0.138958693,0.696671963,0.774904013,1.29550934,2.78705025,1.35400248,0.763315022
general_aleatoire,1.58594108,-0.0818543434,-1.41251254,-0.0742752552,-1.0810616,-0.725381136,-1.57072544,1.1233027,-1.44144654,2.45911431,2.14380765,1.17519844
general_aleatoire,0.744782925,0.0503356457,-0.195440531,-0.715283155,-0.322653532,-0.307308674,-1.70964146,1.9299593,-1.97399545,3.28028584,0.966663897,0.393913448
general_aleatoire,-1.37318277,0.11557579,0.163248062,-0.330028772,-1.60451555,1.18414688,-0.726014853,0.17061615,0.110103607,2.05136728,1.53829384,0.0714595988
general_aleatoire,1.74682403,1.78652692,-1.21543694,-0.435087204,1.96060133,-1.74037337,-0.808323383,-0.447354317,0.569695711,3.61958838,1.67542517,0.22828351
general_aleatoire,-1.41703534,0.00741481781,-1.08004165,-0.561694622,0.47236228,-1.44276333,-1.73030472,-1.46066356,-0.141105175,2.75713468,1.80808914,0.266742885
general_aleatoire,0.846023083,0.437846184,-0.489434481,-0.312566519,1.84519172,-1.92349482,-0.697406292,1.9420774,1.93409467,2.84158015,2.74517179,0.858773172
general_aleatoire,-0.531537056,-1.17830706,1.1143086,-1.58874249,-0.69741416,-0.749721289,-0.0999331474,1.54233909,-0.446145535,2.3523345,1.75023401,-0.690101564
general_aleatoire,0.087407589,-0.629843235,-1.45739961,-1.91259456,-1.19000387,-0.559916258,-0.754957438,1.55795979,0.360666752,2.53266263,1.87851334,1.04884529
general_aleatoire,0.761573315,-0.670484304,-1.41830873,0.988216162,0.36461997,0.465174198,1.56892323,1.49529481,0.800136089,2.59608603,1.68502009,-0.354595423
general_aleatoire,0.00384712219,-1.40526247,-0.675294399,1.47132993,1.9850862,-0.793823957,-0.577466726,-0.183695555,-0.285589457,2.80252361,1.21306634,-0.537996411
general_aleatoire,0.104570866,1.23650885,1.40202641,-1.64545512,1.72642994,-0.454039812,1.71861148,-1.65715981,-1.96818328,3.84124398,1.89668977,-0.787885845
general_aleatoire,-1.44277668,1.68755388,-1.98143673,-1.78245234,-1.96182299,-0.936905384,-0.478848457,0.0599513054,1.236655,3.14945579,2.68575001,1.17859745
general_aleatoire,-0.0802974701,0.348017216,0.418838978,0.539656162,-0.0822153091,0.0769968033,1.73750257,1.27917242,-1.03780484,2.41616344,0.55177635,0.443665296
general_aleatoire,1.52151489,-0.903901339,1.39896274,1.68295169,1.24852824,-1.69304204,-1.26914787,0.438243151,0.375504732,2.84512973,2.43028951,0.537968338
general_aleatoire,0.726943731,0.32865262,0.022166729,0.111775875,0.776927471,-0.076748848,-1.30898142,-1.64331818,1.4105289,2.67014885,0.550244212,0.479590029
general_aleatoire,-1.59134722,-1.4398973,1.60912609,-0.39675045,0.520745754,-1.6989696,-0.950731277,0.180844307,-0.882798672,2.97891092,1.82339442,-0.165262073
general_aleatoire,0.678983212,0.440779209,1.76488638,-0.372260332,0.95734477,-0.234703541,0.164411545,-1.75740027,1.73046803,2.85574722,1.62855661,0.427572668
general_aleatoire,-1.44504333,-0.0862526894,-0.42659831,0.244822502,0.798745632,0.38439393,-1.80789852,-0.360081196,-0.661768913,2.51423812,0.798576474,0.0156177403
general_aleatoire,1.35393071,0.780287743,-1.25929642,1.16820312,0.219368696,-1.23911738,0.888932943,0.925948381,1.61590457,2.6398809,2.04872704,-0.26175198
general_aleatoire,1.82164669,1.53567338,1.62724853,0.0349609852,1.15750408,0.572645664,0.849306583,-0.423049212,-1.05944681,3.08281708,1.47771311,-0.573506951
general_aleatoire,-0.127289057,0.535612822,1.62506294,0.573095798,1.72281575,-0.372714758,1.58165622,-0.0279383659,-1.44651675,2.60261273,1.87849534,-0.819666386
general_aleatoire,0.776113749,1.40033603,1.80840611,1.79345489,-0.818775177,-0.555001259,-1.01454759,0.0745849609,0.407227516,2.51370287,2.19388151,-0.312107533
general_aleatoire,1.11638093,-1.47680378,0.248312473,0.330131292,1.97393394,-1.64459419,-0.177146673,-0.0376646519,0.855770826,2.94962311,1.43723989,0.445212424
general_aleatoire,0.481657267,1.17036438,-1.71956158,-0.0235984325,-1.17218757,1.42793512,-0.658503056,0.184618235,-0.52560544,2.84139276,0.782277405,0.175262839
general_aleatoire,-0.353396893,0.704418421,-1.56870532,0.116085291,-0.426345825,-0.4715662,0.935745716,-0.197295189,1.68514562,2.57515717,0.64727813,-0.451011062
general_aleatoire,-1.94809341,-0.993282557,1.08210111,-0.579057932,-1.83598137,-1.38415623,1.3172698,0.762891531,0.163985968,3.07285929,2.08263493,0.372703105
general_aleatoire,1.84075356,0.111276627,0.56380868,0.818314314,0.468306065,1.43823791,0.213959694,1.77058458,-1.64617705,2.64912891,2.17931628,-0.894123375
general_aleatoire,0.173479319,0.918015242,-1.39736724,0.408198118,1.51452351,0.645906925,-1.83731198,1.59524417,1.22934866,2.91941786,1.78914261,-1.18780065
general_aleatoire,1.13584304,0.721686363,1.1236608,1.61891031,1.70873499,1.58985257,1.95973969,-1.78738379,0.325130701,3.37472177,2.62163901,-0.145443752
general_aleatoire,0.437785625,-1.56447363,-1.5013144,-0.16348052,-1.68612576,1.15040445,-0.206891537,-1.88909888,-1.60960984,3.35038614,1.9641912,0.453389883
general_aleatoire,-1.77245045,0.911609411,-1.73136902,1.8757627,0.924142838,0.278331757,0.00466632843,-1.05932474,-0.52440834,2.99554706,1.74376369,0.896340132
general_aleatoire,1.37282538,-1.57753205,1.41241336,0.9289608,0.931143761,-0.715920925,0.460528612,-0.938703775,1.47116971,3.12077546,1.39997673,0.41124773
general_aleatoire,0.609276772,-1.34683347,0.236043453,1.72640038,-0.55035758,1.7888124,0.565949678,1.4879694,-0.915113926,2.8890779,1.757465,-0.812667489
general_aleatoire,-0.997351885,1.17932081,1.43271351,-1.08272433,-0.0094473362,-1.3646493,0.379720926,1.1297574,1.36240244,2.79545522,1.64882827,-0.465081334
general_aleatoire,0.831568003,-1.88166881,-1.26944423,-0.548229694,-1.53501701,1.26277328,1.35359621,1.25581908,1.10639381,2.90667748,1.97581828,-1.54138935
general_aleatoire,1.39475155,-0.690970659,-1.32313657,0.632789612,0.82354641,-1.50335932,-1.41398668,0.0281906128,1.14039183,3.04387832,1.20261109,-0.318404496
general_aleatoire,-1.92507887,-1.0194962,-0.433592558,0.951270819,-1.70062876,-0.179993629,-0.0994114876,1.94505382,-0.31327343,2.77961278,2.17262864,-0.455466777
general_aleatoire,0.31957531,-0.222460032,0.530317307,-1.8186748,-0.527346134,-0.553534746,0.938080549,1.02593517,-0.0204575062,2.33297801,0.87949419,-0.203924865
general_aleatoire,-0.524342537,-1.92773366,0.860687733,0.434326172,-0.52208519,1.32183814,-0.30704236,-1.05279303,0.255568266,2.62110281,1.15498209,-0.0643727407
general_aleatoire,-1.11574507,1.8027277,0.435544729,-1.56455827,1.2719171,-1.86834502,-1.00151873,0.431828499,1.7290504,3.1159358,2.50485945,0.660678446
general_aleatoire,1.79638815,1.70954919,1.95889235,-1.19785333,-0.0633430481,-0.944862366,-0.127673626,0.802395105,0.579854965,3.49776483,1.0153147,0.222724766
general_aleatoire,1.80693221,0.222538948,0.839530706,0.536352158,-0.220399857,1.49599767,-1.32399464,0.985224485,-0.155960798,2.66322637,1.22380757,-0.866643727
general_aleatoire,-0.0124905109,0.427071095,-0.152542353,-0.676192522,0.55840683,0.0410311222,-0.177175045,-1.47914362,-0.168882608,1.64465177,0.694749355,-0.191767663
general_aleatoire,-0.191247702,-1.93477654,-1.63689685,-1.3037436,-1.80364513,-0.0459456444,1.42895961,1.29061365,-1.17967367,3.38978314,2.23540926,0.160988003
general_aleatoire,-0.88509202,0.300621271,0.0905735493,-1.40406919,-0.620151758,-0.949889898,-1.58078408,-0.554642439,1.83319378,2.61164618,1.77561271,0.577809513
general_aleatoire,-1.4252944,1.41869545,-1.8161509,-1.68603039,1.5086391,0.87914896,-1.95266867,-0.609680414,-1.75471616,3.65914178,2.3490057,-1.26121604
general_aleatoire,1.9793992,1.22028852,-0.790405989,-0.871966839,-1.04504633,0.891281128,0.271562099,-1.41509724,1.34050465,3.17636132,1.5684998,0.0493155085
general_aleatoire,-1.05087304,-1.22992468,0.291105986,0.83761096,1.95454335,-1.75437379,-1.7062223,1.67573881,-0.39778161,3.29525042,2.20190954,-0.686947465
general_aleatoire,-1.67570043,-1.8276763,1.65692544,-1.20309424,-0.036771059,1.629884,-0.207635641,-1.61415982,1.89322829,4.10232306,1.26989651,-0.889003515
general_aleatoire,1.42742348,1.96153665,-1.28878713,0.600712299,1.44713926,-1.49152303,0.152087688,0.0246801376,1.51282668,3.54820228,1.37345397,0.249226034
general_aleatoire,0.11665225,-1.39318562,0.057785511,1.04814601,0.277967215,0.722794294,-1.92510128,0.171733379,0.844908953,2.24435019,1.43876636,0.999220908
general_aleatoire,1.24234915,0.849577188,0.593103886,-1.53812099,1.50818753,0.280957699,-0.475751638,0.273444653,0.359692574,2.26882887,1.58879375,0.308233559
general_aleatoire,0.729801655,1.48240328,-1.65840936,-1.14074397,0.506013155,-0.0570347309,-0.876992226,1.84296727,0.0280117989,2.68854833,1.9097141,0.576349556
general_aleatoire,-0.105592966,1.09329414,-0.98868227,0.822583675,-0.595695257,-1.52438807,1.54033637,0.364738941,1.81953192,2.701298,1.57123387,-1.26086104
general_aleatoire,1.87646604,1.80043054,-1.37292242,0.795769453,1.41162825,0.0384073257,0.810192108,-1.26924443,1.09601307,3.38076568,1.63355744,0.803468227
general_aleatoire,-1.50711608,-0.872166872,-1.76093364,-0.848444462,-1.92914057,1.6240778,1.51246667,-0.560672045,1.23634505,3.11075759,2.641747,-0.828763008
general_aleatoire,-1.74793863,0.271285295,0.402386665,1.99489284,-1.50072956,1.81220818,1.18638492,0.620435715,0.566985607,3.42521787,1.50713313,0.957621694
general_aleatoire,-0.141701937,1.4989059,-1.39131737,1.13934898,0.0623750687,-1.55154562,-1.36902547,-0.475717306,-0.406194925,2.48148489,1.66308498,1.11972141
general_aleatoire,1.09824085,1.77059221,-0.330634117,-0.632084131,1.88946176,-1.38885093,0.942961693,0.329586267,-1.93800044,3.24507236,1.61212242,-1.40469468
general_aleatoire,0.409456491,1.51994276,-1.22478318,-1.59678102,-1.2136538,-1.43790531,1.95819902,0.937969446,-1.02687573,3.19902802,2.15215898,-0.985620081
general_aleatoire,1.45987415,1.35276794,0.145398378,-0.118704796,-0.84380126,-0.260043144,-0.594738007,-0.820150375,-0.628442764,2.38343549,0.633689463,0.339176685
general_aleatoire,1.09530306,-0.693287611,1.52264333,-1.02836132,-0.955490351,0.435468197,-1.61961341,1.60162115,-1.45232201,3.32183337,1.46255481,-0.531821966
general_aleatoire,-0.77167058,1.1712141,-1.25322294,-0.25669241,1.35431051,-1.47234154,0.967133284,-0.638847351,1.7233479,3.35746694,0.738356948,-0.318225473
general_aleatoire,0.0569417477,-1.33792114,1.4082067,-1.42299485,0.566972971,0.165717363,-1.29586887,0.457734585,-1.36518931,2.65537024,1.52219284,0.731186569
general_aleatoire,-0.0793063641,-0.350663185,0.395866394,-1.69922876,-1.27848101,1.02230859,-0.0815451145,-0.394184828,0.632370234,2.4639945,0.582719982,-0.0637449846
general_aleatoire,-0.62790513,-0.269174337,0.0364332199,0.717789173,0.835827112,-0.195235014,0.277387619,-0.66560173,1.20961094,1.5482862,1.12693644,-0.189589396
general_aleatoire,-0.78557992,0.517450094,-0.356391907,1.15188098,-1.90764165,0.787128925,0.674100399,-1.22750878,1.38042235,3.14014268,0.678298056,0.378913075
general_aleatoire,-1.79058242,-0.581491709,1.61358714,-1.81586766,1.78262448,1.94710231,0.907729149,-0.945207119,0.896823168,3.74855924,1.90830767,-1.11474621
general_aleatoire,-1.49351573,-0.919411898,-0.520990133,0.169766665,0.954227924,1.96895862,-0.824333668,1.42457438,0.298812628,2.64506364,1.67618382,1.075073
general_aleatoire,-0.782422781,-0.33776021,-0.79581666,-1.52894425,-0.0656909943,-0.678852081,-0.381605387,0.899482012,-0.515388012,2.06853223,0.975189626,0.391040117
general_aleatoire,0.448015451,0.507887602,-1.52088666,-1.95403028,-1.34671044,1.05335832,0.562933207,0.960211754,1.25366163,2.91812158,1.91724813,0.36398527
general_aleatoire,1.32130265,-0.602102041,1.36580253,0.38124299,0.265598774,-1.31742573,1.12029552,-0.754494667,-0.0304195881,2.33612061,1.47052372,-0.361431897
general_aleatoire,-1.91891932,1.8061192,1.07310367,-1.23720598,-0.395960808,1.66246819,1.26450229,-0.965878725,0.833491802,3.33769751,2.0189395,0.746584773
general_aleatoire,-1.58910656,1.31497693,-0.243582249,-0.85736537,0.459668875,-1.25956511,-1.07604074,1.88762259,0.223184824,3.11143875,1.33478129,-0.393361986
general_aleatoire,0.869311094,1.23157334,1.336169,-0.971660137,-1.94746661,0.321288824,-0.582153559,-0.642749786,0.971266747,2.78212261,1.66874003,-0.261321127
general_aleatoire,0.119073868,-1.68806887,0.667675972,0.269359589,-0.598309755,-0.283709049,1.9779315,-1.9295342,0.255100727,3.18154073,1.11221981,0.402147353
general_aleatoire,-1.05609775,1.29784608,-0.860832214,0.900540829,-1.55256033,1.41122103,0.526147604,-1.30479622,-1.03040862,3.01711893,1.62355304,-0.236380383
general_aleatoire,-1.10978532,-0.889522076,-0.0503554344,1.59295416,1.40931463,-0.131507635,-1.20957375,-0.43148756,1.88426328,3.02763009,1.61014318,-0.0834597498
general_aleatoire,0.895483971,-1.48959088,1.63845515,-1.29968834,-1.89985466,-1.33106494,-0.20704484,0.344023705,0.443125248,2.71433735,2.35520196,-0.467606485
general_aleatoire,1.67016411,-0.725747824,-0.979554653,1.08963084,0.212147236,1.88590813,-1.29691005,1.7737093,0.524547577,2.94618273,2.18948174,-0.833057344
general_aleatoire,-0.936069965,-1.50701475,-1.09464693,-0.0347571373,1.82996202,0.620727062,-0.165486097,0.316511631,-1.16680932,2.75037837,1.28891838,0.586481929
general_aleatoire,-1.43999815,0.827987671,-1.35450673,-0.862318754,0.685563803,-0.931012154,1.23563695,1.51699615,1.63229752,3.11592484,1.85737693,-0.0886316448
general_aleatoire,-1.35008359,1.25444603,-1.7424283,1.89569545,-0.923254251,-0.36699295,0.427781582,-0.675337076,-1.50764871,2.9547708,2.21992421,0.516243994
general_aleatoire,-1.88726401,-0.113621473,-0.200416803,0.509348392,0.605486155,1.39494777,1.26163435,-1.08052182,-0.930178642,2.38568878,1.9952817,-0.372277826
general_aleatoire,1.2693851,0.0543649197,-1.06037498,0.648038149,0.707066059,0.206411362,-0.277305841,-0.903917313,-1.54127526,2.08508325,1.60675466,-0.203598768
general_aleatoire,1.18512964,0.857053757,-1.30655599,-1.12894964,1.6199193,-1.29350638,1.8103869,-0.566708326,-0.53770709,2.67427301,2.47124529,-0.216761485
general_aleatoire,0.613160849,-0.495272875,-1.0640142,0.973112822,-1.26535392,-0.174845695,-1.96018553,-1.88555956,-0.113427639,2.73155165,1.89990127,0.819485903
general_aleatoire,1.67950678,-0.285417795,-0.276998758,-1.06452918,-1.18601966,-1.78539157,0.22265625,-0.282976627,-1.12437558,2.58524466,1.81296575,0.360498637
general_aleatoire,1.15282035,-1.17591214,0.86112833,0.182925224,1.44317937,-0.435830832,-1.96166945,0.291972876,1.86567712,2.76975131,2.18747568,0.846792519
general_aleatoire,1.98730159,-0.634351015,1.43607259,1.96159101,-1.96931696,-0.989522219,-1.79777718,-0.113854647,0.440317631,3.69254446,1.91401207,-1.12240601
general_aleatoire,-0.584289312,0.505024195,-0.576957226,1.51276326,1.36912823,0.516228676,0.985675573,-1.08914208,1.96860552,2.70691633,1.99889874,-0.262642413
general_aleatoire,-0.125935316,0.454058647,1.23594141,-0.14697361,1.69129968,-1.6397047,-1.05233955,1.98624563,0.158418894,2.93063307,1.91227555,0.390622765
general_aleatoire,0.206122398,-1.36429,0.801909685,-0.012001276,-0.373030663,-1.63954353,0.190862656,1.76691222,1.77031088,2.92354751,1.75752521,0.174969673
general_aleatoire,0.552225828,-1.33432245,1.41686678,-0.830509901,1.99318051,-1.3917613,-1.26933622,1.16886353,0.776573658,3.37750816,1.68768942,0.130622372
general_aleatoire,-1.75181913,1.54794502,-1.6734736,0.303752661,-0.806023598,0.558785439,0.0567526817,-0.369315863,-0.374900818,3.02885628,0.567279816,-0.322624862
general_aleatoire,0.699043274,-1.82073498,-0.41768837,1.82996607,-0.093521595,1.8114779,-1.58835316,-0.882574797,-1.96876645,3.65086889,2.11158752,0.0858748183
general_aleatoire,0.9261024,-1.77939558,0.314301491,-1.22991347,-1.05009341,-0.173584938,-0.951313972,-1.91602373,-0.035387516,2.89230537,1.72627413,-0.0126786688
general_aleatoire,-1.3762536,-0.323052406,1.1257782,-0.835082769,1.048666,1.23004627,1.158921,-0.0741484165,1.68616366,2.45081878,1.93639934,-1.005723
general_aleatoire,0.619392157,-1.52371621,-1.24290609,-1.34744072,0.134030581,-0.665785551,-0.728096008,1.66056466,0.10565424,2.66338992,1.54709792,0.58190012
general_aleatoire,1.10191083,1.12330317,-0.703515053,1.07565284,-1.64945674,-0.583117485,0.465519905,0.777108431,-0.972723484,2.17694902,2.00089669,0.461320192
general_aleatoire,1.76515961,0.124610186,0.502677202,1.76721334,-1.40635967,0.290468931,0.7188344,1.69533753,-1.58038259,2.81475568,2.42929316,0.795895636
general_aleatoire,-0.427845001,1.48844147,0.533405304,0.0666418076,1.57555985,-0.459437132,0.351949215,-1.77197385,0.459594488,2.84285116,0.842623711,-0.253202677
general_aleatoire,-0.476865292,0.865231752,1.61282659,1.52843094,-1.91606808,-1.64727998,-0.101407528,-0.652562618,1.72463226,3.54894733,1.73531961,-0.319845974
general_aleatoire,-0.409261227,-0.420636177,1.63883853,-0.287297487,1.82403159,0.314240217,-1.51847816,-0.148250818,-1.52356935,2.41674185,1.88156879,1.34412587
general_aleatoire,-1.32559347,1.73944712,-1.92577791,-0.816912413,0.439246416,-1.0327425,1.68322635,-1.85750866,-1.57454348,3.47463346,2.64174151,-0.359492302
general_aleatoire,-0.897616386,-1.1561892,0.774105549,-0.519082069,-0.295855522,1.2349689,0.0674812794,-0.922958851,1.6691823,2.67072225,0.928694487,-0.520768046
general_aleatoire,1.52821755,-1.54124093,-1.78016853,-1.71503735,1.76382637,1.40772295,0.24298811,1.09942317,0.635110617,4.07397556,0.93753463,0.329974234
general_aleatoire,-0.945063353,-0.529242039,-0.703063726,1.12797713,-0.758888721,-1.33373523,0.591235161,-1.80435276,-1.75515413,3.17150998,1.34068286,0.35290724
general_aleatoire,-0.417932272,-0.0423936844,1.41478276,-1.4645083,1.0197072,1.27895403,0.0686237812,-0.477348089,0.288550854,2.4939549,1.02852988,0.191137567
general_aleatoire,0.11028862,-1.4804287,-1.88272977,1.36272597,-1.76694298,1.14783859,0.700219154,0.625881433,1.06708217,2.70139837,2.55849218,-0.471604377
general_aleatoire,-0.135236025,0.84014225,1.85783696,0.948074341,1.51612782,-1.5815208,0.577721834,0.773803234,-0.512796164,2.78216887,1.8196609,-0.135079667
general_aleatoire,-1.27300978,0.472089052,-1.60793829,0.301763535,1.02864313,-0.423032284,1.55762434,-0.773304224,0.866839409,2.83214712,1.07967091,0.588105857
general_aleatoire,-0.371957064,1.22229362,0.295645475,1.96435261,-0.287460804,-1.46097636,-0.945702076,1.86061001,1.04385304,3.28201771,1.56533325,-0.139529586
general_aleatoire,0.404791117,0.125869751,1.25301242,-1.72929955,0.600676537,-0.526734114,0.280151129,1.53965378,0.814475775,2.14521098,1.83277071,-0.727933586
general_aleatoire,1.02094603,-0.71896553,-0.707012892,1.69708586,1.75273252,-1.5388298,-1.6935885,-0.727875471,1.84493876,3.89946675,1.3843416,0.242652506
general_aleatoire,-1.87535071,-1.01717973,-0.914707899,-1.96362329,-1.12714791,-0.264767885,-1.80147672,-0.564118385,-0.0329039097,3.69643569,0.643739641,0.266946495
general_aleatoire,0.156355858,-0.125455856,1.18709135,-1.68901825,1.36972308,-0.952598095,-0.39508009,1.81328845,-0.280617237,2.92130303,1.20707619,-0.785839796
general_aleatoire,-1.55705357,-1.40728927,-0.779925585,-1.80980968,-1.85655046,0.564859867,-1.40445137,-1.74224973,0.797588348,4.03139114,1.19689,-0.117571607
general_aleatoire,0.935320377,-0.533134222,0.156360388,-0.191693783,-1.20566821,-1.37208652,0.158091545,0.728560686,-1.26800919,1.94841897,1.42750478,0.941298842
general_aleatoire,1.00608635,-0.245051384,-1.27555203,1.19824123,-1.82002616,-0.152323008,-1.67623568,-1.40520287,0.628182888,2.57750201,2.31527376,0.803578615
general_aleatoire,0.895314693,-1.45795774,-1.25292635,-0.024324894,0.954199314,-1.3894341,-0.0825910568,-1.31940794,-0.185033083,2.37450337,1.80033028,-0.491028219
general_aleatoire,-1.98255801,1.40574002,-0.716703176,0.834414005,-1.64081097,-1.86835694,-0.424154997,-0.815302849,0.391137123,3.05325246,2.00994349,0.966933608
general_aleatoire,1.48368263,-0.529872417,-1.92669535,0.820326328,0.181013584,0.965806961,0.911302567,0.786425352,0.487424135,2.51441813,1.71537232,-0.504417419
general_aleatoire,1.74685407,1.0421288,-1.05082297,0.902767181,-1.24217439,0.768122673,0.438845873,1.28615928,0.379508018,2.48944235,1.71719694,-1.01709771
quasi_singuliere,-0.910244346,0.383184135,0.262559414,-0.0882220119,0.69400692,0.0856451839,0.672836483,0.22879532,-0.14715457,1.21672487,0.766399026,0
quasi_singuliere,0.595882714,0.0186559893,0.198024318,-0.0635917857,0.566996813,0.146881819,0.112014242,0.0225968789,0.0428617895,0.639854491,0.589255989,6.74019393e-05
quasi_singuliere,0.458464295,0.270091355,0.265537262,0.620713413,0.210981935,0.359413743,0.837965667,-0.474111229,0.484735906,1.32345378,0.568359256,0.000250443438
quasi_singuliere,-0.107379653,-0.167114824,0.699355662,1.18756735,0.566165328,0.416895509,0.509303272,0.270777524,0.000951568247,1.48708856,0.744645059,0
quasi_singuliere,0.730076611,-0.147558972,-0.0334490053,-0.0401715599,0.36281842,-0.209800273,0.172419339,0.0677333623,-0.06910754,0.769837499,0.423808664,4.01990801e-05
quasi_singuliere,1.13337898,-0.266557842,-0.827773392,0.24273704,0.46667555,0.0550416075,-0.0615995452,-0.0477737859,0.017372638,1.43168104,0.526512086,0
quasi_singuliere,-0.274468511,0.344551355,-0.766697645,0.437544793,0.242270604,0.100805648,0.517170846,0.176117226,0.275338829,1.00777721,0.633131564,5.35233667e-05
quasi_singuliere,-0.389256835,0.0101169161,0.513221979,-0.025094511,0.240102708,0.275321513,0.152276993,0.481288493,0.290117145,0.77516228,0.535928488,0
quasi_singuliere,-0.283857435,-0.23591657,-0.0981022045,0.647242367,0.0777105093,0.222072959,0.825532436,-0.361428142,0.281628162,1.16224754,0.400952429,0.000155152418
quasi_singuliere,-0.0945510864,-0.660486877,-0.264931858,-0.113564625,-0.0900941864,-0.0478003472,1.47746658,-0.128236175,0.12184862,1.49371481,0.722278118,0
quasi_singuliere,0.409991175,0.364847392,0.0369530842,-0.103996299,0.454027832,-0.119609796,0.293255836,-0.363108963,0.152299285,0.702266693,0.530752838,0
quasi_singuliere,-0.100493014,0.438116163,0.389056563,-0.201180041,-0.123803012,-0.233867034,0.535590887,-0.10036134,0.187566221,0.654352605,0.606496274,0
quasi_singuliere,-0.437145054,0.31391108,-0.221563816,0.296983629,-0.537895381,0.0921537802,0.158396557,0.629170895,0.213861138,0.925531626,0.578638792,8.6134336e-05
quasi_singuliere,0.639625967,0.097461313,0.247989401,-0.165569395,0.492064118,-0.0140769305,0.0427990817,-0.516888142,-0.0341148823,0.734591424,0.693110168,6.14728997e-05
quasi_singuliere,0.196244076,0.539400935,0.384529233,-0.223703936,-0.318895459,0.579133034,-0.0431425944,-0.106578931,-0.0432703309,0.702671885,0.696997583,0
quasi_singuliere,0.367189854,-0.301519901,0.0371465795,0.872927666,-0.345188767,-0.131593466,-0.10354694,0.829532027,-0.451027453,1.1983943,0.769233167,0.000162833603
quasi_singuliere,0.589241505,0.74638021,0.0834934041,-0.731511712,-0.176545605,0.183581322,-0.534951091,-0.448601067,0.0119003281,1.34596193,0.432647347,0
quasi_singuliere,-0.216032535,0.583977044,0.567244649,-0.331437171,-0.384399235,-0.000795415312,-0.0697655082,0.0396984555,0.0818897635,0.874550879,0.464100868,0.000125048478
quasi_singuliere,0.8981148,0.844276011,0.46661222,0.200196236,-0.0893218815,-0.0296199378,-0.259549916,0.370669097,0.161125109,1.32543683,0.509915411,0
quasi_singuliere,0.0968694463,-0.0406529233,-0.401690304,-0.282696098,-0.259037852,0.0869238004,0.531965911,0.417497516,-0.364585757,0.889259696,0.355523169,7.89529586e-05
quasi_singuliere,-0.438418716,0.015679555,-0.497661233,-0.306584358,-0.700193167,0.248964742,0.37076357,0.0570032112,0.361882269,0.852805972,0.794208467,0
quasi_singuliere,-0.569443524,-0.333578169,-0.034583848,0.432901949,-0.285169899,-0.035261713,-0.312112063,-0.180432811,-0.0186809599,0.80340153,0.437687844,1.4216278e-05
quasi_singuliere,0.14825812,0.509116709,0.329216987,-0.228443697,-0.290258348,0.445973277,0.0215561613,0.0166906025,-0.0627174973,0.637785435,0.568154156,0
quasi_singuliere,0.329656482,0.30384165,-0.355574995,-0.746509731,0.145816907,0.455336511,0.0646264702,0.277117878,-0.160985649,1.00580454,0.456663877,0
quasi_singuliere,0.146441847,0.324191213,0.0718395784,-0.254112333,0.209886327,0.0985636935,-0.366124302,-0.305363268,-0.0336252525,0.585214078,0.368775129,0
quasi_singuliere,1.18279684,-0.200955108,-0.157056212,-0.378432482,0.528585434,-0.191893771,-0.0955979973,0.178749621,-0.0720593929,1.30678177,0.511956394,0
quasi_singuliere,-0.149435535,0.349619448,0.0252764225,-1.22951829,-0.354119301,-0.479999661,0.0407550037,-0.458592653,-0.0842446089,1.37191391,0.591300845,5.41444497e-05
quasi_singuliere,0.813125968,-0.0319313556,0.399560094,-0.139525831,-0.249476194,0.26652804,0.00412916671,-0.000272818434,0.00217429781,0.906567752,0.390821606,0.000115574912
quasi_singuliere,1.15562236,-0.394749761,0.0692408532,0.0379575305,0.239741296,0.541099966,0.0315459818,-0.0133464485,-0.00359077449,1.22367954,0.592946231,9.40224345e-05
quasi_singuliere,-0.442323565,0.201969966,-0.0490931123,0.790303051,-0.119104348,-0.00265855412,0.198557943,0.406865001,-0.163948715,0.935812891,0.48344779,0
quasi_singuliere,0.523424268,0.505553663,-0.125355259,-0.384530723,0.471564949,-0.0327129848,0.335793972,-0.357043356,0.0204604901,0.792268753,0.727698684,0
quasi_singuliere,-0.171983466,-0.352105021,-0.340339214,-0.516348779,-1.09272218,-0.309369147,-0.0607115366,-0.148535863,0.365078866,1.33422887,0.452348143,0
quasi_singuliere,0.1992037,0.293289691,0.445836395,0.00733625842,-0.289803326,0.355585814,-0.0901646838,0.187322244,-0.56292969,0.826958418,0.459566176,0
quasi_singuliere,1.32368267,-0.429588944,0.161762118,0.0151347136,0.456293136,0.261273831,0.0825031102,-0.0468073487,-0.00118521263,1.40783429,0.51628226,0
quasi_singuliere,-0.489145577,0.0193175599,0.0176899694,-0.413595498,-0.145330891,0.0719617158,-0.807688713,-0.646541893,0.268432349,1.21389151,0.325900525,8.2575425e-05
quasi_singuliere,-0.059486147,0.157664806,0.404209137,-0.355519086,1.03221285,0.406892359,0.160920024,-0.495053917,0.437691748,1.25234389,0.665869892,0
quasi_singuliere,0.219261333,0.479214013,-0.657185674,0.330754936,-0.0204612184,0.373401433,-0.615030885,-0.137614727,-0.371824533,0.939661503,0.781889617,0.000237798668
quasi_singuliere,-0.453344971,0.0814214572,-0.198027864,-0.265196562,-0.0816184357,0.580926299,-0.371313214,0.0640276074,-0.147850439,0.646781147,0.641357303,0
quasi_singuliere,-0.112123311,0.642589808,0.602220058,0.520124674,0.41231218,0.754072249,-0.337147653,-0.235269189,-0.455343604,1.381531,0.514828444,0.000201018091
quasi_singuliere,-0.0969513953,0.285088301,-0.0133700958,0.188547298,0.141891673,0.451122463,-0.210384905,0.339069575,-0.199700043,0.577032149,0.464965016,6.21484287e-05
quasi_singuliere,-0.506394446,0.0703160763,-0.518574178,0.252558976,-0.632596612,-0.188912794,0.0567989163,-0.2798464,-0.145531788,0.794177771,0.70848614,0
quasi_singuliere,-0.276233345,0.193452001,-0.187852308,0.134462789,0.938144863,0.300871193,-0.0259537995,0.374039233,0.0545456149,1.06548619,0.382138312,8.89366056e-05
quasi_singuliere,-0.251059145,-0.248128787,-0.146544963,0.324009776,-0.1476648,0.589328885,0.259931177,0.524572849,-0.077226609,0.725402057,0.665331841,0.000149087777
quasi_singuliere,-0.427666217,-0.277948111,0.571899533,-0.228317693,-0.301897943,-0.568898618,-0.365151376,-0.279285282,0.24930726,0.930975437,0.678906679,0
quasi_singuliere,0.569440722,-0.604224563,0.0568825454,-0.39059332,-0.259222537,-0.235465407,0.661177993,-0.323439151,0.17631036,1.12257814,0.529586434,0
quasi_singuliere,-0.240236178,0.449739128,0.42570135,0.466062844,0.223939702,0.0896263644,-0.531039715,-0.851233423,-0.599824309,1.31896341,0.585937917,0.00016706287
quasi_singuliere,-0.116729304,0.578913331,-0.374455392,0.0993564799,0.098725453,0.348829299,0.143340275,0.146727964,0.503469586,0.782655656,0.559723854,2.07997782e-05
quasi_singuliere,-0.122259222,0.253605992,0.548858225,0.0857842267,0.159206465,-0.0676822811,-0.233437225,-0.32021597,0.29058513,0.6669541,0.463074893,3.76372227e-05
quasi_singuliere,-0.554553092,-0.803565562,-0.58698374,0.272653073,-0.260086954,-0.0724052787,0.191288367,0.255545586,0.190552726,1.20175481,0.372846514,0.000143440149
quasi_singuliere,-0.0987221673,0.295240849,-0.252131373,0.695398927,-0.165789217,0.279135287,0.169882804,-0.316161722,0.283789068,0.899866462,0.386083752,0.000122929006
quasi_singuliere,0.10704381,0.146847129,0.1342213,0.41496852,0.209182471,0.513034761,-0.662199736,0.514480114,-0.801518321,1.28467607,0.474800915,0
quasi_singuliere,0.161206871,-0.0444416851,0.18174988,0.372255117,-0.118964553,-0.299267828,0.297076434,-0.0827314854,0.298266917,0.525491297,0.459569722,4.3246273e-05
quasi_singuliere,-0.182193846,-0.589405715,0.0150243482,0.50103116,0.140193388,-0.0233726129,0.399517715,-0.424938798,-0.0121323913,0.740504861,0.666362703,7.67106212e-06
quasi_singuliere,0.515204251,-0.257896483,-0.374672025,-0.201368794,-0.136669204,-0.192606345,0.012825368,-0.00954423752,-0.0137878554,0.687597752,0.310330927,0
quasi_singuliere,0.2668356,0.095326364,-0.0575066805,-0.155250892,0.168517604,0.529292583,0.306937575,0.207946882,0.151448652,0.598515153,0.467349917,7.11810353e-05
quasi_singuliere,0.569128215,-0.19740127,-0.233206883,-0.803113699,0.737058938,-0.0962421596,-0.597691834,0.508545637,-0.0345309414,1.45619977,0.33361423,0
quasi_singuliere,0.568496943,-0.241547227,0.293689966,-0.193294078,0.153795466,0.407735318,0.257547796,-0.173293516,-0.319278032,0.731219053,0.598890722,0
quasi_singuliere,0.31715104,-0.66419208,-0.249799773,0.0846016854,-0.232703403,-0.737578571,0.157148078,-0.333695948,-0.179234385,1.05991173,0.50420922,3.33168537e-05
quasi_singuliere,-0.0099838106,-0.564841628,-0.834029496,-0.107978061,-0.184085935,0.393728137,0.0478763841,0.22934103,0.0601354502,1.0485388,0.41760242,2.75816783e-05
quasi_singuliere,1.05669737,-0.00768910348,0.196416393,0.261012852,0.47678417,0.336738169,0.781758964,-0.244897649,0.00128058542,1.35982287,0.621366739,8.10857964e-05
quasi_singuliere,-0.313779294,-0.149002567,0.811518192,0.0177027881,0.0025596153,-0.0741130486,-0.65689671,-0.551146507,0.539930463,1.28222907,0.4095397,0
quasi_singuliere,0.281142801,0.196597666,-0.539795339,-0.316532761,-0.125365064,0.165754139,0.120336533,-0.0309951138,0.299194992,0.744365513,0.321456075,1.89777638e-05
quasi_singuliere,-0.58026582,-0.0215514619,0.0403368175,0.0388972722,-0.0161528867,-0.322750658,0.0484619066,0.0062857233,0.0782165751,0.587696731,0.328420937,0
quasi_singuliere,1.14100027,0.213975623,-0.243975163,-0.508750737,0.688405514,-0.087503165,0.369515806,0.253742635,-0.125201926,1.32083189,0.787136078,0
quasi_singuliere,-0.39081347,0.261245519,-0.477121681,-0.481981218,-0.187755883,-0.264478385,0.311424106,-0.169159919,0.35541448,0.950688243,0.366398394,5.44865434e-05
quasi_singuliere,-0.00957913231,-0.351080298,0.249604389,-0.0574491397,0.303007573,0.215360969,0.00785406958,-0.324471444,0.121166132,0.581823289,0.329624236,2.36756241e-05
quasi_singuliere,-0.782089651,-0.469284296,0.00458153104,-0.737972081,0.340018809,-0.472273827,-0.0963168368,0.200413108,-0.156635419,1.13613665,0.705933332,0.000172354688
quasi_singuliere,-0.00277352473,-0.0668762028,0.406636328,-0.494259298,0.155004635,0.255289197,0.239368111,-0.160416469,0.386849821,0.627288282,0.585249662,0
quasi_singuliere,0.431867361,-0.0564038455,-0.2068156,-0.457253575,0.067553319,0.104669623,-0.451025754,0.10036014,-0.388848901,0.787379801,0.449217498,0
quasi_singuliere,-0.128103435,-0.216013864,-0.41195485,-0.364329308,-0.0614670217,0.703680873,0.601898909,0.450003892,0.0193748642,0.916988492,0.767302632,0.000134710484
quasi_singuliere,1.0233407,-0.357596159,0.40270111,0.330908954,-0.0434604511,-0.361804605,-0.236974642,0.0651042834,0.0274420138,1.19492662,0.461368144,0
quasi_singuliere,-0.133440301,-0.00354051776,-0.39641729,0.145496935,-0.00424070936,0.43895337,0.0319057554,0.470392168,-0.294625223,0.722446144,0.419517905,0
quasi_singuliere,-0.193535343,-0.172384948,-0.142824665,-0.228181303,-0.178538084,-0.178419098,0.100949645,0.582621753,-0.125456065,0.671816111,0.342620105,0
quasi_singuliere,0.0466898158,0.19014962,0.263804585,-0.497047186,-0.667224586,-0.367404401,-0.088213563,0.238695934,0.577145696,1.04917657,0.481916308,0
quasi_singuliere,0.35890007,0.715184391,0.0184340496,0.518509209,-1.00312042,-0.0622409433,0.556924224,-0.0235701632,-0.0208582692,1.26809001,0.789124131,0
quasi_singuliere,-0.767992377,0.0933374912,-0.689175606,0.437486023,0.475571156,0.285538077,0.225464672,-0.221395388,0.241602078,1.20230961,0.534092069,0
quasi_singuliere,0.23513858,0.306669116,-0.0802502632,-1.03243375,-0.581756175,0.0711474791,0.296642512,0.509139657,-0.146196425,1.35442936,0.315138459,6.38803613e-05
quasi_singuliere,0.156863987,0.278673142,0.165702567,-0.329992205,0.270407856,-0.164785087,0.0186677445,-0.83527863,-0.166611448,0.936208606,0.433824092,0
quasi_singuliere,-0.245746747,-0.544358134,0.166642383,-0.237044781,0.215370163,0.218129992,0.324738503,-0.102574714,-0.283909142,0.643511951,0.56313014,0.000115514085
quasi_singuliere,0.691504478,0.205760553,-0.363407403,0.0224114116,0.240254268,0.267736107,0.166736573,-0.00026471811,-0.147310317,0.83634007,0.364039183,0
quasi_singuliere,-0.335702598,-0.358870566,-0.297447771,0.440631747,-0.383553803,0.0592780896,-0.000768596947,0.222214863,0.0857421234,0.60518831,0.604336143,6.47383204e-05
quasi_singuliere,-0.628617764,0.703952968,0.238240629,0.00868562423,-0.606979132,-0.524530232,0.119604431,-0.258820832,-0.154317439,1.21578777,0.466976792,0
quasi_singuliere,0.0610522851,0.309194326,-0.152521342,0.0706513971,-0.231533453,0.238138005,-0.654780149,0.210509166,-0.845408082,1.13600183,0.367649764,0
quasi_singuliere,0.107996151,0.269037515,-0.0523132794,0.560196936,0.0797939822,-0.107878946,-0.24380219,0.625607371,-0.0350958891,0.719199836,0.594486356,3.03816396e-05
quasi_singuliere,-0.545432329,-0.0665391833,-0.247130901,0.0807212666,0.188019365,0.0616469048,0.358357549,-0.296066165,0.114553362,0.718016446,0.349736065,0
quasi_singuliere,0.431409806,0.175137505,-0.347678274,0.242174953,0.0118619688,0.435756564,-0.454300165,-0.125271231,-0.0656150728,0.7046929,0.562259436,0
quasi_singuliere,-0.0943774357,-0.740581751,0.0234333985,-0.235483691,0.0734137148,0.590221643,-0.0870534405,-0.124034323,0.176351473,0.760763526,0.665148735,1.77887414e-05
quasi_singuliere,-0.122345068,0.129893035,0.1505844,0.16681546,0.472476691,0.294849336,0.471956402,-0.00205547246,-0.196656853,0.601641059,0.540335953,0.000100475663
quasi_singuliere,0.19234477,0.115012705,0.123850212,0.0225390866,0.429093897,-0.249810264,0.324362427,0.127836123,0.250905067,0.509561718,0.487289816,0
quasi_singuliere,-0.914524078,-0.543614805,0.513054907,-0.338982284,-0.446949095,0.266156137,-0.376966566,0.0691605359,0.120702818,1.35450506,0.327689469,0
quasi_singuliere,-0.098390542,-0.66470325,-0.0219768733,-0.242846206,-0.409005672,0.351787925,0.00716099795,0.167912692,0.04100696,0.845890045,0.341183692,2.74038721e-05
quasi_singuliere,0.152003288,0.228755817,-0.017537497,-0.753767908,-0.459536135,0.0166551434,-1.00808549,0.667053699,-0.111257933,1.30452967,0.79191947,0
quasi_singuliere,1.13061905,-0.0492961407,-0.0441716127,-0.463694572,0.440565079,0.0230166353,-0.475186884,0.0403623544,0.018794002,1.33100677,0.385391504,2.13443036e-05
quasi_singuliere,0.659138143,-0.341410965,0.421499193,0.423674911,0.124021262,0.224501789,-0.574092627,-0.481657714,-0.261817575,1.11608815,0.59869945,0
quasi_singuliere,0.103735767,-0.252322763,-0.026246598,0.552611768,0.203181073,0.19232443,-0.809418321,0.593316197,-0.0904597193,1.09850335,0.517129898,0
quasi_singuliere,0.249284849,-0.627499938,-0.0522940755,0.728776574,0.230449513,0.183054596,0.961493134,0.275438249,0.236855879,1.29492939,0.675247192,0.000136212882
quasi_singuliere,0.040785592,-0.476108551,0.05012713,0.409759104,0.0583101884,0.295873284,0.0183457583,0.0407130532,0.0116121192,0.509730875,0.481666416,2.01417097e-05
quasi_singuliere,-0.311100364,0.314177871,0.280065447,0.215493545,-0.307184845,0.103210464,0.144673184,0.00753860176,-0.640108764,0.770204723,0.512729228,8.09516641e-05
quasi_singuliere,1.0316385,-0.250182331,0.573135078,0.193116993,0.429765165,0.0701573864,0.0958891064,-0.0416005813,0.0547013655,1.21769214,0.461964071,0
quasi_singuliere,-0.519941747,0.276375353,1.01940596,-0.180798724,-0.0489554405,0.478344172,-0.339833438,0.608091533,0.30127731,1.39650834,0.524979889,1.64937628e-05
quasi_singuliere,-0.00797407795,-0.034652397,-0.0473829284,-0.187212393,-0.454479933,-0.43123585,-0.382000446,-0.28488043,0.338889629,0.675773203,0.562434316,0
quasi_singuliere,-0.583072484,0.993945241,-0.775050282,-0.254825145,0.522700429,0.270316809,-0.0836881474,0.138567984,-0.1394694,1.44911194,0.534375548,0.000106849257
quasi_singuliere,-0.575306892,0.181701064,0.553362787,-0.642582774,0.0281264819,-0.408268034,-0.330737859,0.167299777,0.687051594,1.11705422,0.782429874,0
quasi_singuliere,0.0083538359,-0.126697972,0.163460419,-0.00390792405,1.04533303,-0.984147906,0.0834272876,0.407076716,0.0930016637,1.46965969,0.354324728,9.38811572e-05
quasi_singuliere,0.655944645,0.254818499,0.102525324,0.321558952,0.247982755,0.0990064815,-1.09318542,0.501216531,0.195881695,1.34336102,0.600356817,0
quasi_singuliere,-0.808467031,-0.0687910095,0.84033519,0.670132041,0.0015979443,-0.55695051,0.212196738,-0.274613053,0.516607583,1.4734689,0.58309567,3.71641981e-05
quasi_singuliere,0.145274639,-0.227990359,-0.0517733693,0.475870222,0.723430753,0.182785749,0.550362408,-0.253497928,-0.049884893,0.89685154,0.651372194,0
quasi_singuliere,0.119449101,0.311848193,-0.39030996,0.46219492,0.115169547,0.226924822,-0.00188218232,-0.0723766834,0.113521688,0.53102988,0.527616024,3.75682393e-05
quasi_singuliere,-0.0856204778,0.323095024,-0.0625697598,-0.483448833,0.613515139,-0.279846251,-0.612154603,-0.233370498,-0.293066889,0.953748941,0.639937401,0.000125437626
quasi_singuliere,0.154102296,0.527412176,-0.234607011,0.386726946,-0.190405026,-0.500484049,-0.0687146112,0.021770563,0.0896303132,0.70330596,0.558424175,4.39197393e-05
quasi_singuliere,0.211267844,0.565331697,0.181901664,0.414248705,0.0776058882,-0.659782231,-0.0125700794,0.00573875243,0.0280008148,0.78383112,0.629954875,4.49218642e-05
quasi_singuliere,-0.0914742127,0.0803925171,-0.554182351,-0.268552452,0.308932751,-0.206810623,0.174842641,-0.263543099,-1.08095872,1.24419951,0.502735794,0
quasi_singuliere,0.167078897,0.16559121,0.0121001434,-0.0875742584,0.338383228,0.0398671702,1.02140749,0.024318194,-0.0334054641,1.03950357,0.379021138,1.17584905e-05
quasi_singuliere,0.857808471,0.535940409,-0.029537091,-0.034768872,-0.226601869,-0.0493090451,-0.948183835,0.440365314,0.28724435,1.30050969,0.750390947,0
quasi_singuliere,0.558439851,0.347415119,0.00257463916,-0.96520406,0.312921852,-0.00184694503,-0.488191277,-0.222746387,-0.00201991154,1.2172991,0.517914116,1.33970366e-06
quasi_singuliere,-0.946166039,0.375806779,-0.442796379,-0.365183145,0.0984032974,-0.168437883,-0.674749076,-0.30538404,-0.285481691,1.3479377,0.465888679,0
quasi_singuliere,0.604050636,-1.04057884,0.686303198,0.343093038,0.362863004,0.35814622,-0.0175042972,0.254841328,-0.0273463465,1.40245342,0.628861964,0
quasi_singuliere,-0.381955713,-0.10499265,-0.223901778,0.0539629236,-0.0146716917,-0.0243947487,0.377891988,-0.106699005,-0.178341508,0.541266739,0.322166115,3.1136271e-05
quasi_singuliere,-0.550208628,0.290569872,-0.137326539,0.572817445,-0.0202233046,0.206687853,-0.809082448,-0.262176365,-0.357565582,1.21262097,0.397519767,0.000199954913
quasi_singuliere,-0.325612068,0.149620429,0.534220457,-0.418405771,-0.384772956,-0.024277214,0.172790185,0.420161247,0.331825167,0.781681776,0.66556555,0.000106321742
quasi_singuliere,0.4780958,0.0841332972,0.98996675,-0.177681655,-0.633411407,0.0204178337,-0.0310796406,0.0857407227,-0.123178095,1.11583531,0.653672397,0.000129743057
quasi_singuliere,-0.317026198,0.359181195,0.212627992,0.564491868,0.441093028,-0.00770910503,0.177784592,-0.0643302798,-0.0721866265,0.727733672,0.547139227,0
quasi_singuliere,0.315535665,-0.00232882611,-0.708806813,-0.132638991,0.179012328,-0.646462977,0.105267741,-0.00286000269,-0.225418568,1.00636637,0.34446764,5.34035134e-05
quasi_singuliere,0.619799137,0.339241147,0.0147372568,-0.297299117,0.467730641,-0.0574406423,0.132957563,0.335011929,-0.0177906174,0.765496552,0.595107615,1.42212493e-05
quasi_singuliere,-0.0718525946,-0.893189371,-0.55239737,0.504705191,0.295495421,-0.352161765,-0.0515735298,-0.372005105,-0.205991015,1.14384723,0.670260549,0.000115232942
quasi_singuliere,-0.0414944217,-0.568935454,0.218350083,-0.648898959,-0.592382491,0.490350842,-0.850446165,0.018195767,0.362869918,1.33619308,0.674810648,0.000118438547
quasi_singuliere,-0.0389957167,0.0830662996,-0.121838279,0.107989967,0.183172211,0.60839349,0.13121289,-0.697211623,0.136015862,0.733471751,0.649970889,3.88091539e-05
quasi_singuliere,-0.270582765,0.316853255,0.49669829,0.459677905,0.302413613,0.0979222655,0.487386703,0.241943091,0.0156667382,0.777894378,0.651056767,0
quasi_singuliere,0.389910519,0.236311257,0.02708707,-0.0684687421,0.0724024475,0.751947761,-0.396859914,-0.268298835,-0.212101206,0.814800978,0.628116846,0
quasi_singuliere,0.118864894,-0.290662676,-0.145740852,0.1425156,0.500840306,-0.0109532932,0.46315679,-0.139742523,-0.376422614,0.680503607,0.551159441,0.000110292684
quasi_singuliere,-0.136378378,-0.230496138,-0.183206156,-0.0201764926,0.400810629,0.55989933,-0.390025496,0.385861218,0.886568487,1.2481209,0.330215394,0.000145033409
quasi_singuliere,-0.686140835,-0.915447056,-0.466913164,0.030642163,0.295361638,-0.630269468,-0.0199029446,-0.0312484521,-0.00153402309,1.23614597,0.696832418,0
quasi_singuliere,0.314178169,-0.302205503,-0.205202907,0.53265518,0.254026622,0.326125056,0.209920079,-0.0843467861,-0.0337028503,0.69092679,0.511556268,9.2788745e-05
quasi_singuliere,-0.453598112,-0.401423126,0.324352443,-0.0329140872,0.401152074,-0.364122987,0.47296375,0.431178272,-0.349567622,1.08404291,0.35120663,0.000166530604
quasi_singuliere,-0.303526908,0.379783243,0.140310913,0.0732830837,-0.523845851,-0.120836616,-0.0302123539,-1.12795162,-0.220613748,1.33400691,0.304501653,0
quasi_singuliere,0.717464387,-0.275588691,-0.286844671,-0.7103163,-0.208321184,0.0538440458,-0.691411376,-0.121826589,0.0911296234,1.24976766,0.403865069,6.58761564e-05
quasi_singuliere,0.836383879,0.152397186,-0.289349407,0.108706094,0.349390298,0.488258392,0.612955034,0.315911323,0.113797538,1.10590887,0.666484833,0
quasi_singuliere,0.623572588,-0.0734835938,0.48164928,0.433823556,0.130399972,-0.40855819,-0.123850614,-0.0171515904,0.0343937501,0.806408286,0.604050577,0
quasi_singuliere,1.04161537,-0.32957077,0.0454148278,0.874646902,0.152659446,0.0737488866,0.465306461,-0.263499022,0.0106440447,1.45955348,0.380987614,3.2540469e-05
quasi_singuliere,0.396690905,0.59192425,0.00211197184,-0.415004849,0.259441823,-0.0617108271,0.637273192,-0.15094246,0.078005679,0.863827288,0.663232863,3.67018074e-05
quasi_singuliere,0.117323421,-0.330697119,-0.368556708,-0.664306641,-0.0524122827,0.254610032,-0.901521623,-0.111865431,0.306751192,1.21400273,0.461936057,0
quasi_singuliere,-0.775146604,-0.0290651005,0.125857681,-0.645820439,0.0808549523,0.0453258753,-0.0507025793,0.61784023,-0.342916906,1.01778829,0.713589191,9.9298064e-05
quasi_singuliere,0.842723012,-0.0576423705,0.114231981,-0.361422569,0.465852886,-0.0404919051,-0.11485821,0.359356374,-0.00879667141,0.988083422,0.491870254,0
quasi_singuliere,0.762051702,0.127893195,-0.0410577133,-0.153477192,-0.0127336709,0.562299371,-0.332854152,-0.0582752675,-0.0847190022,0.868029952,0.553671718,3.60747472e-05
quasi_singuliere,0.425932676,-0.424487948,0.177807227,0.0122887641,0.233295023,-0.260265619,-0.443497151,-0.198060766,0.506666839,0.76065886,0.655413687,0
quasi_singuliere,0.133849889,-0.237324715,-0.555705309,0.081264168,-0.645847261,0.337706983,0.229263633,-0.727177203,-0.520381391,1.12033772,0.719586313,8.07901743e-05
quasi_singuliere,0.0963741839,0.202776641,-0.0750063136,0.116513953,0.295031071,0.61908412,-0.263567209,-0.547997057,0.298532575,0.721458793,0.691595018,2.7762524e-05
quasi_singuliere,1.08421457,0.0900875553,-0.133057743,0.00560131669,0.407200724,0.385006309,-0.144487157,-0.0883966982,-0.0547073223,1.1055032,0.570053637,0.000147643019
quasi_singuliere,0.896383226,0.870438814,-0.76749897,-0.538171053,0.127932236,-0.476824492,-0.0123536736,-0.00376778562,-0.00128205342,1.46639717,0.730359733,0
quasi_singuliere,0.0715717897,-0.237790853,-0.239308313,0.375443101,0.01851728,-0.42288354,0.402467906,0.334056556,-0.246700302,0.779042423,0.408159941,3.78190489e-05
quasi_singuliere,0.366301358,-0.285220891,1.07513595,-0.446387678,-0.563417971,0.020770384,0.12491788,0.0464588553,0.156663626,1.18373489,0.727774739,0
quasi_singuliere,-0.0962588936,0.317526489,-0.138078734,0.0966154113,-0.677906036,0.0438259989,-0.149419248,0.0812505484,-0.322929889,0.783337116,0.345775813,4.3508513e-05
quasi_singuliere,0.402770162,0.360229254,0.0262587834,-0.423958033,0.253361553,-0.0274297502,0.211374968,0.143355846,0.0137655949,0.641715169,0.437018007,7.56238887e-06
quasi_singuliere,0.471839726,0.030468924,0.0287377015,0.0647024661,-0.155135751,-0.594156146,0.198128253,-0.0252356213,-0.130704463,0.642361224,0.500009239,0
quasi_singuliere,0.221738845,0.0682395101,0.393176496,-0.297813922,0.085417524,1.24707651,0.0238684975,-0.0258827135,-0.29079473,1.36190987,0.301005602,0
quasi_singuliere,-0.00721387379,-0.041448433,0.132838637,-0.276543617,0.457688481,-0.474832684,0.588067949,-0.367447197,-0.63823992,0.946349621,0.723499358,0
quasi_singuliere,-0.118187353,0.285014242,-0.525251627,-0.0681460276,-0.20894292,0.280246466,-0.797655821,-0.344887316,-0.00137298682,0.885562718,0.684771776,0.000137653027
quasi_singuliere,-0.790873945,0.587057292,0.502710223,-0.321346849,-0.505537093,0.409666777,0.571510494,-0.144098923,-0.440605551,1.33546853,0.712418079,0.000231497965
quasi_singuliere,0.549932003,0.103854254,-0.146273166,-0.108763114,0.768253386,-0.0577994213,0.0517256744,-0.132922426,0.00193093123,0.79174304,0.577477992,0
quasi_singuliere,0.392116249,-0.691272378,-0.180788592,0.427055806,0.368624181,-0.143378019,-0.413467437,-0.292307526,0.141898334,0.837086737,0.760877609,0
quasi_singuliere,0.627816379,-0.392024934,-0.160169885,-0.678931892,0.729187429,-0.590214074,0.0571485832,0.100569069,-0.355354786,1.30654514,0.589155257,0
quasi_singuliere,0.216083243,-0.475181222,-0.101316758,0.717640281,-0.113451056,-0.115581222,-0.760550857,0.54280901,0.186225265,1.25065029,0.409420431,0
quasi_singuliere,-0.539798677,-0.947908998,0.235925406,0.0902192518,-0.12048167,-0.260181248,-0.138935149,0.152643234,0.374636829,1.11620188,0.522468746,0
quasi_singuliere,-0.0241332725,0.156830847,0.400005847,0.0396498926,0.198260397,0.238244817,0.232790798,0.300353348,-0.29746139,0.568620265,0.438612491,0
quasi_singuliere,-0.596394897,-0.0661758631,-0.504000425,0.377561599,0.0248550382,-0.167175442,0.429049879,0.0156969596,-0.548035383,0.828860641,0.763455153,4.41855991e-06
quasi_singuliere,0.865918994,0.418550014,-0.044882413,0.55186832,0.247672275,-0.0315229036,0.573468983,0.678255856,0.0316238441,1.41160345,0.301963121,4.43331228e-05
quasi_singuliere,0.232445404,0.117668144,0.223190129,-0.0129237836,0.291306496,-0.00716909813,0.323634356,-0.102095887,0.30606997,0.550610781,0.329298824,8.59249849e-05
quasi_singuliere,-0.497882664,-0.858833432,-0.230570659,-0.254414618,-0.893567383,0.0901596174,-0.118159488,0.180577591,-0.230540231,1.35743845,0.408708453,0
quasi_singuliere,-0.244502619,0.148654029,0.112448364,-0.816993237,-0.0170615073,0.22527568,0.619046748,0.708392382,0.0329781435,1.15966582,0.595267713,0
quasi_singuliere,-0.166848317,-0.544243574,-0.497089416,-0.325667173,0.498288542,-0.443484843,0.0289760251,0.0956066027,0.0866954178,0.767445385,0.742085278,0.000115650008
quasi_singuliere,-0.653594136,0.262492329,0.0962280333,-0.0075302124,0.101998985,-0.013011883,0.968573451,0.297816187,-0.240588859,1.20067239,0.398842037,0.000117407653
quasi_singuliere,0.0359363295,-0.769923031,-0.707611918,0.146331474,-0.472839981,-0.789450884,0.190889582,0.673490942,-0.0159523915,1.45260167,0.585868776,0.000129852837
quasi_singuliere,-0.719438732,0.398665547,0.0346025117,-0.829450905,0.47553587,0.174424544,-0.221123025,0.0375133157,-0.708323717,1.27948821,0.732943058,5.22701484e-05
quasi_singuliere,0.117449254,-0.133708522,-0.453969985,0.370209455,0.301109016,-0.350147843,-0.257385135,-0.112571329,0.388187438,0.833841622,0.34986183,0
quasi_singuliere,0.385006517,0.429368168,-0.2180136,0.0125691155,0.409525901,0.437994689,0.147561401,-0.0693486035,-0.346806765,0.686834872,0.644160032,0
quasi_singuliere,0.00904885214,-1.0103364,0.736950874,-0.526867688,0.469747752,-0.230093971,-0.508645952,0.114351012,0.0258980356,1.38326848,0.688614309,0.000259416032
quasi_singuliere,-0.650337338,0.152271926,-0.842549801,0.229012862,-0.266557604,-0.114790089,0.0660213307,-0.0528897271,0.0132004144,1.08072472,0.36339584,0.000200765804
quasi_singuliere,0.40469715,0.343333125,0.0366049148,-0.647162259,0.313157499,-0.0600201078,0.108770408,0.310419947,0.00946292281,0.776265323,0.556039214,5.53852715e-06
quasi_singuliere,0.0433601998,-0.015664272,-0.020018816,-0.151710823,-0.643991649,0.338034868,0.627969265,-0.304491043,-0.26015532,0.75334841,0.736031532,0.000105182764
quasi_singuliere,0.645134807,-0.0148265697,-0.157760516,-0.250332683,-0.0305887144,0.0683820248,0.0314819887,-0.694534302,0.129107386,0.713220239,0.707771122,0
quasi_singuliere,0.458415627,-0.00978092104,0.341148078,0.0338458568,0.717590868,0.00610403111,0.0202245209,0.178789005,0.0102895824,0.741046488,0.571027637,0.000153758883
quasi_singuliere,0.436197937,0.230093881,-0.132510975,0.356968522,-0.276905179,-0.372402906,-0.230769306,0.173742145,0.237757489,0.757448971,0.412066102,0
quasi_singuliere,-0.901428401,0.0235689599,-0.170728371,-0.225362435,-0.406521767,0.306000501,-0.114639439,0.0430591777,-0.0555832684,0.943897605,0.528303385,5.9394024e-05
quasi_singuliere,-0.255565584,0.190009564,-0.127041847,0.661732316,-0.432643503,0.087652348,-0.227090329,-0.0267902836,0.682524562,0.870663106,0.714411139,0
quasi_singuliere,-0.415559411,0.125905156,0.34825179,0.088759698,0.16175057,-0.441193908,0.491782278,-0.644481063,0.551321328,1.03539741,0.653932452,0
quasi_singuliere,0.0569219515,-0.299702078,-0.134164155,-0.134510189,0.0163114369,0.082685478,0.645400405,0.0672718212,-0.347443908,0.758675218,0.320083946,8.11637219e-05
quasi_singuliere,0.0159197152,-1.02174366,-1.01198471,0.456780523,0.273129493,-0.387401074,-0.149750441,-0.135653347,0.0823603049,1.44153619,0.686467767,0.000240630819
quasi_singuliere,-0.351826757,-0.0212384686,0.46457383,-0.23227036,0.505409479,-0.000894832949,-0.255158782,0.0823434219,0.279043317,0.734808505,0.509174943,0
quasi_singuliere,0.32944566,0.40374887,0.0485112481,0.0345271006,-0.224541366,-0.0261318702,-1.12538266,-0.053521093,-0.0106404098,1.18567634,0.43569532,0
quasi_singuliere,-0.470448107,-0.113505103,-0.52541995,-0.0027427359,0.00992847327,0.157568544,-0.939663112,-0.156033412,0.022583155,1.09568763,0.492439717,0
quasi_singuliere,0.716873288,0.212288797,0.0935342088,0.114322856,0.141141221,0.584751248,-0.270044953,0.0202953052,0.49730283,0.815065861,0.773925662,0
quasi_singuliere,1.40263164,0.0311750472,-0.301232994,-0.0148580326,0.357919127,-0.111062653,-0.293237031,-0.0188968387,0.0669245645,1.46631181,0.374838769,2.42988681e-05
quasi_singuliere,-0.49285534,-0.13310127,0.295853943,-0.263062775,0.267137289,0.298663229,0.870435297,-0.0796050727,-0.653477848,1.29298222,0.311674118,0.000252926606
quasi_singuliere,-0.293184191,0.191023439,0.186713994,-0.297272116,0.382641315,0.20172815,-0.387496442,-0.526093185,0.195638508,0.690037787,0.649490714,0.000140897857
quasi_singuliere,0.369152278,-0.466291666,-0.0993316993,0.322535396,0.137582898,0.437740713,0.0975503176,0.0991391614,0.187761769,0.605581582,0.604990244,0
quasi_singuliere,-0.405831665,-0.0296961591,0.00692532258,-0.71524775,0.382958978,0.0137335304,0.722816348,0.327717125,-0.0113701355,1.09533846,0.504261494,0
quasi_singuliere,0.292966187,-0.188680947,0.00911443029,-0.28405264,-0.0877248719,0.47695443,-0.251859367,-0.392612815,0.987957358,1.21660626,0.388441443,8.05655873e-05
quasi_singuliere,0.545757353,0.475227177,-0.191203281,-0.421683908,0.253819555,0.0844297037,0.387863398,0.240889788,-0.126013219,0.910335004,0.453052014,0.000128710846
quasi_singuliere,-0.264822781,0.33206284,-0.231200308,-0.685759246,-0.373521388,0.157126948,-0.0375896432,-0.0736219883,0.0411815457,0.800626874,0.48564288,8.65664115e-05
quasi_singuliere,-0.319057554,0.330763221,-0.233298555,0.949255049,0.185890958,0.822489738,-0.0183910467,-0.39309895,-0.0586756617,1.32140183,0.538483977,0
deux_valeurs_quasi_egales,0.202902257,-0.454786092,0.680732012,0.580036581,0.752351463,0.311425626,-0.0751332864,-0.149624228,0.561793029,1.00000024,0.99999994,0.233452886
deux_valeurs_quasi_egales,-0.579443693,-0.50662303,-0.59131813,0.781760693,-0.488180935,-0.216864973,0.0121221915,-0.578138828,0.157659173,1.00000024,1,0.444777459
deux_valeurs_quasi_egales,0.0120299775,-0.206891239,-0.135740295,-0.39681989,-0.500505269,0.769411802,-0.917330146,0.187069565,-0.351434439,1.00000012,1.00000012,0.2476601
deux_valeurs_quasi_egales,0.978443563,0.132877693,-0.157484457,0.20630759,-0.655548811,0.725567579,-0.00831605587,-0.298120677,-0.221850067,1,0.99999994,0.369766891
deux_valeurs_quasi_egales,0.725495815,-0.149790257,-0.171281412,0.583329082,0.562840283,-0.158859402,0.363708466,-0.648579657,0.521649539,1.00000036,0.99999994,0.292359024
deux_valeurs_quasi_egales,0.0420104861,0.271941394,-0.933379591,0.38789466,0.805215418,0.327662051,0.494051874,0.142506018,-0.144915268,1,0.999999642,0.372165799
deux_valeurs_quasi_egales,0.274960697,0.790615797,0.376960486,-0.0931346491,0.493473977,-0.0595942289,-0.186211586,-0.274263293,0.921911001,1.00000012,1,0.241521522
deux_valeurs_quasi_egales,-0.707891524,-0.705828607,0.0190062318,0.564071119,-0.574243367,0.215703294,-0.42490077,0.414248943,0.283587366,1.0000006,1,0.355933577
deux_valeurs_quasi_egales,0.50982374,-0.175720811,0.662776709,0.189352781,-0.102041863,-0.703604817,0.00517446548,0.971280336,0.0771331266,1.00000024,1,0.469849944
deux_valeurs_quasi_egales,0.851307392,0.00265096128,0.267627001,0.138737708,0.902533174,-0.406844765,-0.505977154,0.249275044,0.332614213,0.99999994,0.999999881,0.473788798
deux_valeurs_quasi_egales,0.912041903,-0.126669049,0.136676908,0.276696742,0.892060757,-0.127166301,-0.302684069,0.433799028,0.298348576,1.00000048,1,0.351938784
deux_valeurs_quasi_egales,0.264845252,0.816432416,-0.511726797,-0.148016915,-0.491364926,-0.85504967,-0.37516427,0.124947183,0.0728586093,1.00000024,1,0.393313646
deux_valeurs_quasi_egales,-0.339572549,-0.645577133,0.664513707,0.248103082,-0.699195504,-0.616739333,0.254926443,-0.304966748,0.057667926,1,0.999999583,0.256462872
deux_valeurs_quasi_egales,-0.118475296,0.955853701,0.0151658244,0.559093535,-0.157946616,0.145214394,0.812752604,0.238757163,-0.231624156,1.00000036,1,0.240340278
deux_valeurs_quasi_egales,0.785947144,0.508646905,0.305198491,-0.0755515695,0.495011687,-0.142524496,-0.604673028,0.647357643,0.257787019,1.00000024,0.999999881,0.30297491
deux_valeurs_quasi_egales,-0.0930174217,-0.131825,-0.849785447,0.570845246,0.624077141,0.144073784,0.631892741,0.0445923656,-0.448456496,1,0.999999702,0.29436332
deux_valeurs_quasi_egales,0.503679395,0.149159625,0.418138623,-0.0577482469,0.980038822,0.0467708707,-0.861805677,0.019056987,0.257619768,0.99999994,0.999999642,0.475626707
deux_valeurs_quasi_egales,-0.945536494,-0.212782025,-0.244030759,-0.265670508,0.927038908,0.196630597,0.0276553705,0.227678329,-0.173580185,0.999999881,0.999999702,0.224154472
deux_valeurs_quasi_egales,0.219976008,0.435829699,-0.717831075,-0.127052277,0.0734491944,-0.558759093,-0.353339791,0.863548279,0.34464556,1.00000036,1,0.276968807
deux_valeurs_quasi_egales,-0.404341668,-0.386610508,0.391240627,0.17082037,0.218849286,-0.743500352,0.3530249,-0.884347618,-0.27968207,0.999999762,0.999999344,0.284284323
deux_valeurs_quasi_egales,0.786380768,0.453644156,-0.378057599,0.210380509,0.0148678124,0.753899515,0.49936235,-0.205655366,0.45111841,1,0.999999881,0.274090648
deux_valeurs_quasi_egales,0.683910131,0.0647633672,0.112725548,-0.215352923,0.0946520567,-0.910672247,-0.499588817,0.716938615,0.326888084,1,0.999999642,0.489633173
deux_valeurs_quasi_egales,0.874308825,0.105346911,-0.29017663,-0.0646066964,0.798105836,-0.435641736,-0.357001483,0.456133842,0.128879264,0.99999994,0.999999464,0.206799611
deux_valeurs_quasi_egales,0.395651966,0.335102528,0.318908513,-0.292196572,0.275978267,0.859322429,-0.0261532068,-0.89668107,0.368722618,0.99999994,0.999999583,0.459557205
deux_valeurs_quasi_egales,0.212631583,0.378989041,0.0356100202,-0.622267127,0.753914416,0.11719583,0.491704673,0.224276662,0.805678427,1.00000036,1,0.317240238
deux_valeurs_quasi_egales,0.718566656,0.681673586,0.0157499537,0.00281218439,0.151718527,0.533942461,0.66560024,-0.638764143,-0.262606531,1.00000012,0.999999583,0.45759359
deux_valeurs_quasi_egales,-0.248234153,-0.395971715,-0.558144927,-0.445894659,0.552358747,0.460783273,-0.504622281,0.476428688,-0.600844562,1.00000012,0.99999994,0.298034787
deux_valeurs_quasi_egales,-0.111030206,0.944486678,0.302079678,-0.56370163,0.168513373,-0.620721757,-0.638104737,-0.101970576,-0.0816749632,1.00000024,1,0.389014989
deux_valeurs_quasi_egales,0.918967664,0.197064355,-0.0834654048,-0.09872666,0.950494528,-0.0111920536,0.381699771,-0.22704646,0.217280671,1.00000012,0.999999762,0.219249859
deux_valeurs_quasi_egales,-0.253978461,0.190069079,-0.948310256,-0.756999493,0.521704137,0.309532523,0.331874132,0.082957387,-0.0636605993,0.999999821,0.999999583,0.249065459
deux_valeurs_quasi_egales,0.867531121,0.084548004,0.327950388,-0.0296791214,0.966981471,-0.244306087,-0.425816,-0.0375315174,0.144940525,1.00000048,1,0.258194059
deux_valeurs_quasi_egales,-0.819120944,0.471274853,-0.0342389643,-0.20036602,0.256806076,0.454763204,0.520219147,0.731878281,0.335405469,1.00000012,1,0.354833841
deux_valeurs_quasi_egales,0.985725343,-0.120591171,-0.117197134,0.0809852779,0.951249659,-0.297598988,0.0416724756,0.0954781473,0.31856516,1,0.99999994,0.335064143
deux_valeurs_quasi_egales,0.896647632,-0.0182862058,-0.0227466077,-0.339269251,-0.642447352,-0.221042603,0.260245264,-0.53066057,-0.561552465,0.99999994,0.999999762,0.214943543
deux_valeurs_quasi_egales,-0.819795728,0.491924286,0.0586656928,0.129768565,0.528937221,0.536075175,-0.103936583,0.226082653,-0.819339335,0.99999994,0.999999464,0.48448059
deux_valeurs_quasi_egales,0.316690564,-0.548606515,-0.450807154,-0.773988843,0.191763878,0.06052351,0.318264335,0.799543619,-0.467565984,0.99999994,0.999999881,0.450737983
deux_valeurs_quasi_egales,0.885944784,-0.129890084,-0.158811092,0.396500736,0.702199221,0.294509143,0.230091169,-0.699142992,0.369040012,1,0.999999881,0.49189043
deux_valeurs_quasi_egales,0.213835299,0.844101429,-0.0566254035,0.360089064,-0.53465271,-0.15784806,-0.876390159,-0.00276080333,-0.330674559,0.999999762,0.999999404,0.281580329
deux_valeurs_quasi_egales,0.834314883,0.542084515,0.00400911644,-0.538220227,0.837883949,-0.0770025775,-0.11931739,0.0103822611,0.36744377,1.00000048,0.99999994,0.370096356
deux_valeurs_quasi_egales,0.320271492,-0.139663249,-0.85433054,0.873604953,0.413337827,0.256743193,0.204454929,-0.271775931,-0.282833695,1.00000036,1,0.218103677
deux_valeurs_quasi_egales,-0.250098228,-0.856345713,0.289786547,-0.509540379,-0.273529083,-0.392795086,0.665058315,-0.296016127,0.381013721,1.00000012,1,0.209021598
deux_valeurs_quasi_egales,0.773466408,-0.285236835,0.480205774,-0.217730254,-0.845511734,-0.35803169,0.348258257,-0.326775372,-0.225084305,0.999999821,0.999999702,0.281817317
deux_valeurs_quasi_egales,0.273769915,0.74048835,0.374081612,0.0800376087,0.577863276,-0.724239469,-0.372339964,0.307519048,0.550063729,1,0.99999994,0.404771537
deux_valeurs_quasi_egales,-0.299933672,-0.875758708,0.0506897196,-0.074577406,0.174155772,-0.865231872,0.537918091,0.15315327,0.379785895,1.00000012,1,0.317883432
deux_valeurs_quasi_egales,0.241509169,0.436137408,0.866848648,0.735882759,0.439438403,-0.424233586,-0.0420464277,0.440877914,-0.215711266,1.00000036,0.99999994,0.39654091
deux_valeurs_quasi_egales,-0.441638023,-0.382246435,-0.0922587812,-0.508958697,-0.550485849,0.446318269,-0.730081797,0.665953159,-0.118095547,1.00000036,1,0.318434805
deux_valeurs_quasi_egales,-0.0616086274,0.228734761,-0.612916291,-0.794281483,-0.587989211,-0.152559802,-0.373724341,0.305417418,0.735786378,1.00000012,0.999999881,0.453873813
deux_valeurs_quasi_egales,0.185661644,0.697392225,-0.151908547,-0.30831632,0.654960573,0.495409697,0.93267262,0.0849509165,0.172141537,1.00000036,1,0.469139993
deux_valeurs_quasi_egales,0.785242796,0.165343523,-0.329854697,0.0770859569,-0.206218377,-0.787543595,-0.613451004,0.133416802,-0.518975437,1,0.999999762,0.291376352
deux_valeurs_quasi_egales,-0.413858324,-0.690047622,0.54458034,-0.606908023,0.265566587,0.190101832,0.245813474,-0.670252144,-0.418566525,1.00000024,0.99999994,0.322294205
deux_valeurs_quasi_egales,0.482720673,-0.573026419,-0.534502625,0.643515885,0.722738445,-0.0093652159,0.539297998,-0.195622802,0.102190331,1,0.999999821,0.350965351
deux_valeurs_quasi_egales,0.0623131767,0.563814461,-0.0920345783,0.194745049,-0.585375845,0.638417661,0.950579584,0.215967223,0.0624384731,0.99999994,0.999999464,0.269352376
deux_valeurs_quasi_egales,0.69511497,0.690033853,0.200435966,-0.646720231,0.592128158,0.153838575,0.287205428,-0.394854248,0.271361709,1,0.99999994,0.322597921
deux_valeurs_quasi_egales,0.386801422,-0.255820274,0.737229466,-0.696187377,0.527539432,0.285483181,-0.232797623,-0.526413202,-0.494564921,1,0.999999821,0.423015743
deux_valeurs_quasi_egales,0.446606666,0.361222953,-0.239966229,-0.385704726,0.862814009,-0.216710344,0.801712215,0.244199663,0.140350997,1.00000024,1,0.223106742
deux_valeurs_quasi_egales,-0.298745722,-0.545898855,0.771990895,0.663105607,0.467983454,0.583761513,-0.333902925,0.261433452,0.203701466,1.00000048,1,0.451720625
deux_valeurs_quasi_egales,-0.959270716,-0.15298596,-0.0392798856,-0.239658475,0.164952755,-0.267201513,0.146545365,-0.834081829,-0.530755579,0.99999994,0.999999881,0.316322446
deux_valeurs_quasi_egales,0.465810359,-0.812144041,0.269504637,-0.176826149,0.133225381,0.935994565,-0.289910346,-0.464480042,-0.224365085,1,1,0.473731667
deux_valeurs_quasi_egales,-0.392270833,0.424446255,-0.815882683,0.614492893,0.0683562905,-0.243893385,-0.612842321,-0.556736588,0.0170152411,1.00000024,1,0.356754661
deux_valeurs_quasi_egales,0.245043844,-0.950691342,-0.129817605,-0.401275873,-0.252301335,0.851868331,-0.212835565,-0.1342756,-0.373545229,1.00000036,1,0.365971237
deux_valeurs_quasi_egales,0.168715507,0.49442029,-0.714365184,0.174764305,-0.861698627,-0.445964903,-0.345529616,-0.109428614,0.39333874,1.00000012,1,0.203140557
deux_valeurs_quasi_egales,0.635989428,0.664811969,0.168050736,-0.607383013,0.403101951,-0.425516307,-0.333254248,0.622859955,0.216567412,1.00000036,0.99999994,0.364803523
deux_valeurs_quasi_egales,0.653902531,0.696958065,-0.172240466,0.110717252,-0.258759797,-0.933671296,-0.444080621,0.0578379333,-0.270804524,1.00000024,1.00000012,0.409695238
deux_valeurs_quasi_egales,0.481122583,0.416777313,-0.646716237,-0.596376777,0.35716325,0.229211092,0.540258706,-0.436029822,0.473251998,1,0.999999702,0.255268812
deux_valeurs_quasi_egales,0.878036559,0.24870947,-0.221399516,0.272952914,0.439819217,0.413549244,0.372173131,-0.83436811,-0.080217883,0.99999994,0.999999642,0.402378261
deux_valeurs_quasi_egales,0.402947575,0.538277507,-0.470628411,0.654824078,0.16372554,0.737786889,0.461061895,0.0869778395,-0.437192708,1,0.999999523,0.291225404
deux_valeurs_quasi_egales,0.0893848985,0.51011616,-0.807720661,-0.589361787,0.270911515,-0.154105112,0.735716522,0.452097893,0.206444085,0.99999994,0.999999881,0.391663492
deux_valeurs_quasi_egales,0.850259602,0.010696413,-0.506960511,0.0657703802,0.854586422,-0.0150681287,0.337358773,-0.465439886,0.349990338,1.00000036,1,0.409723192
deux_valeurs_quasi_egales,0.0315436162,0.199561134,-0.940572023,0.545437217,0.0567772537,-0.204935089,-0.618852139,-0.625621915,-0.267415553,0.99999994,0.999999881,0.337803602
deux_valeurs_quasi_egales,-0.334735811,0.181149229,0.879021406,0.363149852,0.924604654,-0.0150017962,-0.441525996,0.0656268373,0.10850811,1,1,0.339947253
deux_valeurs_quasi_egales,0.746456325,0.00141137943,-0.665347338,0.277660072,-0.267769545,0.324837744,0.0527227744,-0.9416219,0.0518670827,1.00000036,0.999999881,0.382520944
deux_valeurs_quasi_egales,0.101611055,0.818910778,0.269231021,-0.835070252,0.378302783,-0.216982991,-0.532894313,-0.429646581,0.235551342,1.00000012,1.00000012,0.406224608
deux_valeurs_quasi_egales,-0.600714147,-0.609588742,-0.31395337,-0.534969568,-0.13144888,0.227446213,-0.504509807,0.764926672,-0.387461275,1.00000048,1,0.419515908
deux_valeurs_quasi_egales,-0.547142744,-0.0718800575,0.307893127,0.782806695,0.295793712,0.11033608,-0.271853209,0.731258273,-0.614002824,1.00000048,1,0.312130809
deux_valeurs_quasi_egales,-0.0821057111,-0.976164877,-0.195283145,0.362464964,-0.0432767607,-0.157682568,0.643362939,-0.193039045,0.727823317,1.00000012,0.999999702,0.369863689
deux_valeurs_quasi_egales,-0.958101273,0.172225446,-0.000227734447,-0.218055353,-0.703237176,0.557808876,-0.0795812234,0.593744218,0.181901485,0.99999994,0.999999523,0.439107686
deux_valeurs_quasi_egales,-0.130959928,0.324417591,0.0859001428,-0.233266324,-0.919987559,0.157665759,0.819667935,-0.0844874606,0.558891594,1.00000048,1,0.21628058
deux_valeurs_quasi_egales,0.949109435,0.300166547,-0.0194991082,-0.213662744,0.789850354,0.512521505,-0.0609869063,-0.0459722579,0.487369001,1.00000012,0.99999994,0.408464909
deux_valeurs_quasi_egales,0.0754442066,0.478326052,-0.874118388,-0.265769362,-0.153117895,-0.0656601787,-0.305925488,0.841675699,0.437644809,0.99999994,0.999999583,0.300836444
deux_valeurs_quasi_egales,0.142779589,0.251073897,0.955970287,-0.413756043,0.0333459973,0.00362268835,0.500636578,-0.816955328,0.125824124,0.99999994,0.999999702,0.321726203
deux_valeurs_quasi_egales,0.588875592,0.183208808,-0.78712523,-0.196403876,0.976609349,0.0799372792,0.347456098,0.0162442438,0.252611548,1.00000036,0.99999994,0.428296268
deux_valeurs_quasi_egales,0.623728991,0.394584596,-0.197687507,-0.127603188,0.194772482,-0.931015551,-0.76649338,0.378603935,0.0278730392,1.00000012,1,0.486265093
deux_valeurs_quasi_egales,-0.369825482,-0.460361511,-0.19752565,0.287914336,-0.842795968,0.368258119,-0.119256809,0.253037721,0.90485245,0.99999994,0.999999642,0.462106794
deux_valeurs_quasi_egales,0.689022005,-0.540709317,-0.253700733,-0.248857602,-0.801556766,0.259113491,-0.678938448,-0.255199999,-0.289035827,1.00000012,0.99999994,0.461162746
deux_valeurs_quasi_egales,0.390599549,-0.718097687,0.360280842,0.495355189,0.275491029,-0.638046622,-0.17799446,0.552657485,0.572944164,1.00000048,1,0.437934339
deux_valeurs_quasi_egales,0.992230415,0.018401498,0.0834702849,-0.00369337993,0.987385452,-0.157585904,-0.119303666,0.0832195282,0.440203577,1.00000012,1,0.454468727
deux_valeurs_quasi_egales,-0.317457825,-0.895713925,0.311313212,-0.838264585,0.111604452,-0.533709824,0.1878445,-0.179262906,-0.327229917,1,0.999999344,0.417719334
deux_valeurs_quasi_egales,-0.115276918,0.775044262,0.311282516,0.217103019,0.00251821522,0.862789869,0.109242514,0.631567121,-0.381729245,1.00000012,0.999999821,0.242804214
deux_valeurs_quasi_egales,0.530238688,-0.228923485,0.783726335,-0.461308748,0.597439826,0.319604307,-0.26143527,-0.696531892,-0.211392373,0.99999994,0.999999762,0.466760427
deux_valeurs_quasi_egales,-0.416300416,0.895161808,0.0850297809,-0.708215117,-0.278506428,-0.645037293,-0.132694721,-0.229849055,0.341683656,1,0.999999642,0.405271739
deux_valeurs_quasi_egales,-0.621848881,0.65246892,0.433077902,0.757373154,0.360936761,0.543924868,0.0952627286,0.273680627,-0.287409246,1,0.999999762,0.407789916
deux_valeurs_quasi_egales,0.976657033,0.0604729429,0.205653474,-0.202367991,0.178527564,0.882716179,0.0720296949,-0.316746175,-0.308980584,1.00000024,0.99999994,0.22979781
deux_valeurs_quasi_egales,0.0775342956,0.430095255,-0.206339702,-0.322074473,0.856039524,0.217635125,0.943531334,0.257166892,0.0889926255,1.00000048,0.99999994,0.285963774
deux_valeurs_quasi_egales,-0.846747339,-0.374382675,0.155615434,0.0566569418,-0.075957492,0.927267015,0.187928617,0.453989029,0.339080751,0.999999881,0.999999821,0.326439559
deux_valeurs_quasi_egales,-0.306786984,0.0831633359,0.414575517,-0.873907566,0.157474294,-0.445766121,-0.376835525,-0.462270021,0.682578862,1,0.999999881,0.285901845
deux_valeurs_quasi_egales,0.576064944,-0.447633177,0.671395838,0.759527147,0.550654292,-0.313219428,-0.265437812,0.245201588,0.215026841,1.00000012,1,0.371515602
deux_valeurs_quasi_egales,-0.102783978,0.461472511,-0.313459873,-0.445087105,0.144445047,0.862681746,0.583150923,0.73649323,0.233392864,0.99999994,0.999999821,0.471089303
deux_valeurs_quasi_egales,-0.0961227044,0.61666137,0.252975911,-0.891081274,0.288281202,-0.0184017867,-0.431835383,-0.732544005,0.203402817,1.0000006,1,0.308952987
deux_valeurs_quasi_egales,0.241783231,-0.320853382,-0.782301962,-0.555065691,0.211159348,-0.590605021,0.741841376,-0.0943623185,-0.128373504,0.999999881,0.999999523,0.224981263
deux_valeurs_quasi_egales,-0.816010714,0.403979719,0.241006494,-0.163776532,0.414572597,-0.847417116,-0.449728966,-0.354878873,0.185071826,1.00000024,0.999999881,0.407936871
deux_valeurs_quasi_egales,0.458714753,0.250471592,0.0917413235,-0.842661619,0.289392889,0.303568661,0.196803749,-0.255569667,0.93723762,0.999999821,0.999999702,0.387318105
deux_valeurs_quasi_egales,-0.34467867,-0.518243194,-0.444707513,-0.917075157,0.0736047626,0.0654354542,-0.138733566,0.850724161,-0.228157178,1,0.999999583,0.480526268
deux_valeurs_quasi_egales,0.802898526,-0.342295855,0.464871228,-0.0845836923,0.473365545,0.223630443,-0.532352328,-0.745225906,0.27814135,1.00000012,1,0.418665141
deux_valeurs_quasi_egales,-0.0605139583,-0.601863742,0.151835427,0.410408646,0.675246358,-0.178399459,-0.166676387,0.309981048,0.934976876,1.0000006,1,0.207905918
deux_valeurs_quasi_egales,0.950739503,-0.309411168,-0.0158323534,0.302313387,0.915561795,0.265176713,-0.0411717668,-0.118917525,0.437527716,1.00000048,1,0.455107659
deux_valeurs_quasi_egales,-0.241250381,-0.865982771,0.428732634,0.0534215048,-0.462446421,-0.862101138,0.256255865,-0.0586574376,-0.173050836,1,0.999999523,0.225662529
deux_valeurs_quasi_egales,0.932574809,0.269349456,0.0954381675,-0.0888832361,0.684160709,-0.707415819,-0.300565332,0.260664672,0.091679208,1,0.99999994,0.307338804
deux_valeurs_quasi_egales,0.769393086,-0.306941122,0.209817514,-0.289606661,0.503984034,0.675268292,-0.548422396,-0.525915086,-0.247020781,1.00000036,1,0.403030217
deux_valeurs_quasi_egales,-0.497546494,0.664863646,0.238302454,0.556491911,0.182454228,0.807271957,0.585910201,0.0013898015,-0.33751905,1.00000048,1,0.445259392
deux_valeurs_quasi_egales,-0.733769059,0.450196892,0.0472038239,0.117166907,-0.280823588,-0.813832223,0.105043039,-0.55776453,0.569361448,0.99999994,0.999999881,0.380188525
deux_valeurs_quasi_egales,-0.381601632,0.583384752,-0.22268945,0.84567529,-0.0643718094,0.00355173647,-0.125257969,-0.553244829,-0.811875105,1.00000012,0.999999881,0.48557353
deux_valeurs_quasi_egales,-0.296255946,-0.0255106911,0.91009146,0.0261898041,0.26665777,0.305765629,-0.848857999,0.454490542,-0.269347429,1.00000012,0.99999994,0.285725713
deux_valeurs_quasi_egales,0.991817713,-0.0645809397,0.109211281,0.109685637,0.869541347,-0.481513917,-0.0165812448,0.21730344,0.394620508,1,0.999999583,0.450567216
deux_valeurs_quasi_egales,-0.70601356,0.249841198,-0.661190331,0.362228334,-0.147163123,-0.386580497,0.236316502,-0.663871169,-0.534378767,1.00000024,0.99999994,0.287210375
deux_valeurs_quasi_egales,0.331476688,0.766144335,-0.446627736,-0.804643869,0.329933554,0.267758489,0.364394605,-0.353492379,0.256904125,0.99999994,0.999999464,0.219257534
deux_valeurs_quasi_egales,0.276529044,-0.760994971,-0.499605387,0.552131712,0.624986291,-0.490444541,0.428944349,-0.119581461,-0.126723543,1.00000024,1,0.235651165
deux_valeurs_quasi_egales,0.392321348,-0.503794551,0.311432421,-0.914943576,-0.295913309,0.0822370872,0.0922985077,-0.808359504,-0.304027289,1.00000012,0.999999583,0.436533839
deux_valeurs_quasi_egales,-0.630899608,-0.342196912,-0.521529794,0.38157481,0.352984488,0.0606523603,0.675153136,-0.542590439,-0.497985899,1.00000024,1,0.243368089
deux_valeurs_quasi_egales,-0.904333413,0.160980761,-0.366546899,-0.225671113,-0.260385126,0.0642098933,-0.236949071,0.540226638,0.806586266,1,1,0.315455526
deux_valeurs_quasi_egales,-0.805374086,0.210438788,0.529199362,0.120571062,0.455054283,0.26409626,-0.0722899064,0.811243236,-0.515408874,1,0.99999994,0.439670622
deux_valeurs_quasi_egales,0.99960506,0.00680279545,9.74936411e-05,-0.00499434397,0.996617436,0.0490737781,0.0251220372,-0.0801968351,0.422397256,1,0.99999994,0.424756557
deux_valeurs_quasi_egales,0.35557887,-0.934357464,0.0101129878,0.53753686,0.201882571,0.683736503,-0.486118972,-0.205062538,-0.11191009,1,0.99999994,0.29605177
deux_valeurs_quasi_egales,-0.72177124,-0.248357981,0.530943215,-0.481610537,0.850072384,-0.157602549,-0.412496358,-0.404606521,-0.201802582,1.00000012,0.99999994,0.467472047
deux_valeurs_quasi_egales,-0.323009133,0.876326561,-0.348877877,0.21681802,0.0772849992,0.204639763,0.0493535511,-0.361480683,-0.906364262,1.00000012,0.99999994,0.208469331
deux_valeurs_quasi_egales,-0.933576465,-0.138056532,-0.3243967,-0.146322563,0.511544704,0.0355656445,0.298760206,-0.489770293,-0.726428688,1,0.999999762,0.370192885
deux_valeurs_quasi_egales,-0.751508594,-0.558717847,-0.339196652,-0.0120022893,0.43807441,-0.497391433,0.23483938,0.0729034096,-0.78899157,1,0.999999881,0.338243783
deux_valeurs_quasi_egales,0.810390234,-0.227182478,0.381408304,0.227494225,0.205990374,0.469329238,-0.248800695,-0.93119055,0.175192356,0.99999994,0.999999881,0.357746303
deux_valeurs_quasi_egales,-0.316074491,-0.560481012,0.484027684,-0.421553195,0.269998163,-0.655454218,0.841523409,0.0355958268,-0.0648858771,0.999999881,0.999999523,0.205405086
deux_valeurs_quasi_egales,0.71266222,0.585419476,0.0158388913,0.688289642,-0.488475412,-0.108627826,-0.134958923,0.572143495,-0.547223806,1.00000012,0.99999994,0.469063818
deux_valeurs_quasi_egales,0.822975397,-0.496410251,0.191949308,0.34846428,0.812982976,0.1521945,-0.437590599,-0.299029589,0.271660477,1.00000012,1,0.347550482
deux_valeurs_quasi_egales,-6.5267086e-06,0.59329319,-0.261561275,-0.472487092,-0.597435236,-0.5926162,-0.766495526,0.492843598,-0.0654670745,1.00000012,0.999999642,0.431826949
deux_valeurs_quasi_egales,-0.677240014,-0.424876034,0.560567856,-0.681907356,0.552317619,-0.458849192,0.203872025,-0.195344433,-0.257573545,1,0.999999821,0.282971203
deux_valeurs_quasi_egales,0.838696659,-0.5104357,0.0955849811,-0.0600474849,-0.432994634,-0.426522642,0.541190982,0.742561579,-0.211175352,1,0.999999583,0.48475343
deux_valeurs_quasi_egales,0.694762051,-0.129126668,-0.636911571,0.201957703,-0.484220535,0.607198,0.192625389,-0.713197529,0.0288977325,1.00000024,0.999999821,0.309128344
deux_valeurs_quasi_egales,0.247560143,-0.546296537,0.791718781,0.767947733,0.609119833,0.163875073,-0.0689123645,0.181778967,0.284517407,1.00000036,0.99999994,0.304815412
deux_valeurs_quasi_egales,-0.687739849,0.0677013993,0.678420842,-0.322681248,-0.765142739,-0.395133972,-0.116037026,-0.497329682,0.23587501,0.999999762,0.999999523,0.316166908
deux_valeurs_quasi_egales,-0.997666359,0.0513088629,0.0444200337,-0.0390750952,-0.167773366,-0.545380592,-0.00468947086,-0.642473459,0.69225204,1,0.999999881,0.468044668
deux_valeurs_quasi_egales,-0.0352533981,0.16539669,0.837342739,-0.525895953,-0.284416974,-0.397961557,0.735630989,-0.611575246,-0.0281964727,1.00000012,1,0.401928514
deux_valeurs_quasi_egales,0.665822625,0.540891588,0.512045681,-0.0650042892,0.560249984,-0.559346318,-0.337226748,-0.204767793,0.594778121,1,0.999999702,0.372103959
deux_valeurs_quasi_egales,0.886392415,0.389106929,-0.250353307,-0.39413467,0.915553033,0.0319480821,0.0873148739,0.0961571783,0.404048562,0.99999994,0.999999583,0.417730659
deux_valeurs_quasi_egales,-0.71511364,-0.277003348,0.158352166,0.279071987,0.670399785,-0.176635504,-0.449797899,0.182764322,-0.845996559,1.00000024,1,0.350915164
deux_valeurs_quasi_egales,-0.176881984,-0.863692462,0.434242368,0.267697901,-0.0843586177,-0.425117344,0.843158543,-0.339885622,-0.170788944,0.99999994,0.999999821,0.284481019
deux_valeurs_quasi_egales,-0.305695653,-0.662476778,0.286600411,-0.912165642,0.375895292,-0.161129549,-0.25095275,-0.627836347,-0.161525086,1.00000048,1,0.311474621
deux_valeurs_quasi_egales,-0.638830245,0.444408298,0.26029852,0.729545057,0.10456346,0.183919445,0.199723452,0.846310019,-0.432869285,1,0.999999583,0.440296292
deux_valeurs_quasi_egales,0.400020123,-0.850443721,0.285915792,0.819094956,0.480050564,0.310916394,-0.0833038613,-0.142570481,0.305849105,1.00000036,0.999999881,0.289588541
deux_valeurs_quasi_egales,0.815775692,0.348536432,-0.116279684,-0.0943178013,0.867513359,0.124651827,0.570555568,-0.354818195,0.171610638,1.00000048,0.99999994,0.24162136
deux_valeurs_quasi_egales,-0.557053804,-0.601468086,-0.0980476961,-0.154955104,-0.601969898,0.111347452,-0.014176745,-0.00705845654,0.988518655,1,0.999999702,0.240590259
deux_valeurs_quasi_egales,-0.474782705,-0.152733952,0.375274688,-0.317928374,-0.728799939,0.342743397,0.49209094,0.221940622,0.839575768,1.00000048,1.00000012,0.368205637
deux_valeurs_quasi_egales,0.645902216,-0.461698145,0.573896408,0.096528843,-0.371235073,-0.0856991261,0.616627932,-0.0321635604,-0.772223234,0.999999821,0.999999702,0.302958161
deux_valeurs_quasi_egales,-0.39961952,-0.167449802,0.901231229,-0.789325416,-0.350664914,-0.417298794,0.00869463384,-0.566178381,-0.0951231569,1,0.999999821,0.49977383
deux_valeurs_quasi_egales,0.56207633,0.0561368465,-0.780176044,-0.324733377,0.438447475,0.0848290473,0.687912464,0.509505808,0.51423949,1,0.999999762,0.479480982
deux_valeurs_quasi_egales,-0.425322443,-0.546710074,0.721244216,-0.458353519,0.817287862,0.349197298,-0.325527161,-0.0743750185,-0.243340343,1.00000024,1,0.413139254
deux_valeurs_quasi_egales,0.663111329,-0.302314401,-0.527794242,-0.179851115,0.606747866,-0.745720208,0.580902398,-0.0192112029,0.0707686916,0.99999994,0.999999821,0.330288798
deux_valeurs_quasi_egales,-0.832487226,0.551548183,-0.0437433049,-0.553181648,-0.827649653,0.0329795182,0.0159869753,0.10311766,0.386489451,1.00000024,1,0.389252841
deux_valeurs_quasi_egales,0.949344814,0.182352066,0.254373044,-0.172116637,0.982839048,-0.0588248521,-0.0541048199,-0.0198423807,0.320397317,1,0.99999994,0.322871238
deux_valeurs_quasi_egales,-0.697865546,-0.222320288,0.391100705,0.171811789,-0.201852232,-0.720802903,0.682347596,0.0102853104,0.568265557,1,0.999999821,0.260485977
deux_valeurs_quasi_egales,0.781584918,0.385856658,-0.477019876,-0.121528566,-0.359811187,-0.282105774,-0.554150343,0.780306935,-0.237532616,0.99999994,0.999999702,0.428379804
deux_valeurs_quasi_egales,-0.949343979,-0.117381237,-0.0667404383,-0.167393252,-0.497373551,-0.22936064,0.235027507,-0.857765079,0.0795134008,1,0.999999762,0.211696789
deux_valeurs_quasi_egales,0.618779182,0.0626706555,0.782404304,0.594757557,0.0861433223,-0.450205624,-0.512304068,0.232950702,0.41578877,1.00000012,1,0.228944615
deux_valeurs_quasi_egales,-0.721599102,-0.28871116,-0.445204288,-0.23413071,-0.371661365,-0.243260637,-0.427224934,-0.274245083,0.861504734,1.00000012,0.999999702,0.233052909
deux_valeurs_quasi_egales,-0.43745181,0.20902054,-0.204049528,-0.533245981,-0.843448222,0.0145904748,-0.724074006,0.494876146,0.114189036,1,0.999999642,0.234273672
deux_valeurs_quasi_egales,-0.418852895,-0.866399825,0.271563649,0.896721303,-0.351372957,0.258495182,-0.0944656655,0.131581217,0.22844848,1,0.99999994,0.269538939
deux_valeurs_quasi_egales,0.325155467,0.48617816,-0.50302124,-0.729736209,-0.404447734,-0.436207592,-0.408406913,0.643477798,-0.339427352,0.99999994,0.999999464,0.421387553
deux_valeurs_quasi_egales,-0.576652825,-0.712215424,-0.093124494,-0.0677063763,-0.353085697,-0.401545018,0.80892396,-0.563060105,0.00402447581,1,0.99999994,0.332196116
deux_valeurs_quasi_egales,0.841106892,-0.386117637,-0.189298674,0.47049427,0.86524421,0.0301644821,0.254011273,-0.319462538,0.26775828,1,0.999999821,0.318710953
deux_valeurs_quasi_egales,0.77402097,-0.380304039,0.363696784,0.557694614,0.661774516,-0.00991640985,-0.138085008,-0.414299726,0.549929261,1,0.999999642,0.343826592
deux_valeurs_quasi_egales,-0.517771304,-0.128452241,0.659158826,-0.552375317,-0.544710815,-0.622599781,-0.0834806114,-0.531859875,0.418792605,1.00000024,0.99999994,0.416853756
deux_valeurs_quasi_egales,0.310088575,-0.582748771,0.26044631,0.764444709,0.123533443,0.480370045,-0.504447579,-0.4919267,0.585292459,1.00000036,0.99999994,0.415933371
deux_valeurs_quasi_egales,0.364893764,0.138974801,0.919728398,0.268040299,-0.0829291642,-0.0516329445,0.303218961,0.91665262,-0.259666145,1,0.999999702,0.281729192
deux_valeurs_quasi_egales,0.877747178,-0.254477978,0.0804849863,0.299298048,0.941463888,-0.152723536,-0.342444152,0.205960706,0.456853598,1,0.999999702,0.457535356
deux_valeurs_quasi_egales,0.194097564,-0.0620179027,0.707068801,-0.706636667,-0.687004924,-0.026494056,0.456623137,-0.615346074,0.34175843,1.00000012,1,0.466297597
deux_valeurs_quasi_egales,0.876990914,-0.404285461,-0.134171084,-0.252782196,0.0548036695,-0.679304659,0.202072948,0.32053256,-0.681878448,1.00000036,1,0.295720905
deux_valeurs_quasi_egales,0.508589447,0.103646129,0.247501239,-0.202267513,0.384390682,-0.837904394,-0.325888425,0.832831502,0.445824742,0.999999821,0.999999523,0.469028026
deux_valeurs_quasi_egales,-0.0826714337,-0.09638758,-0.989631236,-0.355035782,0.888596773,-0.0759008825,0.522285819,-0.0659539849,-0.0945130885,1,0.99999994,0.450528353
deux_valeurs_quasi_egales,-0.509099841,0.249559477,-0.807491243,-0.522748351,-0.848212481,0.075442329,-0.331997842,0.167912781,0.0747072399,1.00000024,0.99999994,0.340476751
deux_valeurs_quasi_egales,0.037406113,-0.655850947,-0.703116655,0.873295724,-0.327516347,0.3600685,-0.149778172,-0.41790536,0.0352309048,1.00000024,1,0.35184294
deux_valeurs_quasi_egales,-0.655242264,-0.742381275,0.126050293,0.751971304,-0.644679725,0.0508906096,-0.038413167,0.165349513,0.329723746,1,0.999999821,0.342866749
deux_valeurs_quasi_egales,0.753829062,0.219858065,0.608676434,0.308669567,-0.565213799,-0.0354299694,0.501382589,-0.386745363,-0.577475488,1,0.999999642,0.370832562
deux_valeurs_quasi_egales,0.60538435,0.618335128,-0.165625572,-0.0104149785,-0.278433263,-0.959509075,0.0147056878,0.552814484,-0.195466608,0.99999994,0.999999642,0.344353944
deux_valeurs_quasi_egales,0.260885864,-0.89236027,0.285252124,0.156042531,0.191945314,-0.295736909,0.161038682,0.379562378,0.893073738,1.00000036,0.99999994,0.248939291
deux_valeurs_quasi_egales,-0.0646951348,-0.259296775,-0.442220926,0.790205896,-0.602264166,0.0223446321,-0.175675303,-0.264352471,0.877367675,1.00000036,0.999999881,0.353756726
deux_valeurs_quasi_egales,0.437957764,0.891983986,0.108598292,0.276861548,-0.210005194,0.39144823,0.453754902,-0.125264764,-0.855726719,1.00000012,1,0.476523727
deux_valeurs_quasi_egales,0.0886277854,-0.752407253,0.63034904,0.562003732,0.0472045988,-0.235359952,-0.198479906,0.624034345,0.689796031,1,0.999999583,0.499414414
deux_valeurs_quasi_egales,-0.284146756,0.21949403,0.354275584,0.535340071,0.356257021,0.73477453,-0.530843973,0.773309708,-0.0867912099,1.00000012,1.00000012,0.308488667
deux_valeurs_quasi_egales,0.735441685,-0.207994744,0.292197436,0.258358419,0.953148663,0.145595342,-0.602223396,0.187598452,0.152329057,1,0.999999702,0.295001894
deux_valeurs_quasi_egales,0.819888592,0.248270005,-0.25423336,-0.292378217,0.852029622,0.347921103,0.447267473,0.272633523,0.302812159,1,1,0.311529815
deux_valeurs_quasi_egales,-0.42122227,0.694573522,0.57515192,-0.162748069,-0.650696158,0.705215037,0.410320342,-0.103119224,0.280251563,1.00000048,1,0.442060381
deux_valeurs_quasi_egales,-0.52365154,-0.343665302,-0.7352072,-0.367601246,0.56259191,0.245139882,0.753034651,-0.115900114,-0.275572836,1.00000012,1,0.317827821
deux_valeurs_quasi_egales,0.607426345,0.737160861,0.118215114,0.423783004,-0.0239881724,0.0478102565,0.455361962,-0.310229272,-0.815183043,1.00000024,0.99999994,0.277345926
deux_valeurs_quasi_egales,-0.0400387198,-0.303298235,0.93130821,-0.692632854,-0.320564002,0.002964288,0.719078958,-0.370861053,0.0346559808,1,0.99999994,0.446376204
deux_valeurs_quasi_egales,0.942335963,0.186642051,0.264731079,0.186080515,0.31724748,-0.922722578,-0.186086625,0.275800884,0.173204362,1,0.999999881,0.346840024
deux_valeurs_quasi_egales,0.41058436,0.224816784,0.576694548,-0.911069453,0.0717523843,0.284829527,0.0318985097,-0.298003405,0.761189461,1,0.999999404,0.370481551
deux_valeurs_quasi_egales,0.500989199,-0.841731846,-0.0434261002,0.123879284,-0.0966599435,0.821330369,-0.384401202,-0.370756179,-0.459492445,1,0.99999994,0.396256298
deux_valeurs_quasi_egales,0.743528783,0.637520254,-0.19792515,-0.0684534833,-0.0697825551,-0.634810507,-0.325869262,0.120948821,-0.713158906,1.00000012,1,0.20098798
deux_valeurs_quasi_egales,0.711121857,-0.197202086,0.306002378,-0.0710043237,-0.350405693,-0.844515741,0.676958203,-0.0670640618,-0.336506516,1.00000036,0.99999994,0.235071987
deux_valeurs_quasi_egales,-0.444755018,-0.300465465,-0.0554188639,0.332186401,-0.246206224,-0.910091937,0.82930392,-0.13293317,0.35125798,1.00000048,1.00000012,0.345235288
deux_valeurs_quasi_egales,-0.23801586,0.554402232,-0.362412333,-0.333002031,0.716460586,0.393761992,0.765449941,0.405994892,-0.417691231,0.99999994,0.999999881,0.447015107
deux_valeurs_quasi_egales,-0.248934656,0.0853318945,-0.255359352,0.80351311,-0.53393352,-0.00281180441,-0.540342927,-0.836642683,0.0765832365,1,0.999999404,0.250982672
deux_valeurs_quasi_egales,0.285385996,-0.333118141,-0.654189944,0.869377851,-0.0520478636,0.484276235,0.0881283581,-0.777718425,-0.137293935,1,0.999999642,0.494864017
deux_valeurs_quasi_egales,-0.233977944,0.734324753,-0.612453938,0.323244452,-0.200690493,-0.100152567,0.155522794,-0.54246062,-0.784041882,1.00000024,1.00000024,0.238838941
trois_valeurs_quasi_egales,-0.382803857,0.888010979,0.563381195,0.537832379,-0.349896222,0.916956365,0.903713465,0.584388733,-0.30707103,1.11915207,1.11915159,1.11915147
trois_valeurs_quasi_egales,0.384163082,1.27108145,-0.0602068305,0.730629444,-0.271817029,-1.07663834,-1.04185045,0.278067231,-0.777225435,1.32923079,1.32923067,1.32923007
trois_valeurs_quasi_egales,0.266788483,0.669050455,0.644086242,0.489313602,0.468307853,-0.689138353,-0.789333761,0.516440868,-0.209506154,0.966256738,0.966256678,0.966256261
trois_valeurs_quasi_egales,0.120815046,0.883484483,-0.348246783,-0.949168086,0.123432785,-0.0161461905,0.0300013572,0.34732759,0.891560316,0.957296669,0.957296431,0.957296371
trois_valeurs_quasi_egales,-0.0674502403,0.695138693,-0.342711866,0.729893744,0.172655672,0.206552669,0.260623276,-0.303629935,-0.667160511,0.777958214,0.777958155,0.777957976
trois_valeurs_quasi_egales,0.386815071,0.128178671,1.40659845,-0.396621525,1.40957069,-0.0193783864,-1.35559559,-0.37583828,0.40703848,1.46443677,1.46443641,1.46443629
trois_valeurs_quasi_egales,-0.548255205,-0.474053204,-0.68683672,0.209315538,0.71741277,-0.662238896,0.807872295,-0.507589638,-0.294532716,0.998526394,0.998526096,0.998526096
trois_valeurs_quasi_egales,0.666657329,0.335759312,-0.27408132,-0.314901829,0.0297118127,-0.729548395,-0.297811389,0.720187366,0.157877773,0.795164764,0.795164645,0.795164585
trois_valeurs_quasi_egales,0.177317396,0.304311752,0.803856611,0.789076507,-0.3830764,-0.0290379785,0.340806872,0.72861433,-0.351003945,0.877628922,0.877628922,0.877628565
trois_valeurs_quasi_egales,1.09010839,0.507784188,-0.590221286,0.091109544,-1.09172153,-0.770964265,-0.773243368,0.587232471,-0.922926903,1.33960545,1.33960533,1.33960474
trois_valeurs_quasi_egales,0.257668197,1.23710632,-0.752989173,-0.648340106,0.782428384,1.06361532,1.29502106,0.14557083,0.682310343,1.47099209,1.47099209,1.47099161
trois_valeurs_quasi_egales,-0.348769724,-0.352787435,0.322379947,0.295904636,-0.472810239,-0.197279274,0.375270814,0.0449412838,0.455170542,0.59163183,0.59163177,0.591631711
trois_valeurs_quasi_egales,-0.326502472,-0.53215158,0.808552861,-0.558784127,-0.59314543,-0.616023839,0.79038173,-0.639171124,-0.101507813,1.02154148,1.02154136,1.02154124
trois_valeurs_quasi_egales,-0.859239221,-0.518150628,0.612428546,-0.793967128,0.677632272,-0.540621817,-0.114739157,-0.808811724,-0.845280945,1.17551768,1.17551732,1.1755172
trois_valeurs_quasi_egales,-0.0204987526,-0.170727938,0.877870023,-0.845041156,0.291151792,0.0368909016,-0.292762756,-0.828436732,-0.167950168,0.894552886,0.894552827,0.89455235
trois_valeurs_quasi_egales,0.589266241,0.015002206,-0.573509037,-0.369347543,0.639019907,-0.362779766,0.438998997,0.517495394,0.464597464,0.822419167,0.82241863,0.822418571
trois_valeurs_quasi_egales,0.66062212,0.548472881,-0.551322281,-0.442715973,0.859971046,0.32504195,0.639359891,0.028762728,0.794727385,1.0203923,1.02039206,1.02039206
trois_valeurs_quasi_egales,0.00629869569,-0.689152598,-0.867116451,0.492048025,-0.775128365,0.61961782,-0.992325485,-0.388724208,0.301735938,1.107638,1.10763788,1.10763752
trois_valeurs_quasi_egales,0.804750144,-0.0459787846,-0.677091181,-0.24545753,0.959463358,-0.356889546,0.632706285,0.430703342,0.722748995,1.05270588,1.05270565,1.05270541
trois_valeurs_quasi_egales,0.749283195,-0.247236431,-0.529442787,-0.478717893,-0.753410578,-0.325672179,-0.335059285,0.523552537,-0.718671679,0.950190067,0.950189888,0.950189769
trois_valeurs_quasi_egales,-0.338808477,-0.166942656,-0.413991719,-0.421352208,0.291204929,0.227403432,0.147381961,0.448754042,-0.301577002,0.560401976,0.560401917,0.560401797
trois_valeurs_quasi_egales,0.867683172,0.573344588,0.422668815,-0.697392941,0.548220336,0.688001454,0.144971848,-0.794341624,0.779905617,1.12260807,1.12260771,1.12260723
trois_valeurs_quasi_egales,0.435443223,0.818893075,-0.335277677,-0.754496694,0.148371831,-0.61751771,-0.462311089,0.529157579,0.69200331,0.986208856,0.986208797,0.986208618
trois_valeurs_quasi_egales,0.749457836,1.09920263,-0.134896159,0.902830958,-0.512103975,0.843075395,0.64135778,-0.563590109,-1.02915323,1.33721006,1.33720994,1.33720958
trois_valeurs_quasi_egales,0.974676907,0.995927513,0.543503165,1.09217119,-1.01765323,-0.0938459039,0.307293564,0.458010137,-1.39034569,1.49574864,1.4957484,1.49574792
trois_valeurs_quasi_egales,-0.580053866,0.16109471,-0.171271637,0.22937046,0.287403345,-0.506494164,-0.0517170057,-0.532161295,-0.325388074,0.625897706,0.625897706,0.625897467
trois_valeurs_quasi_egales,0.980387747,-0.0185778141,0.187914789,0.188681081,0.13593322,-0.970947623,-0.0075173676,0.988936007,0.136990726,0.998407602,0.998407543,0.998407185
trois_valeurs_quasi_egales,-0.649199247,0.604585588,-0.037198171,0.467312306,0.465211749,-0.594613075,-0.385391682,-0.454336375,-0.65834564,0.887900591,0.887900472,0.887900412
trois_valeurs_quasi_egales,0.826870978,-0.769750118,-0.335711241,0.639671266,0.272074759,0.951697588,-0.54409349,-0.849936664,0.608688533,1.1785301,1.17852962,1.1785295
trois_valeurs_quasi_egales,-0.42018947,0.837037563,-1.09776664,-0.973632812,0.633793354,0.855937123,0.978653908,0.989927649,0.380214483,1.443012,1.44301176,1.44301176
trois_valeurs_quasi_egales,-0.639499426,0.00307963602,0.161473036,0.158343419,-0.117833838,0.62935257,0.0317857079,0.648958981,0.113507628,0.659577549,0.65957725,0.659577191
trois_valeurs_quasi_egales,0.281401753,-1.15015459,-0.500383317,0.767923474,0.563455582,-0.863271356,0.991732121,-0.109944478,0.810435593,1.28546751,1.28546727,1.28546703
trois_valeurs_quasi_egales,-0.17322135,0.494790673,-0.226285428,0.408631533,0.275105536,0.288732469,0.359226167,-0.074349463,-0.437557757,0.570989668,0.570989132,0.570988655
trois_valeurs_quasi_egales,0.0179110467,-0.495673388,0.248075143,0.376958132,-0.171075732,-0.369039029,0.406369478,0.180541337,0.331395984,0.554576099,0.554575682,0.554575622
trois_valeurs_quasi_egales,-0.325577289,0.306758374,0.24086614,0.205666602,-0.131558329,0.445545882,0.331388533,0.383026391,-0.039872922,0.508052945,0.508052647,0.508052588
trois_valeurs_quasi_egales,-0.181138083,0.414160192,1.00307369,-1.05822635,0.157966048,-0.256320387,-0.24050495,-1.00698256,0.372343451,1.10022593,1.10022557,1.10022533
trois_valeurs_quasi_egales,0.140004501,-1.07038629,-0.582363367,0.973168969,0.451004118,-0.594990194,0.733359694,-0.394136727,0.900730014,1.22657084,1.22657049,1.22657037
trois_valeurs_quasi_egales,-0.437994748,-0.63606286,-0.512779593,-0.0555387437,0.603650033,-0.701341867,0.815128326,-0.300647378,-0.323318779,0.927015901,0.927015722,0.927015662
trois_valeurs_quasi_egales,-0.575920105,-0.348483175,-0.354163826,-0.439406216,0.104130849,0.612074912,-0.231937468,0.668036401,-0.28015843,0.760629296,0.760628939,0.760628939
trois_valeurs_quasi_egales,-0.252531707,1.40584362,0.249450088,1.20095468,0.0721340254,0.80925864,0.772224665,0.347554505,-1.17697525,1.44996405,1.44996381,1.44996345
trois_valeurs_quasi_egales,-0.0587920174,0.0769976377,0.665850341,0.5930475,0.317475975,0.0156516321,-0.312377036,0.588236094,-0.0956043005,0.67286092,0.672860563,0.672860503
trois_valeurs_quasi_egales,-0.373327523,-0.618880987,0.265244514,0.525462151,-0.457425952,-0.327708811,0.42102015,0.0221241079,0.644200802,0.769897699,0.769897282,0.769897163
trois_valeurs_quasi_egales,0.974241078,-0.627575338,0.271401286,0.683589458,0.883872807,-0.410035789,0.0146560185,0.491501629,1.08391249,1.19023359,1.19023323,1.19023287
trois_valeurs_quasi_egales,-0.191691935,0.583212137,-0.114524372,0.165749848,0.168016076,0.578183055,0.570770681,0.14707908,-0.206365108,0.624498308,0.624498188,0.624498188
trois_valeurs_quasi_egales,0.0223161578,-0.395141304,-0.459655792,-0.388133615,0.343988121,-0.314551681,0.46558857,0.305701703,-0.240191415,0.606562853,0.606562555,0.606562436
trois_valeurs_quasi_egales,-0.0668859929,-0.827346683,-0.336174637,-0.565225244,-0.221780121,0.658272982,-0.691401601,0.261343837,-0.505621195,0.895538807,0.895538688,0.895538568
trois_valeurs_quasi_egales,0.362371743,-0.728206396,0.632941723,0.163592964,0.712694645,0.726303816,-0.950861156,-0.154901832,0.366171211,1.03063762,1.03063726,1.03063679
trois_valeurs_quasi_egales,0.0365346894,0.77276206,-0.00312072039,-0.388203025,0.0210549533,0.668849945,0.668183386,-0.0300199986,0.388760716,0.773631632,0.773631334,0.773630857
trois_valeurs_quasi_egales,0.64855969,-0.269564539,1.21354198,-1.22276831,-0.385002494,0.56796962,0.224024445,-1.32101727,-0.413164437,1.40213382,1.40213358,1.40213346
trois_valeurs_quasi_egales,-0.922277033,0.25622943,1.04914129,-0.744333863,0.848823726,-0.86163348,-0.782508016,-1.10941052,-0.416936815,1.4201926,1.42019248,1.42019212
trois_valeurs_quasi_egales,-1.11845875,0.723542035,-0.458618581,-0.745754838,-0.451243043,1.10680795,0.421537697,1.12145507,0.741241813,1.40882754,1.4088273,1.40882719
trois_valeurs_quasi_egales,0.473115474,-0.375732392,0.138489142,-0.151140779,0.0309572816,0.600325286,-0.370824248,-0.491994709,-0.0679896325,0.619832635,0.619832456,0.619832158
trois_valeurs_quasi_egales,-1.23600376,0.428132176,0.103029877,0.0639585257,0.478276789,-1.22015512,-0.435685277,-1.14436543,-0.471406728,1.31210458,1.31210446,1.31210423
trois_valeurs_quasi_egales,-0.0139413439,-0.0453959703,-1.49053979,-1.452806,-0.335784048,0.0238148421,-0.336338699,1.45229161,-0.0410851538,1.49129617,1.4912957,1.49129558
trois_valeurs_quasi_egales,0.356687665,0.501075506,-0.478916079,0.510067105,0.174945354,0.562928975,0.469328284,-0.570947409,-0.24781844,0.779528081,0.779527843,0.779527485
trois_valeurs_quasi_egales,-0.697028577,0.610951483,-0.159278154,0.226296991,0.463240147,0.786561131,0.58942461,0.544634283,-0.490339071,0.940468252,0.940468132,0.940467775
trois_valeurs_quasi_egales,0.907412887,0.702992141,-0.96014744,0.229629695,1.08130991,1.00872135,1.16762626,-0.758979976,0.547793031,1.49648917,1.49648905,1.49648881
trois_valeurs_quasi_egales,0.374572396,0.0718266368,-0.56455636,-0.390953422,-0.458672494,-0.317745745,-0.413567662,0.498646021,-0.210953414,0.681313157,0.681312978,0.681312919
trois_valeurs_quasi_egales,0.245904312,-0.124092028,-0.603851855,-0.253327131,-0.613033473,0.0228170753,-0.56201607,0.222028062,-0.274494886,0.663706243,0.663705766,0.663705349
trois_valeurs_quasi_egales,1.31408525,-0.0254964232,0.538005829,0.53010422,0.312334567,-1.27998388,-0.0953417569,1.38517809,0.298517734,1.42018378,1.42018354,1.42018306
trois_valeurs_quasi_egales,0.248960733,1.05484605,-0.836347461,1.2957679,-0.4183366,-0.141909525,-0.364914775,-0.765802264,-1.07449687,1.36899948,1.36899912,1.36899889
trois_valeurs_quasi_egales,-0.077774018,-0.553864896,0.110499278,0.437742919,0.0113655925,0.36507079,-0.356871247,0.134646714,0.423719376,0.570109844,0.570109546,0.570109367
trois_valeurs_quasi_egales,1.2746011,0.399441421,0.19381474,-0.0523664281,-0.44983542,1.27146792,0.440880299,-1.20823002,-0.409304231,1.34971321,1.34971297,1.34971285
trois_valeurs_quasi_egales,0.808448851,1.13494372,-0.394616693,1.00121319,-0.899244726,-0.535108089,-0.664373457,0.025901556,-1.28660274,1.44824362,1.44824362,1.44824338
trois_valeurs_quasi_egales,0.781646609,-0.0178850293,-0.987220645,0.807710826,0.735790849,0.626186967,0.567914903,-1.02185464,0.468167365,1.2593236,1.25932324,1.25932324
trois_valeurs_quasi_egales,0.427339464,-0.477231324,0.152175665,0.499095768,0.422661155,-0.0760703087,-0.0425490364,0.164723575,0.636068046,0.658427596,0.65842706,0.658426642
trois_valeurs_quasi_egales,0.80603379,0.478316605,0.796503782,0.14011012,-1.10499227,0.521783113,0.91846323,-0.251200885,-0.778600693,1.22999859,1.22999835,1.22999787
trois_valeurs_quasi_egales,-0.467508554,0.723024309,-0.537651837,0.887914062,0.472625971,-0.136495829,0.15310885,-0.5331586,-0.850116014,1.01508522,1.01508522,1.01508498
trois_valeurs_quasi_egales,-0.315917611,-0.319645166,-0.575695574,0.376607925,0.436071128,-0.448788077,0.540152669,-0.490989923,-0.023799248,0.730344117,0.730344057,0.730343819
trois_valeurs_quasi_egales,-0.0341711789,-0.632612884,-0.302717388,-0.287206411,0.289119184,-0.571775138,0.639803708,0.0959981084,-0.272836506,0.702142894,0.702142715,0.702142358
trois_valeurs_quasi_egales,0.0638194382,-0.502578855,0.975345612,-0.974539876,0.422937334,0.281698942,-0.504140079,-0.8811903,-0.421074808,1.0990715,1.09907126,1.09907115
trois_valeurs_quasi_egales,0.245691776,0.510372281,1.24066114,-1.20244539,0.643049359,-0.0264080837,-0.594848871,-1.08907855,0.565815389,1.36384928,1.36384916,1.36384904
trois_valeurs_quasi_egales,0.171046674,0.401245713,0.287008435,0.43669048,0.0181730129,-0.285657883,-0.22950767,0.3336173,-0.32962811,0.522139132,0.522138834,0.522138774
trois_valeurs_quasi_egales,0.207459152,-0.329371989,-0.701677978,0.736280799,0.310828894,0.0717848241,0.242339432,-0.662402272,0.382586271,0.802419722,0.802419543,0.802419543
trois_valeurs_quasi_egales,0.231522858,-0.805427492,-0.680651009,-0.158380255,0.662398875,-0.837702334,1.04255188,0.279492855,0.0238940492,1.07963061,1.07963037,1.07963026
trois_valeurs_quasi_egales,-0.619338095,-0.47076422,-0.0180371106,-0.470503658,0.616577506,0.0631036311,-0.0238843635,0.0611309111,-0.775381565,0.778154373,0.778154194,0.778153896
trois_valeurs_quasi_egales,0.195898652,1.06901085,0.814379811,1.34283435,-0.188087314,-0.0761216283,0.0528685749,0.81621933,-1.08414304,1.35807788,1.35807776,1.35807765
trois_valeurs_quasi_egales,1.12027502,-0.228786021,-0.136300564,0.265580595,1.00337231,0.498645127,0.0196934938,-0.516562581,1.02893746,1.15149355,1.15149319,1.15149295
trois_valeurs_quasi_egales,-0.546521366,0.868997753,0.702775657,0.347917855,0.875718951,-0.812284768,-1.06207526,-0.160297394,-0.627723873,1.24408102,1.24408054,1.24408031
trois_valeurs_quasi_egales,0.764346719,0.716325819,-0.729393423,-0.948686421,0.836367011,-0.172765791,0.380961537,0.645547152,1.03319883,1.2764653,1.27646518,1.27646482
trois_valeurs_quasi_egales,0.521089435,1.14507651,0.19461751,0.517794371,-0.419954538,1.08449817,1.03969455,-0.364758521,-0.637650073,1.27303231,1.27303195,1.27303135
trois_valeurs_quasi_egales,-0.135872006,-0.983871102,-0.401570916,0.140598267,0.384637117,-0.989954114,1.05332494,-0.178254813,0.0803397,1.07131839,1.07131827,1.07131803
trois_valeurs_quasi_egales,0.938946426,0.187070623,-0.152224705,0.227513865,-0.483979166,0.808572531,0.0800337493,-0.818875074,-0.512666106,0.96942699,0.96942687,0.969426274
trois_valeurs_quasi_egales,-0.146286279,-0.67152071,-0.150490731,0.184316933,-0.186464041,0.652874827,-0.663034737,0.0963233411,0.214695662,0.703553438,0.703553379,0.70355314
trois_valeurs_quasi_egales,-0.170192748,-0.673241436,0.729560971,-0.927835822,0.371107399,0.126012325,-0.353035629,-0.650772154,-0.682891846,1.00721395,1.00721359,1.00721323
trois_valeurs_quasi_egales,-0.050490737,0.601248562,-0.356222391,-0.682200372,-0.119903669,-0.105683982,-0.151646718,0.339214861,0.594037294,0.700673878,0.70067358,0.700673461
trois_valeurs_quasi_egales,-0.879568577,-0.0581789389,-0.824368834,-0.530523896,0.962836683,0.498096555,0.63365072,0.725376666,-0.727272868,1.20690131,1.20690095,1.20690084
trois_valeurs_quasi_egales,-0.0939800143,0.490410686,-0.211687416,0.381518215,0.212061867,0.321900785,0.373842359,-0.0931319743,-0.381726146,0.542352796,0.542352736,0.542352676
trois_valeurs_quasi_egales,0.334065139,0.181402951,-0.57930553,0.517864227,-0.430168271,0.163931906,-0.316731095,-0.512005568,-0.342977434,0.692894101,0.692893744,0.692893207
trois_valeurs_quasi_egales,0.875632644,0.152588338,-0.652523577,0.162847906,0.993032992,0.450742751,0.650038898,-0.454318434,0.766059279,1.10263455,1.10263455,1.10263431
trois_valeurs_quasi_egales,-0.164795816,-0.983644068,0.576665103,-0.221499354,-0.543939769,-0.991122365,1.11849725,-0.252645135,-0.111310691,1.15206611,1.15206575,1.15206575
trois_valeurs_quasi_egales,-0.372020274,0.536124945,-1.04433525,-0.923558354,0.54258585,0.607540548,0.724642277,0.966765702,0.238166153,1.23144865,1.23144841,1.23144817
trois_valeurs_quasi_egales,0.103986733,0.8794052,-0.376085997,0.932444334,-0.0089892745,0.236798376,0.212934673,-0.390093684,-0.853283048,0.962084949,0.962084651,0.962084174
trois_valeurs_quasi_egales,-1.09175289,0.0387346596,-0.887833178,-0.495665282,-1.19384551,0.557424784,-0.737607121,0.74492079,0.93952179,1.40771961,1.4077189,1.40771854
trois_valeurs_quasi_egales,-1.08744073,-0.496214598,-0.00215542316,0.453230351,-0.991108775,-0.490965724,0.20202972,-0.44747746,1.0898205,1.19530821,1.19530797,1.19530761
trois_valeurs_quasi_egales,0.786432564,0.367828369,1.00905025,-0.982003808,-0.260173291,0.86019367,0.434911668,-1.25258422,0.117643058,1.33114851,1.33114803,1.33114791
trois_valeurs_quasi_egales,-0.158279359,-0.396491736,0.384868026,0.0463516265,0.389407933,0.420231044,-0.55061841,0.146755189,-0.0752577856,0.574788153,0.574788153,0.574787915
trois_valeurs_quasi_egales,0.34781304,1.30553198,-0.268524736,-0.0768505186,-0.257412076,-1.35104668,-1.33064437,0.356115878,0.0078400271,1.37749577,1.37749565,1.37749529
trois_valeurs_quasi_egales,-1.14097214,-0.15858978,0.0106882453,0.0859924555,-0.550724506,1.00816202,-0.133680284,0.999316692,0.557295144,1.15199077,1.15199077,1.15199029
trois_valeurs_quasi_egales,-0.576228619,1.25562298,-0.177373961,1.22653925,0.601332843,0.272196621,0.321951926,-0.0435853451,-1.35445118,1.39287162,1.39287126,1.39287114
trois_valeurs_quasi_egales,1.00342941,0.374178171,0.36994186,-0.356710941,1.06934035,-0.114043444,-0.386812091,-0.0154699609,1.06483507,1.13302135,1.13302112,1.133021
trois_valeurs_quasi_egales,0.202445298,-0.974478006,0.662142575,-1.09281898,0.0957137123,0.474983811,-0.44021219,-0.685752213,-0.874632657,1.19541836,1.195418,1.19541788
trois_valeurs_quasi_egales,0.977028131,0.58700335,-0.284361482,0.603243232,-1.0079931,-0.00812238455,-0.248056412,-0.139267266,-1.13977671,1.17474198,1.17474186,1.17474174
trois_valeurs_quasi_egales,-0.5000664,0.714415729,-0.207305536,-0.551787496,-0.523762345,-0.473956525,-0.498894513,-0.136801451,0.731997967,0.896343589,0.89634335,0.896343231
trois_valeurs_quasi_egales,0.20745036,-0.532670379,-0.0209951103,0.207773566,0.101539709,-0.52319622,0.490926594,0.182115331,0.230302781,0.57202661,0.57202661,0.572026253
trois_valeurs_quasi_egales,0.768801212,-0.244411379,0.72346276,0.657191873,0.73457396,-0.450212359,-0.388888299,0.758191705,0.669403195,1.08360112,1.08360076,1.08360016
trois_valeurs_quasi_egales,1.15399086,-0.246732205,0.810390472,0.716201186,-0.447193176,-1.1560185,0.452399909,1.33732808,-0.237050265,1.43153942,1.4315393,1.43153906
trois_valeurs_quasi_egales,-1.27349854,0.3300834,-0.341439664,-0.462142795,-0.636326313,1.10853362,0.109362423,1.15475869,0.708453298,1.35916698,1.35916662,1.35916662
trois_valeurs_quasi_egales,0.0423678532,0.534980357,0.0638951734,0.120643601,-0.0718850121,0.52188009,0.525101423,-0.0266493782,-0.125059471,0.540445924,0.540445626,0.540445209
trois_valeurs_quasi_egales,0.657037675,-0.234815523,-0.197668925,0.0239702277,-0.426346958,0.586142898,-0.306001216,-0.537586987,-0.378514618,0.725196421,0.725196362,0.725196362
trois_valeurs_quasi_egales,0.629254341,-1.12453902,-0.148049414,-1.10573459,-0.570469975,-0.366581917,0.252700359,0.304044664,-1.23538136,1.29709983,1.29709983,1.29709935
trois_valeurs_quasi_egales,0.219141901,-0.495468318,-1.29229808,-0.0990926921,1.29942191,-0.515003741,1.38047218,0.17192772,0.168176711,1.4012661,1.40126586,1.40126562
trois_valeurs_quasi_egales,1.14806437,0.098754406,0.208384663,-0.19602856,-0.139349878,1.14602911,0.121447295,-1.15847218,-0.120089173,1.17099476,1.17099464,1.17099452
trois_valeurs_quasi_egales,-0.408052623,0.655038476,-0.24438113,0.579770982,0.475171983,0.305584222,0.390721589,-0.0209887922,-0.708661139,0.80950892,0.809508801,0.809508741
trois_valeurs_quasi_egales,0.649955332,-0.370655239,-1.00709903,-0.959610641,-0.727812648,-0.351441801,-0.480396152,0.952354431,-0.66054219,1.25462174,1.25462162,1.25462151
trois_valeurs_quasi_egales,0.220717907,-0.358846456,0.273838669,-0.451086372,-0.186636001,0.119008169,0.0167224407,-0.298112005,-0.404134154,0.502468884,0.502468824,0.502468467
trois_valeurs_quasi_egales,-0.295585662,0.592173278,-0.644703329,-0.704984665,-0.564421833,-0.195209712,-0.518948853,0.429466248,0.632402897,0.923949599,0.92394942,0.923949063
trois_valeurs_quasi_egales,0.662667215,-0.398876101,-0.433207214,0.58878237,0.460197598,0.476919204,0.0102979839,-0.644216478,0.608915091,0.886509359,0.88650918,0.886508882
trois_valeurs_quasi_egales,-0.262214303,-0.287530988,0.677881777,-0.619470358,-0.302862555,-0.368082523,0.398063302,-0.660722375,-0.126276553,0.781635821,0.781635523,0.781635284
trois_valeurs_quasi_egales,1.14887702,0.0210512727,-0.846829176,0.782311201,0.520919561,1.07429636,0.324887365,-1.32878923,0.407736003,1.42740369,1.42740357,1.42740345
trois_valeurs_quasi_egales,0.771730602,-0.796005905,-0.637964427,-0.648243487,0.234999314,-1.07738006,0.78765738,0.973315001,-0.261621207,1.27913725,1.27913725,1.27913713
trois_valeurs_quasi_egales,-0.204200387,0.426171482,-0.403576642,-0.253605306,-0.449420691,-0.34626469,-0.529320836,0.0509161353,0.321591526,0.621445477,0.621445119,0.621444702
trois_valeurs_quasi_egales,0.966969252,-0.89406395,0.137809724,0.888600886,0.900960684,-0.389910221,0.169499993,0.377214789,1.25791502,1.32414961,1.32414925,1.32414925
trois_valeurs_quasi_egales,-0.518678784,0.282203466,-1.22694242,-1.0186882,-0.873835087,0.229654491,-0.739797831,1.00539982,0.543990135,1.361637,1.36163652,1.36163652
trois_valeurs_quasi_egales,0.170140266,-0.925919294,0.989461541,0.188664466,1.00370276,0.906804502,-1.34192634,0.023717463,0.252941638,1.36576295,1.36576295,1.36576271
trois_valeurs_quasi_egales,-0.290946841,0.388603389,0.972530484,-1.04020262,0.0100512393,-0.315208256,-0.121684685,-1.01506901,0.369196862,1.08695853,1.08695841,1.08695817
trois_valeurs_quasi_egales,0.704003036,-0.555971444,-0.117487431,-0.329111576,-0.551414251,0.637303591,-0.463242412,-0.453172863,-0.631323159,0.904725552,0.904725373,0.904725134
trois_valeurs_quasi_egales,0.119137228,-0.492777944,-0.393865794,0.426649809,-0.232312635,0.419707924,-0.464682579,-0.339638919,0.284375459,0.641992509,0.641992092,0.641991913
trois_valeurs_quasi_egales,-0.317513168,0.0806261078,-0.4131791,-0.420509815,-0.036503274,0.316023529,0.0197186619,0.519806802,0.0862799212,0.527287543,0.527287543,0.527287245
trois_valeurs_quasi_egales,1.24886405,0.159148097,-0.0807549208,-0.0269993227,-0.395793498,-1.19755137,-0.176409721,1.18723607,-0.388407201,1.26155102,1.2615509,1.26155055
trois_valeurs_quasi_egales,0.91944921,0.0405399278,0.017585963,-0.0403176248,0.919551015,-0.0118439719,-0.0180889964,0.0110599175,0.92026639,0.920510709,0.920510709,0.920510352
trois_valeurs_quasi_egales,-0.0883837938,-0.858311534,-0.0834019035,0.724304795,-0.119388044,0.461080611,-0.468014479,-0.0226746798,0.729325354,0.866872191,0.866871595,0.866871357
trois_valeurs_quasi_egales,-0.39825353,0.659558713,-0.697591603,-0.2708143,-0.801744699,-0.603425562,-0.92103827,-0.0494527221,0.479062319,1.03935468,1.03935444,1.03935421
trois_valeurs_quasi_egales,0.451206863,1.13385403,-0.851841629,-0.763966799,-0.558796942,-1.14845431,-1.19482827,0.785472989,0.412632108,1.48823643,1.48823607,1.48823607
trois_valeurs_quasi_egales,0.324241251,-0.572617233,0.567189932,-0.667844653,-0.533134997,-0.15645358,0.451196194,-0.377629459,-0.639174938,0.868750751,0.868750095,0.868749976
trois_valeurs_quasi_egales,-0.417289972,0.352898121,0.625984967,-0.262980253,0.59866488,-0.51280266,-0.668756664,-0.45561868,-0.188947782,0.830978453,0.830978453,0.830978155
trois_valeurs_quasi_egales,-0.250423759,-0.424205184,0.104666904,-0.0282337293,-0.10467647,-0.491796046,0.436014146,-0.250419796,0.0282693431,0.50360471,0.503604591,0.503604293
trois_valeurs_quasi_egales,-0.0286016241,-0.223405689,-1.09347892,0.804770827,0.753742695,-0.175045073,0.773272693,-0.792708576,0.141729921,1.1164341,1.11643398,1.11643374
trois_valeurs_quasi_egales,0.0475765653,-0.535247684,0.514517069,0.719141543,-0.0949234217,-0.165245816,0.184534848,0.507918119,0.51131916,0.743963301,0.743963182,0.743963122
trois_valeurs_quasi_egales,-0.484629184,0.48635754,0.462984681,-0.230653435,-0.656802416,0.448523521,0.63063252,0.133531541,0.519842088,0.828108668,0.828108609,0.82810849
trois_valeurs_quasi_egales,-0.349365175,-0.525310338,0.58134824,0.701732576,-0.492932707,-0.0237067342,0.348552108,0.465874702,0.630432367,0.857888818,0.85788852,0.85788852
trois_valeurs_quasi_egales,-0.569871664,0.676308811,0.0818548948,-0.671959937,-0.540474057,-0.212614939,-0.112087555,-0.198347479,0.858453512,0.888171017,0.888170898,0.888170898
trois_valeurs_quasi_egales,0.87833631,-0.271615475,0.202441305,0.259452701,0.90109688,0.0833084062,-0.217810988,-0.0219342671,0.915591955,0.941399038,0.94139874,0.941398621
trois_valeurs_quasi_egales,0.225936219,0.530760765,0.357514322,0.622979105,-0.095711492,-0.251608223,-0.146356642,0.411950171,-0.519082963,0.678653598,0.6786533,0.6786533
trois_valeurs_quasi_egales,-0.428234488,0.570939898,0.462069541,-0.732340991,-0.372818589,-0.21805495,0.0561881959,-0.507837892,0.67956531,0.850215077,0.850214779,0.85021466
trois_valeurs_quasi_egales,1.16752958,-0.536865056,-0.48682037,0.512512684,-0.0409993231,1.27435994,-0.512395442,-1.26429379,0.16539599,1.3741703,1.37417018,1.37416983
trois_valeurs_quasi_egales,-1.34666514,0.51950407,-0.342239648,-0.0576277673,-0.916740537,-1.16481173,-0.619428456,-1.04413748,0.852411866,1.48341525,1.48341513,1.48341477
trois_valeurs_quasi_egales,-0.680019498,0.992170036,-0.611664593,-1.16272163,-0.62685442,0.275848985,-0.0813200176,0.666042864,1.17078412,1.3494302,1.34942997,1.34942973
trois_valeurs_quasi_egales,-0.8222633,0.297361195,-0.034459427,-0.295164824,-0.788586795,0.238193333,0.0498882867,0.235445946,0.841310918,0.875058889,0.87505877,0.875058532
trois_valeurs_quasi_egales,0.399107665,0.710012972,0.19937785,0.722521544,-0.331032813,-0.267463624,-0.147758469,0.299091548,-0.769329965,0.838544548,0.838544488,0.838544488
trois_valeurs_quasi_egales,0.414090574,0.634946108,0.280732393,0.672774434,-0.286362112,-0.344687998,-0.171294764,0.410217643,-0.675143242,0.808355689,0.808355331,0.808355272
trois_valeurs_quasi_egales,0.18287456,-0.549951494,-0.155751795,-0.214845598,0.0853998587,-0.553801835,0.529666007,0.224518508,-0.170860142,0.600123644,0.600123525,0.600123107
trois_valeurs_quasi_egales,-0.0572611988,1.07334161,-0.00983416289,-1.02402365,-0.0575777292,-0.321710944,-0.321767509,-0.00776897371,1.02559376,1.07491291,1.07491279,1.07491267
trois_valeurs_quasi_egales,0.636904299,0.20483683,-0.599728703,0.494229972,-0.692768216,0.288251162,-0.396698654,-0.534222543,-0.603751659,0.898487747,0.898487449,0.89848721
trois_valeurs_quasi_egales,0.280032724,-0.550416052,-0.00360101461,0.435113251,0.218886539,0.379675806,-0.337115735,-0.174699321,0.487054557,0.617567122,0.617567003,0.617566645
trois_valeurs_quasi_egales,-0.0313770622,-0.62214005,-1.09520495,0.0910012424,-1.0938015,0.618735671,-1.25628471,-0.0636926591,0.0721731484,1.25996709,1.25996697,1.25996697
trois_valeurs_quasi_egales,-0.486493051,0.784952462,-0.0742395818,-0.410522074,-0.177697733,0.811315238,0.673151791,0.458923548,0.441127539,0.926465273,0.926464915,0.926464796
trois_valeurs_quasi_egales,0.0892724097,-0.0689721182,-0.82242626,-0.601727843,-0.571606159,-0.0173792243,-0.56485939,0.598014355,-0.111466244,0.830127835,0.830127656,0.830127358
trois_valeurs_quasi_egales,-0.320441544,-0.956455052,0.495917022,-0.954175591,0.0116921067,-0.59399879,0.500288606,-0.590321779,-0.81526345,1.12402093,1.12402093,1.12402046
trois_valeurs_quasi_egales,-0.163518652,0.735266685,-0.534915805,-0.624561012,0.304166377,0.609012902,0.660814345,0.469421059,0.44323647,0.92384553,0.92384541,0.923845351
trois_valeurs_quasi_egales,0.750021756,0.723478675,-0.110321566,-0.20600003,0.0571240932,-1.02587843,-0.702251136,0.755936623,0.183107644,1.04791498,1.04791474,1.04791451
trois_valeurs_quasi_egales,1.26227379,0.423099786,-0.244332746,0.473822653,-0.894964099,0.898096859,0.119181328,-0.923077464,-0.982736468,1.35353148,1.35353136,1.353531
trois_valeurs_quasi_egales,0.30758661,0.516438186,0.759468913,-0.825430453,-0.195734456,0.46740061,0.402698219,-0.795670152,0.377961397,0.968561649,0.968561292,0.968561172
trois_valeurs_quasi_egales,-0.188909575,0.323514789,-0.798239827,0.86072576,0.0409135669,-0.187115744,-0.0316133648,-0.819267392,-0.324555963,0.88177985,0.881779492,0.881779313
trois_valeurs_quasi_egales,-0.199264139,0.544787884,-0.502911925,0.517142177,0.475293726,0.309967637,0.531298339,-0.258306444,-0.490326375,0.76773721,0.767737031,0.767736971
trois_valeurs_quasi_egales,-0.648293555,0.297415972,-0.267147869,0.38444823,0.324199438,-0.572016537,-0.109653637,-0.621729255,-0.426072598,0.761649013,0.761648774,0.761648536
trois_valeurs_quasi_egales,-0.228712559,-0.442540586,-1.26501918,-0.50872004,-1.15859246,0.497285187,-1.23988652,0.556997657,0.0293148309,1.35956812,1.35956788,1.35956764
trois_valeurs_quasi_egales,-0.616674483,-0.553405702,-1.08390713,0.0179064274,1.21085906,-0.628410518,1.21687829,-0.298265874,-0.540042102,1.3643316,1.36433136,1.36433125
trois_valeurs_quasi_egales,-0.183581918,-0.805352509,0.45396167,0.397959232,-0.486592084,-0.702305675,0.834447384,0.0548814088,0.434812188,0.942537427,0.942537189,0.942536891
trois_valeurs_quasi_egales,-0.0231377631,1.39424217,-0.158876479,1.22285295,-0.0579080284,-0.686268508,-0.688318551,-0.149745867,-1.21387041,1.40345597,1.4034555,1.40345538
trois_valeurs_quasi_egales,-0.323612541,-0.903156757,-0.212842479,-0.0200851411,-0.218544841,0.957890153,-0.927680254,0.319789112,0.0535087287,0.982710242,0.982710063,0.982709706
trois_valeurs_quasi_egales,-0.116221189,-0.555733502,-0.471383721,0.678557038,-0.256580472,0.135191977,-0.2657125,-0.412161261,0.551426053,0.737936854,0.737936497,0.73793596
trois_valeurs_quasi_egales,0.892179489,-0.537765682,0.372589737,0.519996405,0.96524477,0.148006231,-0.39701283,0.0557668209,1.0311501,1.1063453,1.10634518,1.10634494
trois_valeurs_quasi_egales,0.17351234,-0.919882298,0.167971075,-0.322013736,0.101609483,0.889092684,-0.877897739,-0.219080597,-0.292921662,0.951054335,0.951054037,0.951053679
trois_valeurs_quasi_egales,0.251327366,-0.506669044,-0.61949861,-0.246487349,0.568757832,-0.565168798,0.761403918,0.351365715,0.0215263665,0.838843167,0.838842869,0.838842511
trois_valeurs_quasi_egales,1.00078511,0.646273494,0.643374205,-0.68076098,1.16504669,-0.111356132,-0.606765211,-0.24117662,1.18610311,1.35394645,1.35394621,1.35394585
trois_valeurs_quasi_egales,-1.32800543,0.604814291,0.0692054033,-0.574489832,-1.19018304,-0.622586071,-0.201372027,-0.593170941,1.31976724,1.46088612,1.46088612,1.46088576
trois_valeurs_quasi_egales,0.0472290516,-0.990828991,0.667104363,1.14822531,-0.146318585,-0.298613638,0.3291637,0.652572274,0.945939898,1.19540882,1.19540811,1.19540799
trois_valeurs_quasi_egales,0.880720854,0.165779635,0.234341562,-0.105880544,0.890512288,-0.232044518,-0.266811013,0.193835899,0.865625739,0.926319897,0.926319599,0.926319301
trois_valeurs_quasi_egales,-0.340535492,0.0227645636,0.672981143,0.569498479,-0.39266181,0.301454663,0.359295666,0.643960476,0.160024777,0.754577219,0.754577041,0.754576743
trois_valeurs_quasi_egales,0.283900738,-0.777191877,-0.801702797,0.815122783,0.709597468,-0.399249554,0.763104737,-0.468826652,0.724725425,1.15210879,1.15210855,1.15210831
trois_valeurs_quasi_egales,1.09267282,0.420924723,-0.225244135,-0.403976709,0.515447497,-0.996475577,-0.254391849,0.989435971,0.614937782,1.19241238,1.19241226,1.1924119
trois_valeurs_quasi_egales,0.287146121,0.397992909,-0.398936659,0.392128944,0.180435404,0.462254971,0.404701769,-0.457215846,-0.164838523,0.632457018,0.632456779,0.63245672
trois_valeurs_quasi_egales,0.922121823,-0.760644197,-0.752729118,0.481891155,1.18233967,-0.604436278,0.955489933,0.137779966,1.0312829,1.41261816,1.41261768,1.41261768
trois_valeurs_quasi_egales,0.0646984428,0.832029045,0.688684106,0.150284708,-0.690142095,0.819672048,1.06956637,0.046642065,-0.156830713,1.0820092,1.0820092,1.08200908
trois_valeurs_quasi_egales,-0.495356649,0.734945774,-0.0337361693,0.638594985,0.409314811,-0.459694237,-0.365348399,-0.28102991,-0.757762611,0.886939526,0.886939466,0.886938989
trois_valeurs_quasi_egales,0.835027099,-0.250298679,-0.73570168,0.322334588,1.09418249,-0.00640791655,0.707111359,-0.203202486,0.871709764,1.14069128,1.14069104,1.1406908
trois_valeurs_quasi_egales,-0.412906468,0.857778251,-0.508819938,0.976584554,0.235980675,-0.394676059,-0.202396184,-0.611312449,-0.86631757,1.07943201,1.07943189,1.07943177
trois_valeurs_quasi_egales,-0.0150843924,1.40775859,-0.173185021,-1.38586676,-0.0514945835,-0.29787153,-0.301913232,0.166038901,1.37596703,1.41845191,1.41845191,1.41845155
trois_valeurs_quasi_egales,-0.416613519,0.444416612,-0.433849871,0.586250663,0.108927041,-0.451379597,-0.2050412,-0.591546595,-0.409059018,0.747862697,0.747862697,0.747862577
trois_valeurs_quasi_egales,-0.259347975,-0.409251094,-0.356291533,-0.482561767,0.35453251,-0.0559689254,0.248121381,0.261748075,-0.481264949,0.601408601,0.601408124,0.601407826
trois_valeurs_quasi_egales,-0.454850078,-0.881624281,0.456473321,-0.965503633,0.275913,-0.429176897,0.231153816,-0.582347751,-0.894403577,1.09202516,1.0920248,1.09202456
trois_valeurs_quasi_egales,-0.77214551,-0.0987817049,0.314702719,-0.223448098,-0.432622433,-0.684041679,0.242624015,-0.712800205,0.371555537,0.839645445,0.839645267,0.839645147
trois_valeurs_quasi_egales,-0.531271338,-0.907095075,-0.346599847,-0.488771141,0.591181695,-0.798003495,0.839080453,-0.229966879,-0.684295952,1.10688877,1.10688865,1.10688806
trois_valeurs_quasi_egales,1.23885906,0.254169196,0.215671092,-0.101087987,1.07742333,-0.689077497,-0.317643285,0.648416996,1.06044614,1.28292167,1.28292155,1.28292155
trois_valeurs_quasi_egales,0.597593307,-0.169202417,0.151425615,-0.191131324,-0.144671559,0.592634439,-0.12258862,-0.599264383,-0.18582651,0.639278769,0.639278412,0.639278233
trois_valeurs_quasi_egales,0.523259521,-1.24804997,0.294914812,-1.2619524,-0.44442609,0.358281434,-0.228210002,-0.404055238,-1.30501461,1.38506472,1.3850646,1.38506436
trois_valeurs_quasi_egales,-0.327120513,0.131533325,-1.19097912,-0.401937813,-1.17507899,-0.0193788521,-1.12879479,0.380300671,0.35204199,1.24207103,1.24207103,1.24207056
trois_valeurs_quasi_egales,-0.124245368,-0.50940907,0.260854721,-0.461607456,-0.0685978979,-0.353825063,0.338320851,-0.280671328,-0.386965364,0.585644662,0.585644603,0.585644305
trois_valeurs_quasi_egales,0.712541461,0.127204493,-0.11545743,-0.150204539,0.700381875,-0.155341953,0.0833663046,0.174675673,0.706941009,0.732957959,0.73295784,0.732957542
determinant_negatif,1.40478826,-1.35353351,-0.737604856,0.525904179,1.85611296,1.69301295,0.757363319,0.697586775,-0.428239584,2.95501781,1.66472995,-0.823241889
determinant_negatif,-1.21727586,0.806699514,-1.39086437,-1.93390918,-0.990777969,-1.41538143,-0.434372902,1.31874275,-1.36336398,3.27545261,1.94980717,-0.219465524
determinant_negatif,0.582294464,1.19125605,-0.543221235,-0.571858644,0.00266647339,1.74434686,-1.62056851,-1.36996341,-0.526312351,2.49690151,1.90559196,-0.580750942
determinant_negatif,1.63527298,-0.407402992,-0.822029352,-1.51869345,0.294926167,-0.825012922,0.714202166,-1.91336083,0.972206116,2.78420997,1.73568714,-0.97039628
determinant_negatif,-0.250547886,0.428347111,-0.112642288,1.27198148,-0.00560808182,-1.62560892,1.53641605,-0.896924973,0.415713072,2.28758383,1.60515749,-0.218661919
determinant_negatif,-1.17946339,0.774708033,1.19340062,-0.442345858,1.73348808,-1.88364959,1.68022919,-1.7238915,0.483146429,3.37346888,2.17657065,-0.27376619
determinant_negatif,1.7965107,1.65803599,1.79661202,-0.621447325,1.77474833,0.850645542,-1.26096773,1.59733462,-0.738384008,3.3089509,2.61825967,-0.588356256
determinant_negatif,-0.222450018,1.3780396,0.0132029057,0.402184725,1.0306561,-1.46252155,0.844701529,0.435127497,0.943245888,2.04533672,1.47851956,-0.857188642
determinant_negatif,1.88517952,-0.78812933,-0.595448971,0.22278595,1.47131157,1.50401759,-1.62715435,1.32376552,-0.663264751,2.99228048,2.02583504,-0.887821734
determinant_negatif,-1.76821756,-0.596186876,1.51582026,-1.79358983,-1.61956263,-1.52362275,0.338607788,1.22733927,-1.06161761,3.15553665,2.40362477,-0.976904452
determinant_negatif,1.35126233,-1.67395592,-1.74639225,-1.83840132,-0.805196524,-0.680016994,1.95930004,-0.919702291,-0.782510757,3.52597833,2.23937154,-0.134652182
determinant_negatif,0.0870256424,0.481212139,-0.331992626,0.579928875,1.25229311,-0.502469063,-1.06683683,1.16692877,-1.14417267,2.21632242,1.18294358,-0.0627894253
determinant_negatif,0.881280661,-0.161092758,1.24447131,-1.92220306,-1.44559407,-1.31145215,0.0526823997,-0.965201616,1.00513744,3.00217581,1.66854739,-0.0583943203
determinant_negatif,1.01269388,-1.32757258,1.88919425,0.937301159,-1.239254,0.152387619,-1.50829291,-1.13525867,-1.44484162,3.09507585,2.05900502,-0.791764021
determinant_negatif,-0.75999999,-1.26084757,1.86661458,0.113873243,1.39471817,1.90084577,1.51978683,0.357725859,-0.159951687,2.75507808,2.1922493,-1.13573754
determinant_negatif,0.0907521248,0.495229006,0.693424702,-0.49292922,-1.70427847,-1.68915224,-1.26141644,0.395722866,-0.587517977,2.62982702,1.37397611,-0.155725434
determinant_negatif,0.375922918,-1.31523347,-0.851423025,0.522861481,1.39180207,0.384831667,-1.39559937,-1.74058819,-0.53148365,2.9739933,1.15889871,-0.163735941
determinant_negatif,-0.932271242,-1.50038457,-0.436233521,-0.380671501,-1.02044606,-1.84135485,-1.02735329,-0.909802437,0.291793823,2.72979116,1.53688514,-0.204826936
determinant_negatif,-0.397059202,-0.116564035,-0.087338686,0.669168711,0.174785376,1.82562828,0.90003562,-0.642224073,-0.0921652317,1.97779453,1.11049032,-0.276182681
determinant_negatif,0.328383684,0.0360183716,1.39023781,-0.735287905,0.528292418,1.32080126,1.33775496,-0.182564497,0.741005421,2.0969348,1.59948814,-0.150533751
determinant_negatif,-0.670921326,0.933440924,1.78935385,0.953529358,1.38044953,1.94803476,1.93035102,0.507899284,0.768935442,3.41847563,1.99884093,-0.164534301
determinant_negatif,1.59818053,-0.487108469,-1.78167892,-0.87655735,0.26488924,0.653271198,-1.67939186,-1.92326617,0.851023197,3.28883982,1.9020586,-0.200934544
determinant_negatif,0.506860256,-1.38049364,1.52645969,-0.597959518,-0.683586359,1.1689446,0.372184992,1.66119695,-1.62510085,3.37765551,0.858379066,-0.278758049
determinant_negatif,0.401354551,1.02746677,-1.45747375,1.92564106,-0.257870436,1.09905672,-1.86390781,0.205937386,1.21942306,2.7469027,2.28998899,-0.733178914
determinant_negatif,0.12427187,-1.86393404,1.60206175,-0.29118681,0.206586838,0.310782194,0.978410721,0.809929132,0.257520914,2.50300026,1.21340656,-0.471777171
determinant_negatif,0.167071819,0.0652637482,1.81360769,-1.61312079,-0.752917051,0.975050688,0.762291908,1.5625844,0.0689284801,2.50731301,1.88604999,-0.790454865
determinant_negatif,-0.38032937,0.0612652302,1.21848965,-1.9945364,-0.129718781,0.4635005,1.36806202,1.98942924,-0.632474899,3.00866246,1.39989209,-1.02988088
determinant_negatif,-0.831967831,1.83054495,0.523240089,-1.1621263,-1.9815135,-1.84694362,0.417306423,1.48970604,-0.211726904,3.49219537,1.55065572,-0.918266833
determinant_negatif,1.00881076,0.121172428,-1.07206488,0.175619841,1.93896627,-1.29218817,-0.00912046432,-1.07987237,-1.80426168,2.59405828,2.1493938,-0.845235646
determinant_negatif,0.22187829,0.0201148987,-0.919222355,-0.11250186,1.74952602,-0.203445911,-1.94890523,-0.660499096,0.903748751,2.42406654,1.62984478,-0.726809502
determinant_negatif,0.134805918,-0.475059271,-0.189781427,0.0901792049,-1.85301256,-0.83396101,0.958259106,0.714991331,1.14750886,2.44104719,1.09656203,-0.047326453
determinant_negatif,-1.93933535,1.4697423,0.919380188,0.395479679,0.843193531,1.05473232,-0.617432594,-1.82730412,-1.51180267,3.2579484,2.02085733,-0.232343346
determinant_negatif,0.576156855,1.60507011,1.93043995,0.225777149,-0.752943993,0.739293814,-1.25493145,-1.95600653,-0.386760473,3.27806783,1.49014592,-0.619187951
determinant_negatif,1.38537216,-0.116802454,1.26565361,1.58144617,-1.91900563,0.239761591,0.17130065,-0.831276178,1.6266222,3.09447956,1.59280944,-1.01451313
determinant_negatif,0.970536947,-1.27444816,0.023327589,-0.589420319,-1.35147238,-0.675785303,0.30727911,-0.576238155,1.64557815,2.01498437,1.83989561,-0.941437244
determinant_negatif,-1.83245611,1.37049031,-0.883929491,0.347239733,-0.82057476,-0.491667509,1.4634881,-1.65208507,-0.591536045,3.26761007,1.25338459,-0.161167085
determinant_negatif,-0.121404409,-0.211133242,1.00831771,-0.47704792,-0.558905125,-1.51730633,-1.05821276,1.96142697,1.7255187,3.14694786,1.27794611,-0.571127295
determinant_negatif,1.30330062,1.2862227,0.16368103,0.553102255,-0.0945420265,-1.45286679,0.597018719,-1.42036486,-0.694275618,2.14230824,1.82822847,-0.854059815
determinant_negatif,-1.58712173,-1.79886866,0.465186596,-0.382732868,-1.53774905,1.93591022,1.37050867,-1.27061296,1.97185993,3.72425914,2.351789,-0.458425522
determinant_negatif,0.110821009,-0.53460741,-1.96591449,-0.185320616,-1.51187396,0.846668482,0.348766565,1.74861193,-0.810344458,2.6924684,1.94347239,-0.0965892076
determinant_negatif,1.57637501,1.62273788,-1.76963282,-0.37532115,-1.32371283,-1.16786575,1.01838875,0.182366848,0.755572319,2.90317845,1.99554002,-0.858758092
determinant_negatif,1.17989445,-1.46712565,-1.92232132,0.00825810432,0.0220804214,1.12325835,1.09370613,-1.12487745,-1.58564544,3.59025764,0.758471429,-0.113033533
determinant_negatif,1.48515034,1.6111939,-1.78811312,-0.941930532,1.12878013,-1.31758571,0.463275433,0.357024193,-0.739202738,3.19401622,1.59234297,-0.218149617
determinant_negatif,-1.2998755,0.883730173,0.718806028,1.12946296,-0.0395917892,1.7355957,-1.56017637,-0.528901339,1.64996052,2.72604179,2.07136059,-0.995641232
determinant_negatif,0.744066715,0.692821503,0.410465002,0.183971882,0.100824118,-0.502637625,1.56166577,-1.46056056,-1.98733091,2.95534849,1.07346845,-0.365891963
determinant_negatif,0.830073357,-0.871553659,1.25462317,0.153108835,-1.49672461,-1.28682709,0.0217297077,-1.63146591,0.0606153011,2.44415998,1.85129225,-0.454844803
determinant_negatif,0.59038043,-0.600353241,-0.0884680748,1.15736747,1.25880694,-1.60188103,-0.19645524,-1.1799233,0.234611988,2.52699947,1.09971583,-0.312523931
determinant_negatif,-1.99358892,-1.98899603,-0.508058548,-0.537198067,-0.835287333,-1.44483829,-1.46797585,-0.758754492,-0.983240843,3.6479063,1.17901838,-0.51243484
determinant_negatif,-0.0838923454,-1.66211128,-0.792969942,0.963823557,-0.128670692,0.70160079,1.16148067,0.873103142,-1.70034647,2.24326372,1.8627398,-1.15615845
determinant_negatif,-1.93815708,-1.78410959,-1.53935051,1.46166801,-1.0002358,0.0454349518,1.26648927,0.475785971,-0.138748884,3.27551746,1.77837145,-0.637265861
determinant_negatif,-0.789577723,1.67358208,1.86679029,1.1565938,-0.872596264,-0.851567507,0.355511904,1.38144851,1.97366667,3.74776626,1.27003276,-0.0702145547
determinant_negatif,-1.53310084,1.52437758,-1.85553002,0.145319223,0.434152365,1.96149802,0.63302803,-0.805479288,0.682297468,3.34546423,1.57834089,-0.0771858469
determinant_negatif,-1.16519856,0.748832703,-0.377615213,1.40041518,-0.662026882,-0.711297989,0.623945236,0.699944735,-1.04182553,2.15288424,1.47118139,-0.362992138
determinant_negatif,0.13540411,0.33705163,0.612734318,-1.84762931,-1.1883769,1.50979376,-1.65071654,0.812815666,-0.617666006,2.73275852,1.86039639,-0.671441376
determinant_negatif,1.98829937,0.500647068,1.81676269,1.61678243,1.76212263,1.62906027,1.24451041,-1.45779967,-1.1175468,3.92033648,2.24381542,-0.629808545
determinant_negatif,-1.419698,0.130530834,1.04779458,-1.10278964,1.82751966,-0.961298227,0.666054487,0.443806887,-0.354732037,2.39271021,1.87714815,-0.358052969
determinant_negatif,-1.83666587,0.733892441,1.87783408,-1.08475375,1.67469263,1.99186516,0.476929903,0.275659323,-0.0616896152,3.8329885,0.999658942,-0.0561288968
determinant_negatif,1.72674394,-0.135522366,-0.276808023,1.52879906,1.71255898,0.754407406,0.657258272,0.887555122,-1.04217172,2.80833459,1.41642308,-1.15269935
determinant_negatif,-0.21263504,1.80400801,-0.284136295,0.583922625,1.83734059,0.710260868,1.29875636,1.5884552,1.64169478,3.46735239,1.5761168,-0.00957414228
determinant_negatif,-0.103120327,1.52247524,1.54702139,1.58674383,-1.03636074,1.48695612,-1.15345192,-0.0439076424,-0.702839375,2.75829816,2.11838388,-0.505253971
determinant_negatif,0.638977528,-1.10805631,0.253452063,-0.868835211,-1.72220874,-0.289756536,-0.383339405,1.49948335,1.94554353,2.92658925,1.42398632,-1.04548168
determinant_negatif,1.65348506,-0.700050592,0.957430363,1.72917008,-0.540143728,-0.78381896,0.801338196,-1.75930643,-0.758315325,2.99444818,1.55356765,-0.98435992
determinant_negatif,-0.999464273,-0.303116322,-0.741751194,-1.08265376,0.513629913,-0.279397011,-1.04650784,-1.48518777,-0.00555086136,2.11495829,1.33558834,-0.446283072
determinant_negatif,-1.72557354,1.52846265,-0.526567221,-1.83903837,1.8493576,1.68877935,-1.94067264,-1.21476889,1.56256104,3.8732419,2.52302027,-1.24942911
determinant_negatif,1.53695488,-0.500665426,-0.396547318,-1.24192739,1.33102822,-1.94008112,0.686662197,-1.71790886,-1.29623365,2.91174412,2.34144473,-0.995188177
determinant_negatif,-1.3126266,1.67219019,-1.89836311,-1.01793051,-0.656600714,-1.02343965,1.82042766,-1.25671554,-0.768864155,3.25452113,1.99308252,-1.24815178
determinant_negatif,-1.57650709,1.27562833,-1.11185646,1.54985547,0.0147101879,0.196512699,-1.321908,-1.78603816,1.41006422,2.84066749,2.57645297,-0.0886789262
determinant_negatif,-1.97741842,0.190672874,-1.46392679,0.844962358,-0.827336311,1.44238067,-1.15609765,-1.74226213,-1.54155636,3.52881956,1.86971772,-0.607086599
determinant_negatif,1.13855958,0.472537756,0.611313581,-0.467054844,-0.265519857,0.663382292,1.55155945,1.27640271,-0.838948727,2.47282243,1.10035324,-0.191777095
determinant_negatif,-0.168504,1.97094917,0.0301761627,0.947042227,-1.58051515,-1.93315578,1.86450958,0.014960289,-1.00042176,3.31158471,1.96567988,-0.83242172
determinant_negatif,0.458586454,0.138825417,0.758696795,-0.671045303,0.878903151,-0.25108552,0.232433558,1.83081365,-1.1065588,2.33228087,0.90700233,-0.677643538
determinant_negatif,-0.46034503,1.76880264,-1.58608317,0.786665678,-0.145591497,-1.05263996,-0.592193365,0.710712671,1.95154762,2.81472993,2.03562427,-0.449671566
determinant_negatif,1.68771052,-0.670637846,1.54994059,-0.425942421,-0.37941432,-0.145140648,1.84677124,0.793263435,1.80601072,3.48258114,1.08731043,-0.194355413
determinant_negatif,0.667688847,-0.864326954,1.77883673,0.516488791,1.65599251,0.336778402,0.657573462,0.535310984,0.0275361538,2.1388638,1.85411477,-0.432273716
determinant_negatif,0.869131804,1.30326033,-1.92387104,1.34374857,-1.57965779,1.31829214,0.562066317,1.36861634,1.38056016,3.09554601,2.00937533,-1.6337111
determinant_negatif,-1.89827085,-1.69871998,1.93277359,0.563857555,1.83861661,1.26134586,0.257513762,1.01050639,1.97225475,3.2861042,3.0999279,-0.288664669
determinant_negatif,1.26815891,1.08218813,0.663426161,0.0695207119,0.941381216,-0.442675829,0.912884951,-0.371452808,-1.97203207,2.24916291,1.85081196,-0.826131821
determinant_negatif,0.0632083416,-1.26733756,1.97520995,-1.14202452,-0.0381588936,-0.844312906,1.3436842,1.90132952,1.25449514,2.89969134,2.38743758,-0.645266354
determinant_negatif,1.95315433,-1.71437502,1.17957497,-1.65197301,0.516230345,0.639240265,0.0802502632,-0.963568211,1.88248324,3.40112519,2.1108706,-0.0681719482
determinant_negatif,0.630108118,0.782491207,-1.42149663,1.77892041,-0.41172719,-0.733796835,1.59011912,0.664901018,0.871627808,2.53972244,1.75980747,-1.0419749
determinant_negatif,1.41889834,-1.64680576,-1.40058041,1.88231444,1.78371143,-0.419766426,-0.029897213,-1.60475492,-1.70565534,3.38583541,2.66503024,-0.711990416
determinant_negatif,1.88468695,-0.652828932,1.63825059,0.863835573,-0.180161476,-0.0684995651,-1.11558914,-0.507214308,1.38520217,2.66491461,1.93311977,-0.165310457
determinant_negatif,0.0174899101,-1.6206696,1.86846232,1.50760579,0.768421412,-1.87551951,0.994724274,-1.88930917,-1.63870764,3.47844577,2.62938881,-0.854403913
determinant_negatif,0.688535452,-0.823881149,-0.321547985,-0.513579607,-1.43449879,-1.59150529,-0.892924547,-1.59986591,-0.25244689,2.78172803,1.05526757,-0.82444483
determinant_negatif,-0.855551958,0.844507933,-0.96432972,-0.328311205,1.6810503,-1.73495984,-1.22210741,0.740111351,1.43568444,2.83921981,2.03425431,-0.471210659
determinant_negatif,-0.73991704,1.07729793,-1.96528339,1.65213227,-1.96167612,-1.68595529,-0.676966906,1.30085993,0.910493374,3.51021743,2.36028957,-0.278340697
determinant_negatif,0.189680099,0.496174812,0.676789761,-1.04392958,-0.0285828114,0.411050558,0.79121232,0.589510202,-1.8636086,2.29196286,0.920453727,-0.588241518
determinant_negatif,0.0902795792,1.05082679,0.0854158401,-1.86662531,-0.52100873,-0.178800821,-1.50642276,-1.3961401,-0.458065033,2.85637999,1.07437027,-0.150183678
determinant_negatif,1.29429698,-0.618662834,-0.74535656,0.367890358,-0.183625937,1.42504048,0.284997225,0.498499393,-1.09000778,2.00988984,1.44193029,-0.460792273
determinant_negatif,0.838941097,-0.0754227638,1.24732137,1.15583324,-1.15299416,-1.70596695,-1.60660052,1.23362422,1.71822047,3.56599641,1.47356749,-0.0923767164
determinant_negatif,0.206136942,1.60687733,1.7883532,-1.34546852,-1.70096874,-0.65132165,-1.82766318,0.420940876,-1.37379742,3.39558887,1.902825,-1.09756601
determinant_negatif,1.62273335,0.564612389,-0.977194309,-0.404028416,1.05429554,1.30220938,-0.841743231,1.7122674,1.36116505,3.03987622,1.73635089,-0.338950247
determinant_negatif,-1.21434379,-0.0821442604,-0.799894571,-0.0739798546,0.506920338,-0.781552792,-0.740690708,-1.11968517,1.50318694,2.20636344,1.47669327,-0.0877638832
determinant_negatif,1.70373535,1.77521873,0.866289616,-0.635823488,1.89181876,0.852674961,-1.79812622,0.0968308449,-1.85110927,3.46598983,2.26386762,-1.02270901
determinant_negatif,-1.10896778,1.57543468,1.38491321,1.59120131,1.27295208,-1.57151699,0.415712595,0.57021594,-0.354430199,2.90710235,2.10328221,-0.0180611573
determinant_negatif,1.34157825,-0.968697309,-1.48583746,0.759406328,-0.930287838,-0.763892889,0.723984003,1.37631488,1.92759609,3.2287879,1.60815072,-0.307225257
determinant_negatif,-1.13045979,1.18855524,-1.94078636,1.10927033,-0.925967932,-0.62934947,1.23579025,-0.645372152,-0.0331456661,2.81145239,1.70577037,-0.268509001
determinant_negatif,-1.547647,-1.18518686,1.96906805,1.05275941,-0.0776629448,-1.03451753,-0.555231333,-0.827872515,-1.50468755,3.12552595,1.7313602,-0.594044089
determinant_negatif,0.313883543,-1.99614024,1.94499922,1.90392947,1.99960375,-0.563362837,1.47810411,-0.641637087,1.03993344,3.58921838,2.56053233,-0.214468166
determinant_negatif,-1.41974688,-0.454174519,1.43273759,1.01310682,1.48335791,1.82670212,1.92004418,1.90648985,1.77709913,4.09846067,2.12364459,-0.101879984
determinant_negatif,0.151658773,1.67336655,-1.12800694,-1.50852752,0.231505156,0.483709812,0.134211779,-0.478601694,-0.303074121,2.05315065,1.61263454,-0.426250577
determinant_negatif,1.47892118,0.203848839,0.290616274,1.84042811,-0.263954401,0.208744287,-1.89752293,-1.38492823,1.08473825,3.19891739,1.48060524,-0.289232224
determinant_negatif,-0.720718861,-0.949128151,-0.247597456,-1.66092157,-0.118346214,1.90126705,0.885087967,-0.825440645,0.480839014,2.56281567,1.29788876,-1.14562976
determinant_negatif,-1.95161176,0.394052267,0.817255974,0.320750952,-0.383455753,0.54574132,1.87019873,-0.592728376,-0.890450001,3.04532671,0.722462952,-0.160094768
determinant_negatif,-0.73667407,0.841145277,0.446471453,0.509736538,-1.46855307,-1.95180011,-0.987874031,1.54086757,-1.83148909,2.72860169,2.61713767,-0.292228281
determinant_negatif,-1.44154954,-1.70955682,0.654355049,-1.02646708,1.10219359,-1.92188311,-0.523710489,1.01835775,1.61154461,2.78149819,2.15623069,-1.70683002
determinant_negatif,0.619905233,1.90071654,-1.75557184,-1.05272841,-0.253053427,0.511458874,-1.65243506,-1.18871212,-1.1651392,2.93506241,2.19932842,-0.749928296
determinant_negatif,1.75694394,-0.778250217,0.416042089,1.69922185,-0.963783503,-0.681414127,1.34655595,-1.70993805,-1.34712029,3.57597685,1.34649587,-0.312005877
determinant_negatif,1.97622371,-1.91087031,1.4800899,1.6325953,-0.136269093,0.301555634,0.665505886,-1.72143412,0.684912205,3.82282543,1.30439138,-0.286933094
determinant_negatif,0.318917513,-1.22207117,-1.41994333,-1.1998055,-1.87445617,-0.121677399,1.53390384,-1.64629245,-1.10042953,3.20411515,2.02936101,-0.684656739
determinant_negatif,-1.96002507,1.02264357,1.13002253,0.417272329,-1.76989293,-1.16268706,-0.0871117115,0.955868244,0.551491261,3.21513557,1.30783248,-0.0286443681
determinant_negatif,-0.367819071,0.747036934,0.0430142879,-1.766083,1.59056258,-0.325585604,0.168570042,-0.335348845,-0.505464554,2.53649426,0.597394168,-0.236295238
determinant_negatif,-1.73581791,1.84700584,-1.45962191,-0.194440603,0.654595852,0.242911577,-0.0865526199,-0.337658405,1.35268545,3.08170962,1.17603791,-0.38931036
determinant_negatif,-1.03715396,0.140957117,0.947688103,1.65076947,0.906548023,-1.93764973,1.14577317,-0.570534945,1.94664788,3.19350338,2.06644797,-0.504081905
determinant_negatif,-1.70539832,1.99576616,-1.97420239,0.326350927,-1.39738226,-1.27587199,0.30837369,0.865738153,-1.20937586,3.48579168,1.95179427,-0.907146871
determinant_negatif,0.471168041,-0.872858047,-1.44953775,0.502692699,-1.85087752,-0.355373621,1.19391918,-1.06267285,0.863384962,2.62596607,1.72057998,-0.577784836
determinant_negatif,0.0569882393,-0.76159358,1.18985796,-1.7660346,1.32996941,-0.0549163818,-1.38607812,0.89525485,0.645768881,2.805305,1.46319413,-0.137056783
determinant_negatif,-0.408883333,1.17382407,-0.904122829,-1.15128636,-1.29892969,0.953700304,0.452040911,-1.79353762,-1.85957646,2.64488602,2.26614809,-1.01636755
determinant_negatif,-1.94502473,-0.935088634,-0.238544464,-0.656133652,0.591083765,-0.683032036,-0.807102919,0.0788447857,1.29564905,2.30852222,1.48172832,-0.8788535
determinant_negatif,1.37402201,1.88873291,-0.391509771,0.461061239,1.22459173,-1.34263778,1.53995156,1.9179101,-1.57962871,4.0699544,1.00469339,-0.307448715
determinant_negatif,1.13305664,-1.25878382,-1.68118119,-1.84319401,-1.4357965,-1.36658216,0.299319983,-1.23700094,0.414021969,2.98274231,2.11314154,-1.20424461
determinant_negatif,0.0340163708,0.747548342,-0.200247049,-0.42594409,0.863497496,1.09559464,-1.79619575,1.89743423,-0.00917506218,2.84557414,1.0715884,-0.555458844
determinant_negatif,-0.915620327,-0.670115232,0.812114239,0.522825241,1.71387458,-1.82520127,-0.74514699,1.86026096,-0.724437952,3.30267692,1.43003786,-0.277415305
determinant_negatif,-0.29099369,-1.1049099,1.24535775,0.140520573,0.68437624,0.250091314,1.9331758,-0.800518036,1.28611183,2.63493609,1.44444394,-0.640200496
determinant_negatif,1.98728561,-1.09307432,-1.86542487,-0.307764292,-1.73906946,0.346862555,1.68819976,1.13415933,-0.971916437,3.3614161,2.35379457,-0.323744893
determinant_negatif,-0.469943285,-1.45458484,0.335773468,0.489807367,-0.466259003,-0.701324701,-1.42732239,-0.170720339,-0.0333557129,1.79099143,1.32509589,-0.708908141
determinant_negatif,-1.13734746,-0.704023361,1.46442604,1.45675325,0.344601154,1.10249949,1.77825284,-1.23889971,0.298384905,2.62421179,1.94088757,-1.23397481
determinant_negatif,-1.38945699,-1.50436807,-0.609293461,-1.31651831,-0.351302147,1.95629573,1.7280724,0.90226078,-0.793517113,3.28442335,1.96530879,-0.169648796
determinant_negatif,-1.80288506,1.47033739,0.815123796,0.0212368965,-0.351307869,1.54249477,-0.771166563,0.807815075,-1.38375688,2.58931684,2.24245954,-0.0934429541
determinant_negatif,0.833555698,1.3596158,0.0751898289,-1.74463463,1.36121607,-0.840658188,0.982300997,0.77446866,-1.62940502,2.50106192,2.16176629,-1.20146644
determinant_negatif,-1.35637903,0.547103405,0.0327394009,-0.245164394,-1.95318961,1.92875957,0.796097994,-1.44805622,-1.73451757,2.7994833,2.54217863,-1.08385336
determinant_negatif,1.08808398,-0.75788188,-0.904390335,-0.558162689,1.89496279,-0.107339859,-0.971949816,-0.246773481,-0.420869112,2.31054401,1.22284269,-0.915937901
determinant_negatif,1.23483443,1.68719673,-1.23871517,-1.3512733,1.48698545,-1.44393587,-1.03019738,-0.254853487,-0.890601158,2.98218393,2.16381836,-0.609733343
determinant_negatif,-1.77314568,-1.65278172,0.655947447,-1.91343737,-1.03703547,0.376050711,-1.52389383,1.45253563,-0.362016678,3.33382702,2.15143347,-0.0648079962
determinant_negatif,0.337765694,-0.13620162,-1.14706063,-1.31806064,-1.63792062,-1.83385897,0.79838562,-0.343777657,0.887080908,2.9945538,1.0088048,-0.888237834
determinant_negatif,1.03810525,-1.30987334,1.49679899,-1.88723874,-1.60980701,-0.366866112,-0.0987017155,-0.330874681,0.946388245,2.53172612,2.36759496,-0.566837132
determinant_negatif,0.824009418,-0.501464605,1.23977995,1.73376727,0.442149639,-0.591701031,-1.55647779,-0.538616419,0.730326653,2.60980797,1.56623709,-0.0312978514
determinant_negatif,-1.16241693,1.93670654,1.84007359,1.62233829,-0.174050808,1.4866755,0.281568527,-0.791319609,-0.187327862,3.01862288,2.20725083,-0.341926247
determinant_negatif,1.00315261,-0.988323927,1.4044137,1.24165034,0.713304758,-1.88611531,0.997753143,-0.760973692,-1.81533575,3.17773294,1.87092018,-0.91384542
determinant_negatif,0.377091169,-0.196722507,-1.42287755,-1.48077798,-1.33638,-1.56088853,-0.636902332,-0.590075731,0.751445055,2.676615,1.64429605,-0.266444117
determinant_negatif,-0.249161482,-0.93704772,-1.62206459,-1.76337576,0.961458206,1.06593227,-1.19730043,-1.53068757,-0.90166235,2.87995815,2.16192293,-0.602328241
determinant_negatif,1.27937722,-1.19095659,-0.135863543,0.759101629,0.135825634,-1.95710897,-1.03089523,-0.779551506,-1.30858111,2.42181015,1.83592153,-1.28283298
determinant_negatif,-0.404714108,1.29200459,1.34098768,1.19337654,-0.43842268,1.10943913,-1.95492244,-0.146562815,-0.590614557,2.56522775,1.89395833,-0.709288955
determinant_negatif,1.45803094,-0.00430369377,1.70492816,1.79601908,-0.686622858,1.76413703,-1.10122204,-1.27650404,-0.142947912,3.48639393,1.56361246,-0.323616922
determinant_negatif,-1.25941396,-1.28269458,-1.34647441,1.53601146,1.15568757,-0.648038149,-1.97591186,0.304687023,-1.49129128,3.32529664,1.77932048,-1.07552409
determinant_negatif,0.378877878,0.151838303,0.0599513054,-1.0097518,-1.37389731,-1.63057423,1.96400237,-0.560487986,-1.30958724,2.581146,2.22701216,-0.0271212142
determinant_negatif,-0.903169632,1.00602937,0.0444171429,1.16545129,1.91693425,-1.41934538,1.50278163,-1.73265386,0.509093285,3.0922606,2.18569946,-0.239788756
determinant_negatif,-0.0489649773,1.72793984,0.515531778,1.50749207,0.568744183,-0.422915936,-0.0198204517,-0.795812845,1.43191195,2.12523437,1.5987879,-1.28068173
determinant_negatif,-1.64857197,1.00701332,0.850164175,0.327143192,1.89143085,-1.52527761,0.149952412,0.801287651,-0.00603914261,2.5421989,2.11997724,-0.41611883
determinant_negatif,0.811053038,-1.25072575,0.193945646,0.535152674,-1.63780499,0.361748934,0.589423895,-0.607732058,1.79630375,2.68551826,1.41402006,-0.302319556
determinant_negatif,-1.89566708,-0.0896160603,0.194893837,1.62578845,0.379739285,-1.99098825,1.16987967,0.933445454,1.16666865,3.04129887,2.09564662,-0.592296362
determinant_negatif,1.19943619,-0.895127535,-1.96055675,0.846886158,-1.95930648,0.425064087,0.44327426,1.38305044,1.15679884,3.07946539,1.83767283,-1.18651378
determinant_negatif,-0.817365885,1.10602164,1.64827204,1.11831188,0.974824429,-0.555974722,0.419953346,-1.53089643,1.6189518,2.56531978,2.05635643,-1.20404577
determinant_negatif,-1.94865775,-0.972065449,-0.75124526,1.82707286,-0.651249409,-0.758546591,-1.33771563,-0.680396318,-0.655096292,3.08075953,1.68201542,-0.0747029334
determinant_negatif,-1.24164438,0.343536377,1.22740221,0.0811171532,-0.897423267,-0.722290754,-0.678967237,0.997309923,-0.342607737,2.05414486,1.13796878,-0.747252345
determinant_negatif,0.859162092,-0.265086889,-0.877214193,-0.354636908,-0.707086563,0.0149745941,0.849919319,-1.2580514,1.48459554,2.15040112,1.25089884,-0.723882318
determinant_negatif,1.27714014,1.01112652,1.19325233,-1.81489396,-1.59550071,-1.39767814,-1.19871521,1.57878208,1.51899314,3.63473988,2.20473957,-0.186770588
determinant_negatif,1.30135584,-1.50110507,-1.82396603,1.79145098,0.658509016,1.27759123,1.82210183,-0.209641695,-1.14577341,3.30665112,2.45060921,-0.535013497
determinant_negatif,1.49988079,1.65085626,1.9574585,-0.0526275635,0.442568064,1.21816707,0.451593637,0.825642109,1.01770806,3.43798757,0.759224832,-0.119788975
determinant_negatif,1.18254113,-1.07144427,1.06710076,-1.33150077,-1.17852855,1.03832293,-0.00176405907,-0.620380878,1.84165668,2.83521914,1.77987921,-0.703687727
determinant_negatif,-1.4597187,-0.62586832,-0.740489244,1.88194823,-0.565452576,0.332646608,-1.86091042,0.15355444,-0.791838646,3.20561576,0.918978274,-0.189777881
determinant_negatif,0.631029844,0.123425245,1.26335645,1.87549233,-0.423167467,1.61255884,-1.86818337,0.0480031967,0.835225105,2.97302532,1.88768959,-0.306844383
determinant_negatif,1.62271833,1.82466698,-0.382781506,0.499946594,-1.0783174,-1.24634218,-1.0692873,-1.00703001,0.649261951,2.9303329,1.74606085,-0.136662036
determinant_negatif,1.6390028,0.00428128242,-1.94575167,0.635803223,0.194986582,0.744303703,1.36528945,1.91070867,0.868942261,2.67195654,2.50184703,-0.582962036
determinant_negatif,-1.78384185,-0.772073507,0.13071084,-1.12286901,-1.2358582,1.16940808,0.530134916,-0.671163321,0.208742857,2.66300702,1.19916832,-0.443211377
determinant_negatif,-0.618060112,0.34304142,-0.187972784,-0.790178537,1.60918093,0.559373856,-0.752691984,-1.31797051,1.75300121,2.36421347,1.89390278,-0.511845589
determinant_negatif,1.99228501,-1.84295249,1.35377741,0.265556812,0.229995012,1.54824209,1.22628164,0.706994295,-0.725783348,3.13987088,1.711712,-1.20850301
determinant_negatif,-1.0089128,1.75061512,0.992763996,-1.15253401,0.40836525,-0.976017714,-0.260109186,1.40396595,1.40279531,2.95040035,1.678146,-0.0376990698
determinant_negatif,0.946886539,-1.29615474,-0.373754025,-0.872848988,-1.74921751,-1.17264438,-1.49979973,-1.8857789,-0.230687618,3.30939722,1.54481149,-0.658217967
determinant_negatif,-1.92555594,-0.67562294,0.504225254,-0.62406826,0.0703952312,-0.838995218,-0.706995249,-0.178079367,1.55035472,2.46170759,1.52815413,-0.238117352
determinant_negatif,-0.651833296,0.680650234,0.191785097,1.99341726,1.094069,-1.32537627,-0.697844982,1.64852881,0.822172642,2.70235777,2.08248448,-0.305612236
determinant_negatif,-1.44241095,0.114964008,-0.922836304,1.36050463,-0.332852125,-1.72717524,-1.45041299,1.68681097,0.865633011,3.106884,1.71626246,-0.995165884
determinant_negatif,0.224680185,1.66097307,0.556460381,-0.148369312,-1.15434813,0.588279963,-0.980880499,0.942369223,-0.585053444,2.24696398,1.24868858,-0.635587215
determinant_negatif,-1.37594485,1.69315696,1.47782755,-1.32418323,-1.56197548,1.00549698,-1.09608507,1.66542768,-0.323937178,3.10490036,2.40037441,-0.908854961
determinant_negatif,0.261169434,1.44455099,0.207580328,0.871273518,-0.446460009,-0.873343706,-1.37828445,-0.29771018,1.98251748,2.70548654,1.55957258,-0.293173254
determinant_negatif,-1.94770575,0.0807175636,-0.0991268158,-1.1313858,-1.65594554,0.973994255,-0.284220219,-1.82773042,-1.561553,2.82977676,2.10780144,-1.47990441
determinant_negatif,1.32621861,1.8219192,1.35236883,0.0922718048,1.33146381,1.65287185,1.38972592,1.91053534,-0.521625996,3.68967366,1.85903835,-0.452001035
determinant_negatif,0.550612926,-1.94253063,-0.772182226,1.39185023,-0.272684097,0.891900539,-1.49234939,-0.124614716,-1.92008424,2.91237879,2.20178461,-0.281975895
determinant_negatif,0.922365665,-1.01403236,-1.62270379,1.7930131,0.114623308,0.754907608,-0.83489418,1.80565548,1.89047766,3.44802928,1.9562732,-0.354317993
determinant_negatif,0.24946785,1.42847157,1.84302497,0.933102608,1.5698216,1.73499036,1.48563313,0.612626791,0.756840467,3.68055606,1.19936144,-0.122398131
determinant_negatif,1.60351944,-1.02774739,-0.699047089,0.288397074,0.931186676,1.21119761,0.945667505,1.03764558,-1.92660069,2.72244906,1.76881444,-1.29454267
determinant_negatif,0.906996489,-0.555761337,-0.498940706,-1.92226934,-1.4414525,1.98836803,1.15766597,1.51121306,-0.966709614,3.77937961,1.14826477,-0.251453429
determinant_negatif,0.171243429,-1.40986276,1.16222477,-1.10821319,-1.19494581,-0.301789522,0.0597894192,1.71155047,-0.429714918,2.69019914,1.37146676,-0.33831197
determinant_negatif,-1.14923191,-1.35918117,-1.40092754,1.11422181,1.80528712,-0.802654266,-1.23389649,-1.15590787,1.4470787,3.2906251,2.06755924,-0.353774995
determinant_negatif,0.233154774,-1.54080725,-0.358745575,1.47869229,1.68114376,0.397735119,1.52025056,1.3988235,-0.0665974617,3.22995305,1.22278094,-0.269497782
determinant_negatif,1.46939468,-0.562945127,0.385493994,-0.69792819,1.67077661,-0.929745674,-0.34179306,-0.178191185,-0.850260258,2.4558475,1.00572681,-0.772335708
determinant_negatif,1.2199142,-0.335678101,-0.756973743,1.65627074,-1.23962379,1.29664993,0.0980648994,1.33314776,1.72386241,2.54679394,2.35527205,-0.927478611
determinant_negatif,0.305551291,0.805115938,1.58730912,0.0734329224,1.1722579,-0.0145008564,1.85021091,-0.798218489,-1.07479334,2.55597258,1.52832603,-0.993856966
determinant_negatif,1.61869359,-0.530161619,-1.63805485,0.0287673473,1.47929597,-1.06932354,0.493179321,0.423819065,-1.52249384,2.90368485,1.77307856,-0.287582397
determinant_negatif,0.150156736,0.915045738,-1.23464322,-1.58331728,-0.973248959,1.32614493,1.50063014,-0.728707314,-0.853525639,2.90340948,1.54924929,-0.52765435
determinant_negatif,-1.87079239,-0.553792477,-1.46518946,-1.11893559,0.542512178,0.0292963982,0.650401831,-1.72700286,0.986605644,2.8144505,1.82883751,-0.783389807
determinant_negatif,1.6936264,0.880981445,-0.822129965,0.638079643,1.54585719,1.06495547,0.00951981544,-0.300342798,-1.40060186,2.41958237,2.06448245,-0.432275653
determinant_negatif,-0.956834555,-1.01174235,1.64950633,-1.29891777,-1.92714405,1.39764714,0.533753157,1.1483047,-0.915481091,3.74826312,0.603192568,-0.206876919
determinant_negatif,0.984781265,-0.291375875,-0.621665001,-1.90066242,0.992774725,-1.73607659,-1.63058496,-0.594549417,-1.92655349,3.62165189,1.37574029,-0.876426339
determinant_negatif,1.85945821,-0.560762167,0.207454443,-0.529896736,0.0270311832,1.92555094,-0.726699352,1.44611239,-0.973237514,2.49659276,2.11475515,-0.815906405
determinant_negatif,-1.81963229,-1.91606021,0.293799877,-0.908180714,-1.27502108,-0.203558445,-1.97605014,1.20820093,1.44430804,3.19501877,2.6024704,-0.173572674
determinant_negatif,-1.65060806,0.23739028,0.87091136,0.660793304,1.57848096,1.74825859,-1.74708819,-1.38903308,-0.471994877,3.14766979,2.17939091,-0.266358346
determinant_negatif,-1.01698112,-1.78890181,0.290495634,0.963450432,1.81429577,-1.55961895,-0.942867279,-0.678992271,-0.753345251,3.2785058,1.44236231,-0.24428156
determinant_negatif,1.11746311,1.01960421,0.903458834,-0.709975481,1.80753517,0.917008877,-0.952584982,1.0685811,-0.772839069,2.51829767,1.88607681,-0.681295156
determinant_negatif,-0.287589073,-0.953027487,1.55971503,1.69907475,-1.92411542,-1.28182459,0.342725515,-1.61958623,0.932713032,3.06513357,2.42288494,-0.0298045687
diagonale_positive,1.03798759,0,0,0,0.695768714,0,0,0,0.490490645,1.03798759,0.695768714,0.490490645
diagonale_positive,2.61572599,0,0,0,2.5800488,0,0,0,2.18949556,2.61572599,2.5800488,2.18949556
diagonale_positive,0.107486226,0,0,0,0.43789807,0,0,0,2.59626484,2.59626484,0.43789807,0.107486226
diagonale_positive,1.58339,0,0,0,0.886935472,0,0,0,1.50071716,1.58339,1.50071716,0.886935472
diagonale_positive,2.7541635,0,0,0,0.527583301,0,0,0,2.17443728,2.7541635,2.17443728,0.527583301
diagonale_positive,2.49928784,0,0,0,2.09854984,0,0,0,1.20002186,2.49928784,2.09854984,1.20002186
diagonale_positive,1.19595873,0,0,0,2.38581324,0,0,0,0.278208822,2.38581324,1.19595873,0.278208822
diagonale_positive,0.676187694,0,0,0,2.59021902,0,0,0,1.04522026,2.59021902,1.04522026,0.676187694
diagonale_positive,0.612711251,0,0,0,0.385512739,0,0,0,1.21677577,1.21677577,0.612711251,0.385512739
diagonale_positive,0.530437708,0,0,0,1.90106404,0,0,0,2.74955034,2.74955034,1.90106404,0.530437708
diagonale_positive,1.54676116,0,0,0,0.427337855,0,0,0,0.69598186,1.54676116,0.69598186,0.427337855
diagonale_positive,0.38719359,0,0,0,0.521848917,0,0,0,2.92113185,2.92113185,0.521848917,0.38719359
diagonale_positive,0.469738752,0,0,0,2.03771019,0,0,0,2.68902349,2.68902349,2.03771019,0.469738752
diagonale_positive,0.402747899,0,0,0,0.194678575,0,0,0,3.01515007,3.01515007,0.402747899,0.194678575
diagonale_positive,3.03104258,0,0,0,0.541299939,0,0,0,0.695585966,3.03104258,0.695585966,0.541299939
diagonale_positive,2.39903688,0,0,0,0.430966884,0,0,0,0.204553932,2.39903688,0.430966884,0.204553932
diagonale_positive,1.83091497,0,0,0,1.9736253,0,0,0,0.339957744,1.9736253,1.83091497,0.339957744
diagonale_positive,1.74011147,0,0,0,1.90735972,0,0,0,0.724011302,1.90735972,1.74011147,0.724011302
diagonale_positive,2.65187979,0,0,0,2.02943826,0,0,0,0.243693978,2.65187979,2.02943826,0.243693978
diagonale_positive,1.95115888,0,0,0,2.49960566,0,0,0,2.49505496,2.49960566,2.49505496,1.95115888
diagonale_positive,1.28343236,0,0,0,2.72762203,0,0,0,0.57847178,2.72762203,1.28343236,0.57847178
diagonale_positive,1.63031471,0,0,0,0.628289342,0,0,0,1.57088554,1.63031471,1.57088554,0.628289342
diagonale_positive,2.85629344,0,0,0,1.96478724,0,0,0,0.431817144,2.85629344,1.96478724,0.431817144
diagonale_positive,2.28762269,0,0,0,2.70034838,0,0,0,1.16851342,2.70034838,2.28762269,1.16851342
diagonale_positive,1.73273385,0,0,0,1.61392558,0,0,0,0.217168361,1.73273385,1.61392558,0.217168361
diagonale_positive,1.85531247,0,0,0,1.49342835,0,0,0,3.06513405,3.06513405,1.85531247,1.49342835
diagonale_positive,2.55234838,0,0,0,1.86313653,0,0,0,2.27860832,2.55234838,2.27860832,1.86313653
diagonale_positive,0.772559643,0,0,0,1.56634724,0,0,0,1.86396945,1.86396945,1.56634724,0.772559643
diagonale_positive,2.68014956,0,0,0,2.55849862,0,0,0,0.461094171,2.68014956,2.55849862,0.461094171
diagonale_positive,2.67221069,0,0,0,2.82982302,0,0,0,2.50075102,2.82982302,2.67221069,2.50075102
diagonale_positive,2.63932323,0,0,0,2.76462817,0,0,0,2.22483039,2.76462817,2.63932323,2.22483039
diagonale_positive,1.10429895,0,0,0,2.55366302,0,0,0,1.62271178,2.55366302,1.62271178,1.10429895
diagonale_positive,1.7314465,0,0,0,2.43877316,0,0,0,2.12548709,2.43877316,2.12548709,1.7314465
diagonale_positive,0.893349707,0,0,0,1.78179407,0,0,0,1.21474433,1.78179407,1.21474433,0.893349707
diagonale_positive,1.16628563,0,0,0,2.59346676,0,0,0,1.80658233,2.59346676,1.80658233,1.16628563
diagonale_positive,2.41025686,0,0,0,0.872395933,0,0,0,3.01359844,3.01359844,2.41025686,0.872395933
diagonale_positive,1.4208374,0,0,0,3.08792186,0,0,0,0.942326128,3.08792186,1.4208374,0.942326128
diagonale_positive,0.822233617,0,0,0,0.468663186,0,0,0,2.80134964,2.80134964,0.822233617,0.468663186
diagonale_positive,1.06558537,0,0,0,0.383546323,0,0,0,2.65596151,2.65596151,1.06558537,0.383546323
diagonale_positive,2.2294004,0,0,0,1.24324226,0,0,0,0.760298014,2.2294004,1.24324226,0.760298014
diagonale_positive,2.34401083,0,0,0,1.00093341,0,0,0,0.625593543,2.34401083,1.00093341,0.625593543
diagonale_positive,2.93896341,0,0,0,1.37325728,0,0,0,0.889453709,2.93896341,1.37325728,0.889453709
diagonale_positive,0.444568187,0,0,0,2.11953354,0,0,0,0.515863121,2.11953354,0.515863121,0.444568187
diagonale_positive,0.634385467,0,0,0,1.95230901,0,0,0,0.380169779,1.95230901,0.634385467,0.380169779
diagonale_positive,1.92244542,0,0,0,1.11795104,0,0,0,0.740115643,1.92244542,1.11795104,0.740115643
diagonale_positive,1.97258818,0,0,0,1.52326953,0,0,0,0.843835413,1.97258818,1.52326953,0.843835413
diagonale_positive,2.68991852,0,0,0,1.00050628,0,0,0,0.622604489,2.68991852,1.00050628,0.622604489
diagonale_positive,2.22618937,0,0,0,0.157631546,0,0,0,0.408388048,2.22618937,0.408388048,0.157631546
diagonale_positive,2.05598521,0,0,0,1.44071519,0,0,0,0.260494441,2.05598521,1.44071519,0.260494441
diagonale_positive,2.92520332,0,0,0,3.03982067,0,0,0,1.29091489,3.03982067,2.92520332,1.29091489
diagonale_negative,-1.92886078,0,0,0,-1.40260303,0,0,0,1.5111891,1.92886078,1.5111891,1.40260303
diagonale_negative,-2.31461287,0,0,0,-1.38997757,0,0,0,2.43703437,2.43703437,2.31461287,1.38997757
diagonale_negative,-1.81921196,0,0,0,-2.40881896,0,0,0,0.37187317,2.40881896,1.81921196,0.37187317
diagonale_negative,-3.09360075,0,0,0,-2.89005709,0,0,0,0.314353198,3.09360075,2.89005709,0.314353198
diagonale_negative,-1.97692621,0,0,0,-3.04675961,0,0,0,0.651935339,3.04675961,1.97692621,0.651935339
diagonale_negative,-2.95056868,0,0,0,-1.78774297,0,0,0,2.65641642,2.95056868,2.65641642,1.78774297
diagonale_negative,-0.499769479,0,0,0,-1.46237659,0,0,0,0.152658015,1.46237659,0.499769479,0.152658015
diagonale_negative,-2.71270704,0,0,0,-1.9915508,0,0,0,0.762497246,2.71270704,1.9915508,0.762497246
diagonale_negative,-2.04544997,0,0,0,-2.47496724,0,0,0,1.8510896,2.47496724,2.04544997,1.8510896
diagonale_negative,-0.655714929,0,0,0,-0.650449574,0,0,0,2.54608583,2.54608583,0.655714929,0.650449574
diagonale_negative,-1.91028965,0,0,0,-1.94358742,0,0,0,0.26953277,1.94358742,1.91028965,0.26953277
diagonale_negative,-0.394093663,0,0,0,-1.92771494,0,0,0,2.78595853,2.78595853,1.92771494,0.394093663
diagonale_negative,-1.76205099,0,0,0,-1.83387148,0,0,0,2.06576419,2.06576419,1.83387148,1.76205099
diagonale_negative,-2.06874466,0,0,0,-2.78642654,0,0,0,0.950530112,2.78642654,2.06874466,0.950530112
diagonale_negative,-2.65107417,0,0,0,-2.71490645,0,0,0,3.04196239,3.04196239,2.71490645,2.65107417
diagonale_negative,-1.73560214,0,0,0,-3.02872276,0,0,0,1.36336076,3.02872276,1.73560214,1.36336076
diagonale_negative,-2.41695881,0,0,0,-1.70284522,0,0,0,2.96925879,2.96925879,2.41695881,1.70284522
diagonale_negative,-2.209939,0,0,0,-2.70185161,0,0,0,2.18514347,2.70185161,2.209939,2.18514347
diagonale_negative,-2.28274703,0,0,0,-1.17273128,0,0,0,0.326152593,2.28274703,1.17273128,0.326152593
diagonale_negative,-1.25577486,0,0,0,-0.247149557,0,0,0,1.78671443,1.78671443,1.25577486,0.247149557
diagonale_negative,-2.61279845,0,0,0,-2.87322116,0,0,0,1.56896758,2.87322116,2.61279845,1.56896758
diagonale_negative,-2.3362906,0,0,0,-2.5438199,0,0,0,1.27124488,2.5438199,2.3362906,1.27124488
diagonale_negative,-1.0387547,0,0,0,-1.11109793,0,0,0,1.29294956,1.29294956,1.11109793,1.0387547
diagonale_negative,-1.67091,0,0,0,-2.20055985,0,0,0,2.70997405,2.70997405,2.20055985,1.67091
diagonale_negative,-2.84598017,0,0,0,-0.126037627,0,0,0,0.363284379,2.84598017,0.363284379,0.126037627
diagonale_negative,-2.23145819,0,0,0,-2.68443418,0,0,0,0.983536661,2.68443418,2.23145819,0.983536661
diagonale_negative,-2.479038,0,0,0,-0.725192368,0,0,0,1.04661775,2.479038,1.04661775,0.725192368
diagonale_negative,-0.136413842,0,0,0,-1.16564977,0,0,0,2.78977156,2.78977156,1.16564977,0.136413842
diagonale_negative,-0.239384383,0,0,0,-2.83674526,0,0,0,0.147221714,2.83674526,0.239384383,0.147221714
diagonale_negative,-0.284252197,0,0,0,-1.53101826,0,0,0,1.66544592,1.66544592,1.53101826,0.284252197
diagonale_negative,-0.386618882,0,0,0,-0.557723284,0,0,0,0.682005405,0.682005405,0.557723284,0.386618882
diagonale_negative,-2.37606239,0,0,0,-2.64030147,0,0,0,2.09617424,2.64030147,2.37606239,2.09617424
diagonale_negative,-1.81308508,0,0,0,-0.991392314,0,0,0,2.00089717,2.00089717,1.81308508,0.991392314
diagonale_negative,-0.450880677,0,0,0,-0.662437975,0,0,0,2.59366179,2.59366179,0.662437975,0.450880677
diagonale_negative,-2.58598518,0,0,0,-2.1227572,0,0,0,2.7039392,2.7039392,2.58598518,2.1227572
diagonale_negative,-0.120459713,0,0,0,-1.66998279,0,0,0,1.98361528,1.98361528,1.66998279,0.120459713
diagonale_negative,-2.83767319,0,0,0,-2.53088784,0,0,0,2.63448572,2.83767319,2.63448572,2.53088784
diagonale_negative,-1.87230408,0,0,0,-2.29397225,0,0,0,1.3741411,2.29397225,1.87230408,1.3741411
diagonale_negative,-2.3022275,0,0,0,-1.85175502,0,0,0,0.416180402,2.3022275,1.85175502,0.416180402
diagonale_negative,-1.95913613,0,0,0,-0.912508011,0,0,0,2.02010369,2.02010369,1.95913613,0.912508011
diagonale_negative,-0.30054161,0,0,0,-3.00113487,0,0,0,0.126043528,3.00113487,0.30054161,0.126043528
diagonale_negative,-0.635943294,0,0,0,-0.574928582,0,0,0,1.96927917,1.96927917,0.635943294,0.574928582
diagonale_negative,-2.74146128,0,0,0,-0.663979888,0,0,0,0.81962204,2.74146128,0.81962204,0.663979888
diagonale_negative,-0.729870141,0,0,0,-3.01046181,0,0,0,2.10777354,3.01046181,2.10777354,0.729870141
diagonale_negative,-1.891873,0,0,0,-2.84786201,0,0,0,0.811775327,2.84786201,1.891873,0.811775327
diagonale_negative,-0.577132642,0,0,0,-1.59139228,0,0,0,2.98739648,2.98739648,1.59139228,0.577132642
diagonale_negative,-0.757284462,0,0,0,-1.05811691,0,0,0,3.05192041,3.05192041,1.05811691,0.757284462
diagonale_negative,-1.27394211,0,0,0,-2.64179468,0,0,0,0.561042428,2.64179468,1.27394211,0.561042428
diagonale_negative,-0.178716213,0,0,0,-1.94750822,0,0,0,2.9433279,2.9433279,1.94750822,0.178716213
diagonale_negative,-1.88926136,0,0,0,-2.26319528,0,0,0,1.42680919,2.26319528,1.88926136,1.42680919
identite,1,0,0,0,1,0,0,0,1,1,1,1
nulle,0,0,0,0,0,0,0,0,0,0,0,0
rotation_pure,-0.0412625372,-0.799672484,0.599016964,0.667388916,-0.468226939,-0.57909888,0.743565261,0.375882238,0.553012729,1,1,0.999999881
rotation_pure,-0.227600217,0.966469467,0.118890256,0.720081151,0.249238968,-0.647582471,-0.65550077,-0.0617792606,-0.752663255,1,0.99999994,0.99999994
rotation_pure,0.37375778,-0.885323405,-0.276600093,0.237937838,0.379750669,-0.89396584,0.896487951,0.26831302,0.352586687,1,0.99999994,0.99999994
rotation_pure,-0.0477952659,0.939804673,0.338353068,-0.395577699,-0.32885325,0.857539415,0.917188048,-0.0928586423,0.387483329,1,0.99999994,0.99999994
rotation_pure,0.998205483,0.00183146168,0.05985412,-0.000799172733,0.999850631,-0.0172663238,-0.0598767996,0.0171875078,0.998057842,1,1,1
rotation_pure,0.875513494,-0.477349341,-0.0749258101,0.222732961,0.261088341,0.939267278,-0.428796321,-0.839029551,0.33490777,1,1,1
rotation_pure,0.756501138,-0.257412016,0.601202965,0.588285625,0.669440269,-0.453618467,-0.285702646,0.696842015,0.657864153,1,1,1
rotation_pure,-0.268942684,-0.946623445,0.177690208,-0.170775265,0.228431463,0.958464861,-0.947895348,0.227427006,-0.223094821,1,0.99999994,0.99999994
rotation_pure,0.537984312,-0.529127002,0.656199336,0.821229577,0.153397605,-0.549591839,0.190144479,0.834562004,0.51706022,1,1,0.99999994
rotation_pure,0.998920858,-0.036317192,-0.0289511066,0.0382873639,0.996763647,0.0706845671,0.026290359,-0.0717167407,0.997078538,1,1,1
rotation_pure,0.958879232,0.225664362,0.172122687,-0.258065492,0.94565326,0.197843716,-0.118122101,-0.234127149,0.965003431,1,1,1
rotation_pure,0.430075139,-0.722257495,-0.541645229,0.849627972,0.526657045,-0.0276530385,0.305233896,-0.448304057,0.840152204,1,1,0.99999994
rotation_pure,-0.311982989,-0.0595244467,-0.948221147,-0.943765879,0.134357333,0.302082866,0.109419167,0.989143491,-0.0980944037,1,0.99999994,0.999999881
rotation_pure,0.968177915,-0.108761474,-0.225394472,-0.245415404,-0.236196786,-0.940203369,0.0490204543,0.965599358,-0.255372226,1,1,1
rotation_pure,-0.430557579,0.465229213,-0.773422241,0.100202262,0.876259327,0.471305996,0.896983624,0.125425726,-0.423897058,1.00000012,1,0.99999994
rotation_pure,0.961580455,0.254072666,0.10397128,-0.180918768,0.871354342,-0.456081122,-0.206473589,0.419748336,0.883843839,0.99999994,0.99999994,0.99999994
rotation_pure,0.776647747,-0.210657969,-0.593667924,0.165799007,0.977556586,-0.129976153,0.607724488,0.00251612812,0.794143975,1,1,1
rotation_pure,0.905380845,0.388701409,0.170870423,-0.26189658,0.827985764,-0.495832384,-0.334209025,0.404166758,0.851442039,1,1,0.99999994
rotation_pure,0.169228941,-0.154270142,-0.973428071,-0.0210317895,0.986883283,-0.160058916,0.985352337,0.047559537,0.163764656,1,0.99999994,0.999999881
rotation_pure,0.927666306,0.235527784,-0.289761692,0.111263275,0.566393137,0.816590071,0.35644868,-0.789762974,0.499218255,1,1,0.99999994
rotation_pure,0.439645112,0.287148923,-0.85103333,-0.456654996,0.88737464,0.0635022372,0.773419976,0.360710204,0.521257937,1,1,1
rotation_pure,-0.462334931,0.813012898,-0.353915751,0.874982893,0.353620231,-0.330692619,-0.143705621,-0.462560982,-0.874863386,0.99999994,0.99999994,0.99999994
rotation_pure,0.426692516,0.874928772,0.228982687,-0.888616025,0.452678084,-0.0737840682,-0.168211251,-0.171994597,0.970630109,1,0.99999994,0.99999994
rotation_pure,0.64458102,-0.250115693,0.722466171,-0.214063421,0.848134339,0.484608024,-0.733956516,-0.467022747,0.493150681,1,1,0.99999994
rotation_pure,0.980620623,-0.114190727,0.159197092,0.133494601,0.984196901,-0.116342694,-0.14339605,0.135339975,0.980367661,1,1,1
rotation_pure,0.0346404836,-0.546900868,0.836480439,0.979483962,0.184838444,0.0802870393,-0.198522747,0.816537917,0.542083621,1,1,1
rotation_pure,0.919445872,-0.141986415,-0.366686732,0.205191955,0.968744159,0.139395222,0.335433394,-0.203407541,0.919842243,1,1,0.99999994
rotation_pure,0.44655785,0.89170742,0.0737838373,-0.891227722,0.450597405,-0.0517226793,-0.0793683007,-0.0426610298,0.995932102,1,1,1
rotation_pure,-0.289991796,-0.351858646,0.890000165,-0.946043968,0.245892584,-0.21104005,-0.144588053,-0.903179169,-0.404180467,1.00000012,1,1
rotation_pure,0.0432794578,0.454424202,0.889733434,0.159735218,0.875963867,-0.455161542,-0.986210704,0.161820918,-0.0346763097,1,1,1
rotation_pure,-0.99151957,0.0782807693,0.103735462,-0.126096457,-0.772629797,-0.622208118,0.0314421803,-0.630012155,0.775948405,1,0.99999994,0.999999881
rotation_pure,0.608068705,-0.678729117,0.411799997,-0.201890051,0.369456291,0.907051563,-0.767784357,-0.63468802,0.0876261443,1,1,0.99999994
rotation_pure,0.961889029,-0.198299289,-0.188273236,0.272720426,0.645811081,0.71312803,-0.0198238492,-0.737296045,0.675278902,1,0.99999994,0.99999994
rotation_pure,0.0318246484,0.790766418,-0.611290216,-0.302687943,-0.575254679,-0.759909272,-0.952558279,0.209213972,0.221048236,1,1,1
rotation_pure,0.857397377,0.511317253,-0.058518894,-0.501055241,0.855293512,0.131972224,0.117530502,-0.0838314295,0.989524603,1,1,0.99999994
rotation_pure,0.970097482,-0.0874910057,0.226398185,0.0395196937,0.977261603,0.208321586,-0.239476517,-0.193145052,0.951496661,1,0.99999994,0.99999994
rotation_pure,0.292804867,0.211574048,0.932470739,-0.887204051,0.423775107,0.182437807,-0.356558859,-0.880710602,0.311792731,1,0.99999994,0.999999881
rotation_pure,0.590356588,-0.782394528,-0.198337644,0.239432901,0.404422969,-0.882674336,0.770811915,0.473604083,0.426084757,1,1,0.99999994
rotation_pure,0.688875198,-0.087338239,0.719599009,-0.253063291,-0.959231079,0.125836045,0.67927146,-0.26878947,-0.682892799,1,1,0.999999821
rotation_pure,0.344136536,-0.663916826,0.663916051,-0.473567724,0.487840116,0.733311415,-0.810742676,-0.566768408,-0.146525979,1,0.99999994,0.99999994
rotation_pure,0.0321178436,-0.927067518,-0.373516202,-0.235643655,-0.370197743,0.898568749,-0.971308708,0.0591566861,-0.230347455,1.00000012,1,1
rotation_pure,-0.101731494,0.855489671,-0.507728338,-0.992031038,-0.0491051599,0.116030261,0.0743305981,0.515486181,0.853667974,1,0.99999994,0.99999994
rotation_pure,0.33683005,-0.917294741,0.212404758,0.85827744,0.206358358,-0.469868034,0.387176007,0.340567917,0.856801152,1,0.99999994,0.99999994
rotation_pure,0.735837519,0.65140909,-0.184957772,-0.637733042,0.758482993,0.134164646,0.227683395,0.0192302875,0.973545313,1,1,1
rotation_pure,-0.714030027,0.638175964,-0.287910908,0.601714015,0.349150658,-0.718355179,-0.357912689,-0.686167121,-0.633303463,1,1,1
rotation_pure,0.978490651,0.154257208,-0.13696979,-0.191012621,0.928254604,-0.319151372,0.0779114291,0.338449627,0.937753499,1,1,0.99999994
rotation_pure,0.990713596,0.119337715,0.0651544034,0.0964936689,-0.954718292,0.281428516,0.0957891345,-0.272528052,-0.957367718,1,1,1
rotation_pure,-0.587152481,-0.788132966,-0.18465735,-0.564762294,0.235423267,0.790961146,-0.579909921,0.56870234,-0.583337069,1,0.99999994,0.99999994
rotation_pure,0.207935184,-0.448745131,0.86913228,0.841596365,0.53489846,0.0748281479,-0.498476267,0.71589911,0.488886446,1,1,1
rotation_pure,0.998261571,0.0182081349,-0.0560558625,-0.0224228464,0.996893525,-0.0755015388,0.0545069911,0.0766272172,0.995568812,1,0.99999994,0.99999994
rotation_pure,-0.520288885,-0.369033426,-0.7701388,-0.387466758,0.905656934,-0.172206596,0.761031449,0.208805993,-0.614191413,1,1,0.99999994
rotation_pure,0.528322339,-0.845134556,-0.0813819468,0.294110954,0.272086263,-0.916224718,0.796476126,0.460126758,0.392312586,1,0.99999994,0.999999881
rotation_pure,0.987822533,-0.129095003,0.0868394077,0.104825862,0.964680851,0.241665825,-0.114970177,-0.229619935,0.96646601,1,1,1
rotation_pure,0.125296727,0.907161057,0.401695877,-0.984597385,0.163461477,-0.062034592,-0.121937186,-0.387735963,0.913669586,1,0.99999994,0.99999994
rotation_pure,-0.971587062,-0.1991335,-0.127923384,0.137585476,-0.914973497,0.379333287,-0.19258447,0.35095492,0.916374207,1,0.99999994,0.999999881
rotation_pure,0.995600104,-0.0818354785,-0.0456440374,0.0648340732,0.953296959,-0.294993937,0.0676532835,0.290736735,0.954408288,1,1,1
rotation_pure,-0.947357178,-0.223253101,0.229504913,-0.175730079,0.961743832,0.210161656,-0.267644137,0.158767223,-0.950347126,1,1,1
rotation_pure,-0.535329223,-0.471632928,-0.700703263,-0.844041944,0.267402172,0.464854091,-0.031870991,0.840272903,-0.541226149,1,1,0.99999994
rotation_pure,0.885037005,-0.458904862,-0.0782030523,0.166255608,0.154677629,0.973875701,-0.434820026,-0.874917805,0.213190943,1,1,0.99999994
rotation_pure,0.159123898,0.518517613,0.840130448,0.973254085,-0.225212693,-0.0453396738,0.165698677,0.824874997,-0.540486097,1,1,0.99999994
rotation_pure,-0.132860243,0.933808267,-0.332190096,-0.890595138,-0.259563088,-0.373453259,-0.434958041,0.246229768,0.86613071,1,1,0.99999994
rotation_pure,0.930438101,-0.155307263,-0.331910461,-0.0192178413,0.883821189,-0.467429906,0.365944773,0.44129321,0.819356263,1,0.99999994,0.99999994
rotation_pure,0.217139959,-0.709620833,-0.670289814,-0.508783698,0.503746271,-0.698125124,0.833060205,0.492623448,-0.251660079,0.99999994,0.99999994,0.999999881
rotation_pure,0.999583602,0.0243932772,-0.0154156918,-0.0262654107,0.990362883,-0.135983527,0.0119500542,0.136331797,0.990591168,1,1,1
rotation_pure,-0.246658623,0.941328883,0.230346113,0.639426351,-0.0205231905,0.768578351,0.728212476,0.336865842,-0.596848369,1,0.99999994,0.999999881
rotation_pure,0.346331775,0.00695833564,0.93808639,0.934697151,0.0826871693,-0.345693797,-0.0799731314,0.996551275,0.0221332312,1.00000012,1,1
rotation_pure,0.988759637,0.138063699,0.057382904,-0.148258954,0.954995513,0.256910294,-0.0193304215,-0.262530059,0.964730144,1,1,0.99999994
rotation_pure,-0.834308445,0.474707395,-0.280325443,-0.433246225,-0.879010022,-0.199095696,-0.340921074,-0.0446572825,0.939030707,1,1,1
rotation_pure,0.50968492,-0.710873663,0.484643996,0.2355216,0.657068253,0.716094136,-0.827496707,-0.25083828,0.502323925,0.99999994,0.99999994,0.99999994
rotation_pure,0.670268357,-0.498164803,0.550065577,-0.0367129147,0.718043685,0.69502908,-0.741210163,-0.486050516,0.462992877,1,1,0.99999994
rotation_pure,0.536286235,-0.808740377,-0.241528526,0.826901555,0.560795307,-0.0417421907,0.169206664,-0.177334562,0.969495535,1,1,0.99999994
rotation_pure,0.0768757313,-0.89549607,-0.438379884,0.800290763,0.317659438,-0.508554041,0.59466362,-0.311735898,0.741077542,1,1,1
rotation_pure,-0.606004775,0.519560337,0.602341413,-0.791832566,-0.321767688,-0.519101858,-0.0758907497,-0.791531801,0.606397629,1,0.99999994,0.99999994
rotation_pure,0.98387146,0.000813223422,0.178875044,-0.102386616,0.822536111,0.559420586,-0.146676257,-0.568712354,0.809353113,1,1,1
rotation_pure,-0.913483739,-0.399955183,0.0747214332,-0.329154879,0.834377408,0.442121506,-0.239174664,0.379275858,-0.893837452,1,1,0.99999994
rotation_pure,-0.265074104,-0.96420157,0.00714510679,0.744994283,-0.209503725,-0.633317947,0.612143099,-0.162553117,0.773858666,0.99999994,0.99999994,0.99999994
rotation_pure,0.999646544,0.0265352428,0.00165226322,-0.0260732621,0.990602672,-0.134263158,-0.00519943191,0.134172618,0.990944386,1,1,1
rotation_pure,0.996417046,-0.0669066533,-0.0517316908,0.0243632048,-0.358669102,0.933146656,-0.0809882879,-0.931063831,-0.355754018,0.99999994,0.999999881,0.999999762
rotation_pure,-0.684702635,0.0875492096,0.723545074,0.709128261,0.309252977,0.633640051,-0.168283761,0.946941257,-0.273829937,1,1,1
rotation_pure,-0.49442032,0.757943213,-0.425523877,-0.766130269,-0.611240685,-0.198567942,-0.410600722,0.227830693,0.882893026,0.99999994,0.99999994,0.99999994
rotation_pure,0.997558415,-0.0278062448,-0.0640622452,0.0240644664,0.997999847,-0.0584573001,0.0655595884,0.0567729473,0.996232271,1,0.99999994,0.99999994
rotation_pure,0.261341721,-0.00383117795,-0.96523875,0.388116151,0.916009963,0.101447999,0.883779585,-0.401137352,0.240878552,1,1,1
rotation_pure,0.998378098,0.00919141807,-0.056184981,-0.00634340709,0.99869585,0.0506598763,0.0565773435,-0.0502213053,0.997134328,1,1,1
rotation_pure,-0.375726879,0.814431489,0.442188412,-0.771373451,-0.539295673,0.33785072,0.513626575,-0.214152843,0.830858648,1,0.99999994,0.999999821
rotation_pure,-0.98949033,0.141711041,0.0287546329,-0.137784883,-0.863706112,-0.484795928,-0.0438653864,-0.483662844,0.874154508,1,1,0.99999994
rotation_pure,0.088898994,-0.378631175,0.921268404,0.853072822,0.506398797,0.125805944,-0.514163196,0.77472496,0.368018299,1.00000012,1,1
rotation_pure,-0.480536997,0.789420962,0.381966919,-0.723237514,-0.603069484,0.336503804,0.49599573,-0.114550285,0.860735953,1,1,0.99999994
rotation_pure,0.541086018,-0.82935667,-0.139260679,-0.775366545,-0.427870572,-0.46447131,0.325626791,0.359296948,-0.874570131,1,1,1
rotation_pure,0.941675961,0.334349662,-0.0381666161,-0.334135145,0.94244808,0.012056916,0.0400012769,0.00139909331,0.999198675,1,1,1
rotation_pure,-0.000751597807,-0.298081338,-0.954540193,0.514741898,0.818255305,-0.25592795,0.857344925,-0.491534203,0.152819961,1,1,1
rotation_pure,0.463947058,-0.754295409,0.464533716,-0.879758537,-0.330865324,0.341398656,-0.103817374,-0.567068398,-0.817101777,1,1,0.99999994
rotation_pure,0.980612397,0.114909701,0.158729687,0.0320385173,0.705104887,-0.708378911,-0.193320677,0.699730635,0.687753022,1,1,1
rotation_pure,-0.773387313,-0.582159698,0.250922501,-0.178044483,0.579357326,0.795389891,-0.608417749,0.570469022,-0.551718116,1,0.99999994,0.999999881
rotation_pure,0.791603863,-0.337613165,-0.509294212,0.466921687,0.87186265,0.1477824,0.394141316,-0.354785681,0.847808778,1,0.99999994,0.99999994
rotation_pure,-0.0932274684,0.703834176,-0.704220176,-0.802363634,0.365674078,0.471693754,0.589509249,0.609015584,0.530640185,1.00000012,0.99999994,0.99999994
rotation_pure,-0.48445937,-0.787399173,-0.381184399,-0.872163773,0.400839925,0.280459583,-0.0680397004,0.468326509,-0.880931854,1,0.99999994,0.999999881
rotation_pure,-0.799264431,0.492463768,0.344464362,0.100586191,-0.455468118,0.884551346,0.592502058,0.741638839,0.314504325,0.99999994,0.99999994,0.999999881
rotation_pure,-0.396964312,-0.811070323,-0.429632664,0.853607297,-0.498266459,0.151937932,-0.337303877,-0.306423604,0.890129566,1,1,0.99999994
rotation_pure,-0.0418366492,0.972140849,-0.230633497,-0.658871233,-0.200374603,-0.725078344,-0.751091421,0.12162295,0.648898602,0.99999994,0.99999994,0.999999881
rotation_pure,0.681713104,-0.672382712,0.288389802,-0.182912022,0.225026727,0.957029819,-0.708385766,-0.705169797,0.0304167941,1,1,0.99999994
rotation_pure,-0.895927668,0.0389245525,0.442491233,0.206978947,0.917984426,0.338325441,-0.393030941,0.394701481,-0.830504298,1,1,0.999999881
rotation_pure,0.569992661,0.54844135,-0.6118173,-0.769442856,0.0950968415,-0.631596565,-0.288211823,0.830763817,0.476198792,1,0.99999994,0.999999881
rotation_pure,0.580826402,-0.739672184,0.339890808,0.572322726,0.667984366,0.475650728,-0.578867376,-0.0817432851,0.811314106,1,1,0.99999994
rotation_pure,0.780362785,0.478488803,-0.402594477,-0.00760556757,0.65102911,0.759014606,0.625280738,-0.589244843,0.5116781,0.99999994,0.99999994,0.99999994
rotation_pure,-0.382493883,0.907750368,-0.172301188,-0.922667384,-0.385112673,0.0193176791,-0.0488197319,0.166365594,0.984854758,1,1,0.999999881
rotation_pure,0.393362522,-0.904062986,-0.167140871,0.917631388,0.397288561,0.0106970593,0.0567323491,-0.157581538,0.98587501,1,1,1
rotation_pure,0.998102725,0.0386995673,0.0478883125,-0.0403290689,0.998623312,0.0335416682,-0.0465243272,-0.035409335,0.998289347,1,1,0.99999994
rotation_pure,-0.663036704,-0.122340247,0.738522291,0.509133756,0.649540603,0.564694345,-0.54878509,0.750419676,-0.368381739,1,0.99999994,0.999999881
rotation_pure,0.99113214,0.0743921027,-0.110104226,-0.0574621148,0.987067342,0.149653286,0.119813316,-0.141999364,0.982588887,1,0.99999994,0.99999994
rotation_pure,0.185710728,0.650590003,-0.736372173,0.980627835,-0.170222104,0.0969190896,-0.0622921586,-0.740105987,-0.669598937,1,0.99999994,0.999999762
rotation_pure,0.995450258,-0.0646534041,-0.0699906126,0.0929313824,0.820961714,0.56336987,0.0210358296,-0.567311049,0.823234916,1,0.99999994,0.99999994
rotation_pure,0.092790544,0.66810137,-0.738261878,0.802376807,-0.489204079,-0.341863811,-0.589560449,-0.560642481,-0.581462383,1.00000012,1,0.99999994
rotation_pure,0.940066695,0.34098351,0.0021902374,-0.340926886,0.939747691,0.0253593922,0.0065888674,-0.0245862305,0.999675989,1,1,0.99999994
rotation_pure,-0.450980544,-0.825501502,-0.339357823,0.828115523,-0.528832734,0.185904697,-0.332928151,-0.197188094,0.922103822,0.99999994,0.99999994,0.999999881
rotation_pure,-0.261908948,-0.96119839,-0.0866102278,-0.021309793,0.0954807401,-0.995203078,0.96485734,-0.258806884,-0.0454902053,1,1,0.999999881
rotation_pure,0.413752675,-0.198452592,0.888496041,0.861449957,-0.230332449,-0.452604532,0.294469982,0.952661276,0.0756562948,1,0.99999994,0.99999994
rotation_pure,0.722031355,0.154938608,0.674288392,-0.579626083,-0.396676958,0.711815238,0.377762347,-0.904788017,-0.19660674,1,0.99999994,0.99999994
rotation_pure,0.99930805,-0.0359782688,0.00943108276,0.0364580862,0.997712374,-0.0569279082,-0.00736132497,0.0572323613,0.998333752,1,0.99999994,0.99999994
rotation_pure,-0.00201075058,0.262821615,-0.964842319,-0.381502092,0.891669273,0.243684426,0.924365759,0.368579358,0.0984740704,1,0.99999994,0.99999994
rotation_pure,-0.418436497,-0.11654301,-0.900737941,0.187536225,0.959275544,-0.211236656,0.888673842,-0.257310092,-0.379539788,1.00000012,1.00000012,1
rotation_pure,0.241940588,-0.260215998,-0.934747338,-0.925704479,0.226773709,-0.302729398,0.29075101,0.938542247,-0.18601732,1.00000012,1,1
rotation_pure,-0.206393719,0.724450111,0.65770328,-0.978250861,-0.166969508,-0.123070359,0.0206581056,-0.668799818,0.743155479,1,0.99999994,0.99999994
rotation_pure,0.175606534,0.984382093,-0.0124175679,-0.983517349,0.174872354,-0.045970805,-0.0430813506,0.020285666,0.998865604,1,1,0.99999994
rotation_pure,0.99246496,-0.11468488,-0.043135263,0.0868898928,0.906955659,-0.412166804,0.0863910839,0.405313104,0.910086691,1,0.99999994,0.99999994
rotation_pure,-0.419811368,0.472557932,-0.774885416,0.901621342,0.31506294,-0.296334475,0.104102582,-0.823057771,-0.558335423,1,0.99999994,0.999999821
rotation_pure,0.782271862,-0.210728094,-0.586212039,-0.309895098,0.684691191,-0.659668922,0.540385008,0.697704673,0.470311016,1,1,1
rotation_pure,-0.810272634,0.330809802,0.483759373,0.308022529,0.942636073,-0.128681883,-0.49857834,0.0447413884,-0.865689218,1,1,0.999999821
rotation_pure,0.371440262,-0.778650224,0.505703449,0.396296442,0.625524521,0.672062635,-0.839631677,-0.0492227077,0.54092133,1,1,1
rotation_pure,-0.178430855,0.416731298,-0.891345859,0.282449603,0.889450788,0.35930413,0.942541599,-0.187649369,-0.276411086,1,0.99999994,0.99999994
rotation_pure,0.212087899,0.490469217,0.845256567,-0.652817369,0.714744925,-0.250936508,-0.727219462,-0.498577535,0.471775591,1,1,0.99999994
rotation_pure,-0.28867203,0.111115187,0.950958371,0.790737629,-0.532340705,0.302237183,0.539816976,0.8392061,0.0658088923,1,1,0.99999994
rotation_pure,0.145087808,0.808981895,-0.569647074,-0.0749086142,0.583068073,0.808962524,0.986579061,-0.0746991038,0.145195782,1,1,0.99999994
rotation_pure,-0.613994718,-0.32321009,-0.720101237,0.00164625049,-0.912839592,0.408315092,-0.789308429,0.249517828,0.561010778,1,1,1
rotation_pure,0.981686234,0.078664802,0.173505172,0.0464525148,0.784429431,-0.618476093,-0.184754863,0.615209162,0.766409397,1,1,1
rotation_pure,-0.746593833,-0.660996974,-0.0753701776,0.565885484,-0.571391761,-0.594377935,0.349816144,-0.486409754,0.800646067,1,1,0.99999994
rotation_pure,0.593418479,0.55042547,-0.58727026,-0.668985307,0.742995858,0.0203919709,0.447563648,0.38077417,0.809134007,1,1,0.99999994
rotation_pure,0.897575438,0.219997615,0.382046223,-0.369385391,0.848330975,0.379327059,-0.240650594,-0.481596947,0.842704952,1,0.99999994,0.99999994
rotation_pure,0.0046364665,0.589315176,-0.807889819,0.935257912,0.283392191,0.212088019,0.353936434,-0.756568789,-0.549847841,1,0.99999994,0.999999821
rotation_pure,-0.946428955,-0.23529923,-0.221148252,-0.317120194,0.548142076,0.773934603,-0.060885556,0.802604675,-0.593395829,1,1,0.999999821
rotation_pure,0.993798733,0.0903292671,0.0648434758,-0.0848014131,0.99289608,-0.0834630951,-0.0719219893,0.0774467066,0.994398952,1,1,1
rotation_pure,-0.72823292,0.456134081,-0.51148665,0.0711865425,0.792645037,0.605513394,0.681622624,0.404543817,-0.609700739,1.00000012,1,1
rotation_pure,0.990724802,0.134600192,0.0186313167,-0.101778135,0.825899422,-0.554555118,-0.0900308117,0.547515213,0.831938446,1,1,1
rotation_pure,-0.748599291,0.382418811,0.541622579,0.157138571,-0.691291809,0.70528239,0.644132435,0.613083661,0.457407892,1.00000012,1,1
rotation_pure,-0.0948625505,-0.718315423,0.689219892,0.6623227,-0.562413156,-0.494994998,0.743188918,0.409529507,0.529108644,1,1,0.99999994
rotation_pure,0.950030446,-0.113026105,0.290976346,-0.0884658471,0.796443343,0.598207116,-0.299359202,-0.594056487,0.746646523,1,1,0.99999994
rotation_pure,0.80781281,-0.162525818,0.566589475,-0.455895185,-0.781572938,0.425797254,0.373627961,-0.602269948,-0.705459476,1,1,0.999999881
rotation_pure,-0.815855622,-0.426661223,-0.390307218,0.301593155,0.261935771,-0.916750371,0.493377239,-0.865649998,-0.0850236416,1,0.99999994,0.99999994
rotation_pure,0.149127349,0.658470035,0.737684429,-0.134898722,0.752599359,-0.644512713,-0.979573071,-0.00339823961,0.201059923,1,1,1
rotation_pure,0.853168547,-0.0359088108,-0.520397902,-0.108640097,0.963519692,-0.244595826,0.510196805,0.265217543,0.818143547,1,1,0.99999994
rotation_pure,0.877192616,-0.472868174,0.0832389295,0.159294397,0.123072028,-0.979529798,0.45294407,0.87249583,0.18328312,1,1,0.99999994
rotation_pure,-0.235669881,-0.553256512,0.798978686,0.970976114,-0.16856581,0.169678718,0.0408046544,0.815777421,0.576924741,1,0.99999994,0.99999994
rotation_pure,-0.871199012,-0.490923762,-0.00248888135,0.342836976,-0.604758143,-0.718839645,0.351390302,-0.627105594,0.695171297,1,1,0.999999821
rotation_pure,0.652537167,-0.746872306,0.127972931,0.741197109,0.593994915,-0.312724888,0.157550305,0.29891777,0.941183329,1,1,0.99999994
rotation_pure,0.78054285,0.601533473,-0.170030683,-0.34696573,0.190651357,-0.918295622,-0.519968987,0.775763869,0.357523024,1,1,1
rotation_pure,0.994925439,0.081345275,-0.0592143536,-0.0451009013,0.886649251,0.46023801,0.0899405479,-0.455231875,0.88581866,1,1,1
rotation_pure,-0.0205006003,0.990741611,0.134204656,0.992584705,0.0362551808,-0.116022773,-0.11981418,0.130830944,-0.984138131,1.00000012,1,1
rotation_pure,-0.026483357,0.509331226,-0.860163033,-0.0427400172,-0.860254824,-0.508069754,-0.998735249,0.0233079642,0.0445513725,1.00000012,1,0.99999994
rotation_pure,0.971930444,-0.0879427865,0.218213841,0.118789636,0.984037161,-0.132513449,-0.203076914,0.154715404,0.966862381,1,0.99999994,0.99999994
rotation_pure,0.885648131,0.18674621,-0.425150782,-0.42056343,0.710729182,-0.563906491,0.196859688,0.678225577,0.70799464,1,1,1
rotation_pure,-0.779624999,0.412245691,-0.471421689,0.517152131,-0.000732243061,-0.855893195,-0.353183478,-0.911072433,-0.212622821,1,1,0.99999994
rotation_pure,0.943782687,-0.325311124,0.0587100796,0.330493212,0.932311594,-0.146864861,-0.00695932284,0.158011794,0.987412691,1,0.99999994,0.99999994
rotation_pure,0.97916919,-0.167337745,0.115004048,-0.203042001,-0.810696065,0.54913187,0.00134284049,-0.56104362,-0.827785134,1,1,0.99999994
rotation_pure,-0.240761518,0.239223212,-0.940641344,-0.970380187,-0.0792024434,0.228230625,-0.0199030042,0.967728972,0.251206219,1,0.99999994,0.999999881
rotation_pure,0.660135031,-0.372260332,-0.652413905,0.418693125,0.903469682,-0.0918618292,0.623632729,-0.212520018,0.752274871,1,1,0.99999994
rotation_pure,0.970963955,0.215672463,-0.103510454,-0.224770904,0.970599771,-0.0861052722,0.0818967074,0.106871232,0.990894258,1,0.99999994,0.99999994
rotation_pure,0.999973178,-0.00706271362,0.00191898632,0.00706762262,0.999971747,-0.00256159878,-0.00190082856,0.00257510156,0.999994874,1,1,0.99999994
rotation_pure,-0.767186046,-0.528666854,-0.363231361,-0.0445128381,-0.521042109,0.852369487,-0.639878333,0.67009443,0.376203835,1,1,1
rotation_pure,-0.879301548,0.411575854,0.239654288,0.417439878,0.908265889,-0.0282276161,-0.229287639,0.0752206743,-0.970447898,1,1,0.999999881
rotation_pure,-0.937744081,-0.174602687,0.300249785,0.307076871,-0.0128428936,0.951598167,-0.162295461,0.984555364,0.0656600595,1.00000024,1,1
rotation_pure,0.957245409,-0.0172384083,0.288763076,0.0473334715,0.994102955,-0.0975644514,-0.285378367,0.107061274,0.95241648,1,1,0.99999994
rotation_pure,-0.34810555,0.0287656784,0.937013924,0.582300544,0.789957285,0.192076504,-0.734675825,0.612486601,-0.291738808,1,0.99999994,0.999999881
rotation_pure,0.0519229993,0.665011823,0.745025635,-0.617159545,0.607885778,-0.499588788,-0.785122991,-0.433859527,0.441981584,1,0.99999994,0.99999994
rotation_pure,0.863847971,-0.107506543,0.492147267,0.49578163,0.354544044,-0.792779386,-0.0892589241,0.928838432,0.359571934,1,1,0.99999994
rotation_pure,-0.533658981,0.602437019,-0.59352988,-0.168175027,-0.763401389,-0.623646975,-0.828809559,-0.232997894,0.508710802,1,1,0.99999994
rotation_pure,0.414241612,-0.430646986,-0.801839828,0.466970593,0.85675168,-0.218895212,0.781244159,-0.283760101,0.556001663,1,1,1
rotation_pure,0.776091397,0.630428731,0.0155657381,0.479062021,-0.573339522,-0.664666474,-0.410100341,0.523298681,-0.746978104,1.00000024,1,1
rotation_pure,0.559150517,0.299171746,0.77320534,0.596649349,-0.792748094,-0.124739259,0.575638592,0.531080604,-0.621766448,1,0.99999994,0.999999702
rotation_pure,0.706710398,0.0194771215,-0.7072348,0.0497664362,0.995776415,0.0771530345,0.705750525,-0.089721404,0.702756226,1,1,0.99999994
rotation_pure,0.0809159577,0.73163414,0.676878273,-0.978210926,0.18856214,-0.0868776739,-0.191196278,-0.655099869,0.730950177,1,1,1
rotation_pure,0.940365434,-0.0640478879,-0.334081978,-0.226304606,0.61545217,-0.754986644,0.253966779,0.785567641,0.564255595,1,1,0.99999994
rotation_pure,0.656765163,-0.742625713,-0.131021261,0.566874027,0.371618092,0.735223711,-0.497306168,-0.55714184,0.665041029,1,1,0.99999994
rotation_pure,0.846238434,-0.532712877,-0.00987544656,0.513149917,0.809893906,0.284163833,-0.143379658,-0.245537937,0.958724856,1,1,0.99999994
rotation_pure,0.10079129,-0.939599335,-0.327099621,0.727143109,-0.154825687,0.668798804,-0.679046333,-0.30525732,0.667618215,1,0.99999994,0.99999994
rotation_pure,0.209241688,0.44761318,-0.869402289,-0.717557371,0.67429471,0.174464956,0.664326191,0.587340653,0.462278694,1,0.99999994,0.99999994
rotation_pure,0.843022645,-0.502381504,-0.192160562,0.532855928,0.828742504,0.171027541,0.0733305365,-0.246573985,0.966345668,1,1,0.99999994
rotation_pure,0.994927168,-0.100374609,-0.0066980999,0.0988656878,0.987928748,-0.119257338,0.0185876749,0.117990144,0.992840767,1,0.99999994,0.99999994
rotation_pure,-0.158762872,-0.211233467,-0.964455724,0.645454407,0.716986895,-0.263284087,0.747116446,-0.664311886,0.0225106627,1,1,0.99999994
rotation_pure,-0.122264624,0.0448379219,-0.991484165,-0.962578654,-0.248791099,0.107449085,-0.241854638,0.967518806,0.0735783577,1,1,0.99999994
rotation_pure,-0.37939769,-0.924907207,-0.0245766677,0.92340529,-0.380183429,0.0527563617,-0.0581383817,-0.00267858244,0.998304963,1,1,0.99999994
rotation_pure,0.879452169,-0.035689313,0.474647433,0.00987996534,0.998338938,0.0567601919,-0.475884765,-0.045228377,0.878343999,1,1,1
rotation_pure,-0.659234464,-0.540282726,0.522976577,-0.615875125,-0.0110628605,-0.787766218,0.431402087,-0.841410875,-0.32545352,1.00000012,0.99999994,0.99999994
rotation_pure,0.00516760349,0.647787154,-0.761803865,0.614821851,-0.602870107,-0.508470058,-0.788649082,-0.465746135,-0.401389062,1,1,0.99999994
rotation_pure,0.754810929,0.563515663,0.335723907,-0.244154513,0.716409087,-0.653564572,-0.608809471,0.411349177,0.678338289,1,0.99999994,0.99999994
rotation_pure,0.335998535,0.908885956,0.247045219,0.551516533,0.0227649212,-0.833853245,-0.763501465,0.416422993,-0.4936167,1,1,0.99999994
rotation_pure,0.155716315,0.728387296,-0.667236328,-0.525845826,0.632935762,0.568223894,0.836204886,0.262381673,0.481577873,1,0.99999994,0.99999994
rotation_pure,-0.0823793411,-0.946475744,-0.31208533,-0.149481297,0.321341842,-0.935090721,0.985326827,-0.0303812027,-0.167952389,1,0.99999994,0.99999994
rotation_pure,0.99999994,-0.000115046751,0.000203872783,0.000114995892,0.99999994,0.000191173385,-0.00020390148,-0.000191142768,0.99999994,0.99999994,0.99999994,0.99999994
rotation_pure,0.732219279,0.602106571,-0.318312168,-0.680598974,0.664240718,-0.309142947,0.0252989382,0.443003356,0.896162927,1,1,1
rotation_pure,0.0993217826,-0.785385072,-0.610987425,-0.923656285,0.155628026,-0.350198686,0.370127529,0.59912467,-0.709968507,1.00000012,1,1
rotation_pure,-0.59910059,-0.37345928,-0.70824194,0.79642874,-0.368923396,-0.479162604,-0.0823392868,-0.851130843,0.518455982,1,1,0.99999994
proche_identite,0.994979262,0.00407687575,-0.000937111385,0.00125360419,1.00192916,0.00465962756,0.00106955809,0.000940834405,0.997472286,1.00395036,0.996605933,0.9938308
proche_identite,1.0006814,0.0014981085,0.000473179854,0.00065793586,0.998812437,0.00072173262,-0.00122386205,0.00175863202,1.00017095,1.00123465,1.00076997,0.997661412
proche_identite,1.00027168,-0.000121673278,0.000787063269,-0.000444563222,0.999866962,0.000222237475,0.000451437867,0.000522785587,0.999346554,1.00059474,1.00005949,0.998831153
proche_identite,1.00760758,-0.00088656618,0.00259908522,0.00558875827,1.00251949,0.00814343803,-0.00698174257,0.00357965101,0.991009831,1.00854766,1.00450122,0.988126695
proche_identite,1.00101829,0.000545164919,-0.00193564582,0.00237544323,0.998114467,0.00246441388,-0.00157957769,0.000719578995,0.997966766,1.00197005,0.999626875,0.99550426
proche_identite,1.00224948,-0.00537565909,-0.00139921543,-0.00455528824,0.995803833,0.00812469237,-0.00106294209,-0.00654378766,1.00617373,1.00716317,1.00399137,0.993126452
proche_identite,1.00171781,-0.000319563842,-5.03726806e-05,0.000360319187,1.00026846,0.000417565869,-0.000976572977,-0.000836699153,1.00005472,1.00186741,1.00035167,0.999822557
proche_identite,1.00461805,0.00772595359,-0.00014634362,-0.00200885977,0.996316135,-0.00122298067,0.00152684492,0.00376893138,1.0083133,1.00873148,1.00518429,0.995362341
proche_identite,1.0052222,-0.00158427295,0.00362397963,-0.00115426548,0.99698782,-0.00204538368,-0.00347858761,-0.00356169604,1.00455666,1.00594056,1.00495088,0.995888293
proche_identite,0.997016251,0.0017455389,0.000988813583,0.00226547732,0.999428213,0.00261102873,-0.000299735257,-0.00117285538,0.999574423,1.00100696,0.9991346,0.995881319
proche_identite,1.00619626,-0.00764540443,-0.00639703264,-0.000355559634,1.00438297,0.00455337763,0.00519025605,0.00201474596,1.00686133,1.01111293,1.00601172,1.00036383
proche_identite,0.999541104,0.00140031695,6.307136e-07,0.00393975014,1.00446594,0.000642659084,-0.000402246398,0.00290230801,1.00003433,1.00604022,1.00007749,0.997926593
proche_identite,0.996676147,0.00407330366,-0.00928073376,0.001452939,0.998673499,-0.00916464906,0.00307311094,-0.00248720264,1.00376379,1.0089798,0.995725989,0.994458556
proche_identite,0.994320452,0.00342050614,0.0034647719,-0.000712343375,0.999912739,0.00529474299,0.000238755034,-0.00262639252,1.00531411,1.00601983,0.999741852,0.99380821
proche_identite,0.996747255,-0.00122192514,0.00394867919,-0.000211453284,1.00112844,0.00456516119,0.0030303183,-0.0030753857,0.998759747,1.00150859,1.00116348,0.993978381
proche_identite,0.999528348,4.32707493e-05,9.85360966e-05,6.15121462e-05,0.999732852,0.000634821597,-0.000591928372,0.00100044219,1.00072467,1.00120664,0.999592662,0.999186754
proche_identite,0.99996841,0.000119747645,0.000453598885,0.000236752123,0.999966085,0.000634462922,7.41785188e-05,0.000578028557,1.00064683,1.00109172,0.999879956,0.999609768
proche_identite,1.00652385,0.000314834935,-0.00329885678,-0.00489064632,1.00532675,-0.00167353463,-0.00158356212,0.00122993311,0.993804991,1.00852108,1.00382411,0.993320048
proche_identite,1.00111425,0.00199091551,0.00701457355,0.00314846262,1.00697434,-0.00104174227,-0.00549245626,0.00334703294,1.00398827,1.00835872,1.00361884,1.00014329
proche_identite,1.00093114,-0.00103748811,-0.00040358695,-0.00103673211,1.00048769,0.00120184117,-3.64075313e-05,-0.0013036211,0.99916333,1.00177777,0.999706566,0.999099314
proche_identite,1.00424039,-0.00432418892,-0.00385056389,-0.000512387604,0.997410417,0.00675104372,-0.00503105344,0.001394775,1.00355875,1.0100131,0.999825716,0.995381892
proche_identite,0.999818265,-0.000950511836,-0.000249291159,0.00185095426,1.00046027,-0.000320738385,-0.00150884746,0.000382940751,1.00175285,1.00210452,1.00061297,0.999316335
proche_identite,0.999672055,-0.0011425172,-0.00125446648,-0.00260080048,0.996491373,0.0017499472,-0.00312077999,0.00205117837,1.00395083,1.0055598,0.999024749,0.995531201
proche_identite,0.99975282,0.00164669729,0.00126593735,0.0020200354,0.997609913,0.00239688065,0.000817417866,-0.00193031062,1.00240171,1.00291324,1.00031435,0.996541619
proche_identite,0.998744071,0.00226246845,0.000496881432,-0.00189270766,1.00276387,-0.00311746006,0.00137701049,0.00232822914,0.997252047,1.00280142,0.999200463,0.996769905
proche_identite,0.999184012,-0.000575345301,-0.00278732996,-0.000361117825,1.00243127,0.00234353542,0.000818666653,-0.00109082193,1.00307095,1.0037173,1.00205302,0.99892211
proche_identite,0.991333723,0.00211023632,-0.00138793455,0.000492404914,0.992860496,-0.00314689125,-0.00269803754,-0.00462487619,0.993898571,0.998144269,0.990596831,0.989353359
proche_identite,0.997828901,-0.000673444709,0.0040486143,0.00520582171,0.99569726,-0.000106031548,-0.000333962351,0.000149572661,1.00534618,1.00581253,0.998899162,0.994174182
proche_identite,1.00425684,0.00246870425,-0.00212814449,-0.000641457678,1.0037173,-0.00196854281,-0.00203641993,0.00308973948,0.999262035,1.00531161,1.00355446,0.998378873
proche_identite,1.0045867,0.00111061905,0.00347319408,0.00134500058,1.00433862,0.00265596178,0.00364408386,-0.00226871227,0.996784568,1.00661671,1.00369918,0.995399892
proche_identite,1.0000515,0.000272355072,-0.000100622179,-0.000325408386,0.999964654,0.000194510809,-0.000303441222,-0.000366262306,0.999838471,1.00017583,0.999989986,0.999688923
proche_identite,1.00275612,-0.00336738979,0.00306364708,0.00017118176,1.00084889,0.00118008768,-1.33529702e-05,-0.00253198785,1.0016402,1.004601,1.00073469,0.999918401
proche_identite,1.00083077,0.00328382454,0.00369167421,-0.000439718366,0.99763459,0.00230917893,-0.00038891891,0.00326050911,1.00319219,1.0053184,0.999984562,0.996362448
proche_identite,1.00816488,0.00784173142,-9.16062854e-05,-0.00359472656,0.992810488,0.00910663325,0.00620054966,0.00615009805,1.00167668,1.01098001,1.00327909,0.988437831
proche_identite,1.00462842,-0.0082146721,-0.000634982134,0.0076964004,0.994982779,0.004711824,-0.00806529075,0.00454030978,1.00100195,1.00820374,1.00028241,0.99220413
proche_identite,0.999379575,-0.0004895319,-0.000572693709,0.000846167386,0.999883413,1.23933489e-06,-0.000106027663,-0.000186970443,0.999586999,1.0000478,0.999684811,0.999117792
proche_identite,0.993743122,-0.00701472489,0.00756366877,-0.00141188747,0.993738353,-0.00211293949,-0.00253668963,-0.00255234865,0.996683002,1.00082052,0.993841588,0.989535809
proche_identite,1.00232768,-0.00184213894,-0.000571449287,-0.00207827426,0.997611225,0.000892118318,-0.00311172544,0.0026647693,1.00141025,1.00474584,0.999981105,0.996624589
proche_identite,1.00222588,-0.00209642458,-0.00085316191,-0.00353690516,0.996122181,0.00342590758,-0.00133206032,0.00489268778,1.00093269,1.00532126,1.00066566,0.993295074
proche_identite,1.00146496,-0.00150162552,-0.00302954833,0.000729034655,1.00040448,0.00197771727,-0.00160812482,-0.000320346531,1.00084233,1.00370753,1.00028086,0.998726487
proche_identite,1.00189638,0.00277214427,0.00525632687,0.00589625444,0.99885273,-0.00428801263,0.000481214927,0.00636722241,0.997032821,1.00594664,0.996718943,0.99515301
proche_identite,0.998283267,0.00179522811,-0.00365131046,0.000582438079,0.998279333,-0.000107226311,-0.00350818364,0.00159314612,1.00373137,1.00550854,0.999044716,0.995741904
proche_identite,1.00100839,-0.00303414604,-0.00265242462,-9.01314634e-05,0.996890008,0.000177848808,-0.00105396484,-0.00241908664,0.998439014,1.00214136,0.998827398,0.995373249
proche_identite,0.995825171,-0.00515408581,-0.000601488864,-0.00171672367,1.00780845,-0.00652610371,0.00128699176,0.000676999916,1.0004015,1.0096494,0.999525666,0.994876802
proche_identite,1.0019474,-6.81492966e-05,-0.00315080862,-0.00174944045,0.998077571,-0.00283475616,-2.42300375e-05,0.00177385716,1.00130427,1.00327444,1.00041735,0.997645974
proche_identite,0.999805033,-0.00207384885,-0.00437899819,-0.00589240668,1.00559914,0.00476041762,-0.00223107636,-0.00429983903,1.00375307,1.00839174,1.00418568,0.996605039
proche_identite,1.00736439,-0.000402724632,-0.00288903085,-0.00300309947,1.00649703,0.0045486656,0.00396567304,0.00709017413,1.00760651,1.01300228,1.00767183,1.00080872
proche_identite,0.99810642,-0.000705509796,0.00328386412,-0.000508951431,0.996690154,0.00321568199,0.00223609246,0.0014662341,0.999510109,1.0021081,0.997949362,0.994250178
proche_identite,0.998340189,-0.0016231722,-0.00216730381,-0.00138939428,0.999430835,-0.00121833687,-0.000570305332,-0.00139034342,0.99860847,1.0005753,0.999847949,0.995956838
proche_identite,0.996196389,-0.00513501838,-0.0013435072,-0.00150603137,0.998798192,0.00167198153,-0.000770590617,-0.00279622921,1.00493038,1.00506401,1.00106299,0.993806303
proche_identite,1.00016749,-0.000629558752,-0.000721981749,-0.00056310225,1.00002873,0.000505607284,0.000395117037,0.000237661458,0.99933219,1.00079322,0.999575913,0.999159455
proche_identite,0.999884665,-0.00016235614,-7.27187289e-05,-0.000330007257,1.00067675,0.00011631463,-3.62418323e-05,3.39910439e-05,1.00037241,1.0007664,1.00035477,0.999812543
proche_identite,0.998063982,-0.00182194903,0.00274348375,-0.00355770462,0.998258114,0.00238073641,-0.000687342254,0.00373113528,0.999798477,1.00240517,0.999739468,0.993980169
proche_identite,1.00813627,-0.00842288136,-0.00852145348,0.00457818154,0.99421531,0.00432236865,0.00392619148,0.00853219908,1.00148046,1.01002634,1.0034343,0.990456283
proche_identite,0.998693466,0.00127344788,-0.00110844336,-0.00234190468,0.999302268,0.000690127956,-0.000261090201,-0.000784285774,1.00167227,1.00182474,0.999576569,0.998270631
proche_identite,0.992426097,0.00565962167,0.00620042579,-0.00210584351,0.998645127,0.000398584554,-0.00419836072,-0.00596015155,1.00013101,1.00228262,0.99736315,0.991608918
proche_identite,1.00136328,-0.00118850556,-0.00388696883,-0.00270553608,1.00184238,0.00336811296,0.00222641462,-0.00300467503,0.997149825,1.0036478,0.999735236,0.996992469
proche_identite,0.995710731,0.00503860833,-0.00382555951,0.00532048522,1.00383091,0.00378712732,-0.00294453185,-0.00418256875,1.00382197,1.00731671,1.00365055,0.992412508
proche_identite,1.00067067,-0.00369754643,0.00442131888,0.00699010678,1.00088823,0.00346009736,-0.00271779974,0.00472078612,1.00679672,1.00915992,1.00095069,0.998286724
proche_identite,1.00040925,0.000157307324,-3.03063189e-05,0.000610378047,1.00026119,0.000687255932,0.000220177448,-0.00089590525,0.999730349,1.00072622,1.00001442,0.999660671
proche_identite,0.998552918,-0.00866888463,-0.00345006562,0.00217392831,1.00948238,0.00367111061,0.00151987746,-0.0074538365,0.992255926,1.01054263,0.998013437,0.99180162
proche_identite,1.00002217,0.000330565497,-0.000522150716,-0.000133809386,0.999754786,-0.000455842557,-6.26979672e-05,0.000304756803,1.00003982,1.00034893,0.999752223,0.999715805
proche_identite,1.00818241,0.00150157872,0.00828614179,-0.00582105713,0.99309355,-0.00833005924,0.000655243581,0.00345044094,1.00544894,1.01205802,1.00219429,0.992535055
proche_identite,0.99706167,0.00168934895,0.00280700624,0.00350854243,1.00424159,-0.000736832735,0.00182031246,-0.0042064758,0.998069823,1.0054996,0.999923289,0.993954182
proche_identite,1.00803936,0.000859964639,0.00728675257,0.00219054916,1.00410056,0.00823467132,-0.0025902607,0.00819994416,1.00554597,1.01430058,1.00684762,0.996562302
proche_identite,0.99785918,-0.00235618581,-0.00287609641,0.00578734186,1.00017476,0.00210505258,0.00578759378,-0.0010659704,1.0035429,1.0041399,1.00067651,0.996798277
proche_identite,1.00261891,-0.000959217432,-0.000546898285,0.00442541018,0.997856855,-0.000199450122,0.00405610586,0.00368716661,1.00077188,1.00454485,0.999824464,0.996894658
proche_identite,1.00532639,0.00551479217,-0.000208230456,0.00377798919,1.00431812,0.00603417214,0.00625289418,-0.00191749493,0.998153269,1.01055706,1.00023019,0.997037649
proche_identite,0.998787224,0.000853828504,-0.00061103265,-4.56663929e-06,1.0010345,-0.00092904974,0.000467592268,-0.000959127268,1.0005914,1.00182998,0.999880135,0.99870342
proche_identite,0.999408603,0.000849506119,0.000681278296,0.000713717542,1.0004952,-0.0010025287,-0.00108865625,0.00117428286,1.00158644,1.00160646,1.00090349,0.998982251
proche_identite,0.999149561,0.00170690322,-0.000994556467,-6.52157105e-05,0.999237776,0.00134897826,-0.00237859902,-0.000691023131,1.00072801,1.00181329,0.999693811,0.997610629
proche_identite,0.998133063,0.00243826676,0.00216650544,-0.00331924832,0.999243975,0.0033909562,-0.000296009239,0.00105841842,1.00104582,1.00261378,0.998805881,0.997014284
proche_identite,1.00231743,0.00113323971,-0.00237954035,-0.00333861727,1.00412655,0.000124359518,0.00108250452,0.00429293374,0.995625079,1.00519288,1.00181735,0.995071173
proche_identite,0.999586105,0.00109036022,-0.000309933414,-0.000318990904,1.00151658,0.000747866405,-0.000955865427,-0.00144764292,0.999172091,1.00168228,0.999882162,0.998712122
proche_identite,0.995872736,0.00461335434,-0.00207997137,-0.00292807724,1.00208485,0.0013111406,0.00129491894,0.000726440921,0.995977461,1.0023483,0.996320963,0.995282948
proche_identite,0.995568573,0.00132403616,-0.00141547841,2.57383399e-05,1.00280344,-0.00555579457,0.0038289025,0.00460152514,0.994417667,1.00289619,0.996323645,0.993603051
proche_identite,0.997137725,-0.00545429531,-0.00126782514,-0.00145177054,1.00688219,0.00452887453,2.3545057e-05,0.00803603884,0.996144891,1.01063871,0.996507585,0.993026018
proche_identite,0.997886419,0.00767677743,-0.00122190523,-0.0065669897,1.00326777,0.00796734635,-0.00882155076,0.00727474829,0.997874975,1.00927389,0.999884546,0.989935696
proche_identite,1.00113416,-0.000816289801,-0.00167686853,-0.000310264935,1.00071001,0.00120864273,-0.00110451842,-0.00185089291,1.00200224,1.00302827,1.00111997,0.999700665
proche_identite,0.999710441,-0.000236418142,0.000275423401,-3.94617055e-05,0.999783576,-0.000143653262,-0.000225006457,0.000174307832,1.00022447,1.0002259,0.999889731,0.999602973
proche_identite,1.00086188,0.000974280643,-0.000949919224,0.000922614825,1.00095391,0.000953956915,-0.000529077661,0.00055920193,1.0002768,1.00185895,1.00118566,0.999048173
proche_identite,0.998990536,-0.000144758087,-0.000279252912,-0.000862510933,0.999884725,0.00114121533,0.000233593892,-0.000390689907,1.00005913,1.0004431,0.999742448,0.998749733
proche_identite,0.999541521,0.00332662347,0.00547275599,0.00500811078,0.996249676,0.00304270652,-0.00407212926,0.00207774783,1.00254107,1.00462997,1.0006367,0.993089259
proche_identite,0.995949864,0.00100337027,-0.000162867233,-0.00386341265,0.999848187,0.00365480222,-0.00180849002,0.000416743773,1.0040977,1.00515056,0.999281347,0.995473087
proche_identite,0.999781966,0.000421036035,-0.000212129424,-1.07269707e-05,0.999733567,0.000369584479,-0.000355168537,0.000357851735,0.999863625,1.00019598,0.999962211,0.999220908
proche_identite,1.00298738,-0.00724344281,0.00399932638,-0.00417720247,1.00517607,0.00620218366,-0.00499507226,0.00658934889,0.992330968,1.01142466,0.99963969,0.98945272
proche_identite,1.00444376,-0.000561294786,-0.00454651657,-0.00304113072,1.00431263,0.0043849689,0.00307815522,-0.00268541882,1.00385761,1.00664592,1.00343025,1.00256634
proche_identite,0.999546647,0.000645926921,-0.00121686491,-0.00103344058,1.00042784,0.00176330667,0.000969524437,-0.00196553511,0.9985165,1.00047386,0.99952662,0.998495936
proche_identite,1.00009382,1.53650365e-06,-9.18118749e-05,-3.76109961e-06,0.999997377,-0.00010606202,0.000112314927,-1.72670036e-06,0.999903381,1.00009453,1.00002146,0.999878466
proche_identite,0.997823238,0.00329173473,-0.00368724763,-0.00413857028,0.997019827,0.00401648832,-0.00298092607,0.0010490315,0.99749893,1.00192511,0.996915519,0.993517518
proche_identite,0.99930793,-0.00146707834,0.00101955957,0.000123342834,1.00134575,-0.000858125684,-0.000303357432,-0.000643601059,0.998796582,1.00177515,0.99913305,0.998543084
proche_identite,0.998590708,0.000766275567,0.00120527449,0.000273138896,1.00090539,-0.00215344597,0.00238399184,0.000135355309,0.997522593,1.00118458,0.999903619,0.995932102
proche_identite,1.00401807,-0.00671085203,9.28349982e-05,0.00624509621,1.00645268,0.00125476904,0.00122047844,0.00722071389,0.999145389,1.0084182,1.00410628,0.997142553
proche_identite,1.00052452,0.00156105903,0.00105487579,0.000456309645,0.999312103,0.000213472114,-0.00124132296,4.83266558e-05,0.999788165,1.00109601,0.999812543,0.998717844
proche_identite,0.999807835,0.000295915292,-4.74249064e-05,9.69207613e-05,1.00033057,-0.000274870836,4.98905865e-05,-0.000322440756,1.0001303,1.000579,0.999977887,0.999711871
proche_identite,1.00021625,0.000132989415,0.000389867229,0.000138605406,1.0005399,-4.04470256e-07,0.000193070795,-0.000234909545,0.999970913,1.00058973,1.00039768,0.999739707
proche_identite,0.998026252,0.000176627727,-0.00151390792,-0.00520706177,0.998206615,-0.0023569141,-0.00190189108,-0.00484117167,1.00210869,1.00425947,1.00023365,0.993857265
proche_identite,1.00159657,0.00409975741,-0.0054246122,0.00903083012,1.00854862,-0.00360109541,-0.00131561956,0.00688961195,1.00120294,1.01253009,1.00357068,0.995284796
proche_identite,1.00248408,-0.000574733946,0.00139380724,-0.00340155466,0.997683287,0.00292294589,0.00365020498,0.00495520327,0.995220065,1.00341868,1.00057578,0.991397321
proche_identite,1.00033855,-0.00159258931,-0.00111214351,0.000962697319,1.00056791,0.00234010979,-0.00138357119,0.00122632121,1.0013355,1.00325572,1.00011897,0.99886924
proche_identite,0.998394728,-0.000471592066,0.00230003987,-0.000681556179,1.00213015,0.00207440788,-0.000810724741,0.00159881182,0.999327302,1.00304699,0.999326229,0.997481406
proche_identite,1.00241387,-0.00269587943,-0.00490712374,0.00524688698,0.99497962,0.00183664053,-0.00435665762,0.00563607877,1.0007484,1.00649548,0.9996261,0.99203968
proche_identite,0.995857418,0.00379082561,-0.00262463628,0.00369537552,1.0017339,-0.00191990146,-0.00571677275,0.00547652924,0.996226072,1.00356734,0.999789,0.990477204
proche_identite,1.00027466,0.00017166014,0.000104498031,0.000297411083,0.999875784,-0.000102910024,-0.000290473108,9.4617244e-05,1.00005496,1.00040448,1.00003803,0.999762952
proche_identite,0.996828377,0.00299281045,0.00526646059,0.00419070991,1.00213969,0.00117928907,0.005426093,0.00361535815,1.00399292,1.00903523,1.00049722,0.993430257
proche_identite,0.999890625,-0.00174944953,0.00109295489,-0.00044689636,1.00201178,0.00114563864,0.00050391577,-0.00201591593,0.997173488,1.00257492,0.999550521,0.996953487
proche_identite,0.999591947,-0.00146225374,-0.00510069029,0.00408102013,1.0029664,-0.00639492786,0.00249395077,0.00231934269,1.00680566,1.00805295,1.00225389,0.999098063
proche_identite,1.00169981,0.00581878005,0.00396075379,0.00281569269,0.996942222,0.00391013082,-0.00211111293,0.00533916242,1.00550318,1.00863743,1.00221705,0.993302584
proche_identite,1.00349641,-0.00287511293,0.00212734821,0.00506628351,0.996629953,0.00339207635,0.0027207227,-0.00103528344,1.00529909,1.00723219,1.00182259,0.996391416
proche_identite,0.996120632,0.00529861031,0.00297036534,0.00685442379,0.998468041,0.00651864801,-0.00549378386,-0.0025171279,1.00379658,1.00465977,1.00304413,0.990719974
proche_identite,0.997126102,-0.0033712117,-0.00213346258,-0.00217967108,1.00244284,0.00330177625,0.00209054374,-0.00120140426,0.997877657,1.00379324,0.997802794,0.995860457
proche_identite,1.00556099,0.0020930008,-0.00359055307,0.0035541628,1.00622511,-0.00400022557,0.00300016697,-0.00246151211,0.998644412,1.00940907,1.00363922,0.997394204
proche_identite,0.996611536,-0.00123896508,-0.00164533651,0.00442665955,0.997192562,0.00307031046,0.00111687009,-0.000186206118,0.998687804,0.999718964,0.997857928,0.994927645
proche_identite,0.996354103,-0.00270954939,0.00457320875,0.00508356187,0.995208621,-0.00491453288,0.00154535775,0.00484334771,0.994568288,0.998887837,0.995173395,0.992111325
proche_identite,1.00200391,-0.0036616656,0.00116726663,-0.0021152501,1.00278151,-0.000911686802,-0.00402551983,0.00232567033,0.997295558,1.0055759,0.999617398,0.996897697
proche_identite,0.999426544,0.000264792674,-0.00051356107,0.000358507707,0.99934113,0.000255456107,0.000103034392,0.000432621164,1.00015509,1.00029099,0.999691308,0.998940587
proche_identite,1.00129271,0.000327802118,-0.000309581956,0.00166019239,1.00012183,0.000416922237,0.00184895971,0.000418999844,1.00011981,1.00222588,0.999757528,0.999552548
proche_identite,1.00109839,-0.00249005947,0.00740344683,0.00299286237,1.00737679,0.00621386711,-0.0011341339,-0.00730173988,1.00201464,1.00745964,1.00473559,0.998365641
proche_identite,0.999662101,-0.00495295413,0.00388508965,-0.000775850203,1.00771654,0.00620211707,-0.00335042621,0.00570158428,1.00561297,1.01302326,1.00211048,0.997875392
proche_identite,1.00279319,0.00794447865,-0.00396514824,-0.00095321273,1.00536287,0.00282057584,-0.0013144156,-0.00197561015,0.993152499,1.00791061,1.00108099,0.992344201
proche_identite,1.00355971,-0.000493493746,-0.000536412408,0.0017536321,1.00029981,1.03937191e-05,0.00222173869,0.00226573111,1.00332487,1.0046463,1.00265419,0.999888122
proche_identite,1.00563228,-0.00724287052,0.000378412806,0.00196716445,1.00069022,-0.000958053162,-0.00330956513,-0.000655091892,0.999438167,1.0069319,1.00074697,0.998106301
proche_identite,1.00740302,0.000788742909,0.00375983468,0.00638877321,0.991913021,0.00352564757,-0.00635350868,0.000875424477,1.00702143,1.00868762,1.00691986,0.990764916
proche_identite,1.00533223,-0.00705899345,-0.000211556049,-0.00723124994,1.00178874,-0.00637090532,-0.00321647269,-0.00095467444,1.00447762,1.01107442,1.00591636,0.994617462
proche_identite,1.00050724,0.00237723952,0.000956399483,0.000207602134,0.999385953,0.000797299144,-0.000341480074,-0.00108577253,0.998565018,1.00136793,0.99883467,0.998258173
proche_identite,1.0029732,-0.00109186489,0.00296332431,0.00131879747,1.00210857,-0.000174484114,0.00289031654,0.000117347437,1.00109708,1.00511086,1.00211,0.998959422
proche_identite,0.996805191,0.00323650776,0.00313294982,-0.00493197283,0.997896314,0.00333357765,-0.000716604234,0.000761353585,0.997283161,0.999679267,0.997762978,0.994564533
proche_identite,0.998962641,-0.00234217662,0.00243547163,-0.00123069994,0.994711339,-0.00365128159,-0.00536204316,0.00650980789,1.002496,1.00349247,0.998740852,0.993977904
proche_identite,1.00283492,0.00503024878,0.000521874812,-0.00010357087,0.996771812,-0.00284173875,-0.000702130026,7.55674555e-05,1.00261796,1.00397146,1.00259495,0.995667279
proche_identite,1.00018418,0.000401495519,-0.000386978703,0.000315973419,1.00046539,0.000223993775,-0.000274398364,0.000108938279,0.99972266,1.00071299,1.00021195,0.999447167
proche_identite,0.999526441,0.0058597452,-0.00203795871,-0.00261889491,1.00570941,0.00329934806,-0.00499601662,0.000960306032,0.997716606,1.00635111,1.00226223,0.994360566
proche_identite,0.997687578,0.00646349415,-0.000128973159,0.00982972328,0.990464687,0.00174155715,-0.00823482033,-0.0058256872,0.995224595,1.00515747,0.993121922,0.985131025
proche_identite,1.0005548,0.0021689008,0.00275101513,0.00281870691,1.00191605,-0.00513163069,0.000688596221,5.16466607e-05,0.998944223,1.00408757,1.00150359,0.995831907
proche_identite,1.00181818,0.00183882646,-0.000197303336,-0.00170239178,0.999015391,0.000816416345,0.000634348718,-0.0011473929,1.00094223,1.00187111,1.00090837,0.999000609
proche_identite,0.999255717,0.00322966999,-0.0034591076,-0.00190273393,0.997024655,-0.00296897115,0.00253353082,-0.00315750483,0.996749103,1.00048494,0.998742282,0.993817747
proche_identite,1.00094712,0.00145853718,-0.0032553582,-0.0017775459,0.997210026,0.00195821002,-0.00233291555,-0.0045179734,0.99524796,1.00211644,0.997631788,0.993670404
proche_identite,0.994401097,0.00549139315,0.00261067599,0.00842175353,0.999977767,0.00757191703,0.00515767559,-0.00249450421,0.992389023,1.00605345,0.992219388,0.988524199
proche_identite,1.00318336,0.00201334665,0.00406327331,-0.00299521815,0.996036112,-0.00152238412,0.00382787082,-0.00312243612,0.997837901,1.00553095,0.997564912,0.993968606
proche_identite,1.00179017,0.000483521668,-0.00192943309,-0.002685552,1.00020278,-0.00440125028,9.68681488e-05,0.00203951099,0.998708606,1.00238132,1.00070477,0.997629344
proche_identite,1.00013053,0.000284089881,5.97920371e-05,-0.000167064107,1.00000501,9.83567879e-05,0.000289752876,-3.91556496e-05,1.00026405,1.00039291,1.00003517,0.999971509
proche_identite,1.00063467,-3.87615291e-05,0.000531366095,2.33554911e-05,0.999658823,0.000494242762,-0.000209054968,0.000323773012,0.999625206,1.0006634,1.00003326,0.999222159
proche_identite,1.00086832,-0.00051944959,-0.000620362756,-0.000335977733,0.999761581,-0.000685114588,-0.000537521322,-7.69803955e-05,0.999506056,1.00114,1.00003564,0.998960435
proche_identite,0.99497056,0.000290591503,0.00277751638,0.00481011253,0.991569221,0.00363793341,0.00144234183,0.00695840176,1.00634933,1.0086298,0.994997919,0.989269853
proche_identite,1.00120318,0.00114589091,-0.00157477474,0.00172161649,1.0018723,-0.00148295891,0.00121931452,-0.000691606896,0.997766733,1.00318444,1.0001713,0.997488499
proche_identite,1.00465298,0.00550401257,0.00465394696,-0.00426166225,0.999937594,0.00125338777,-0.00889966916,-0.00187540345,1.00156629,1.00585103,1.0005089,0.99986881
proche_identite,1.00265729,-0.00144823757,-0.00229109987,-0.00220653624,1.0016706,0.0017475083,-0.00146063627,0.00278522377,1.0007385,1.00573039,1.00048363,0.998853028
proche_identite,0.997959197,-0.00609347085,-0.00346932956,0.00570780784,1.00629222,-0.0043349117,0.00448764209,-0.0012846312,0.997267663,1.00711846,0.99808985,0.996363759
proche_identite,0.998808384,-0.000829348108,0.00349453627,-0.00552219059,1.00567067,-0.00620021159,0.00336033315,-0.000492476334,1.00074613,1.00925493,0.999808609,0.996175349
proche_identite,1.00702178,0.00768353324,0.00423646299,0.00444145314,0.994059563,0.00582613423,0.000898449274,0.00382986409,0.998602331,1.01090503,0.998757243,0.990027845
proche_identite,1.00534093,-0.00767277414,-0.00824556127,0.00778550282,0.998383343,-0.00187595072,-0.00329078035,0.00763488514,0.993502319,1.00784802,0.999205232,0.990261555
proche_identite,0.999792218,0.000369067682,0.000296293059,0.000404125225,0.999762833,0.000852031459,0.000137183728,0.000460994343,1.00015914,1.00081086,0.999697506,0.999205887
proche_identite,1.0006839,0.00044948532,0.000231868413,-0.00104777189,0.996992767,-0.00238670153,-0.00221053581,-0.00197462738,1.00235593,1.00339198,1.00050855,0.996134222
proche_identite,1.00001097,0.000226513293,0.000956237142,0.00188467046,1.00032437,0.00191513798,-0.00214057439,-0.00206598965,1.00137448,1.00179219,1.00089407,0.99903065
proche_identite,0.999216676,-0.000458272756,0.000796821259,-0.000440400065,0.999488235,-0.000728384184,2.23060306e-05,-0.000200541544,0.999215364,1.00020683,0.998907804,0.998805821
proche_identite,1.00472116,0.000934390409,0.00573744858,0.000519180263,0.995771587,-0.00192859746,-0.00244127144,0.00246807537,0.994212508,1.00504351,0.995726645,0.993956685
proche_identite,1.0048008,-0.0025717821,-0.00315414113,-0.00693386002,1.00148618,-0.00340732979,-0.00770872599,-0.00606670603,1.00360453,1.00970757,1.0069201,0.993275464
proche_identite,1.00028074,-0.00328484736,0.00214792555,-0.000354727847,1.00276446,-0.00266363402,-0.00392157026,0.00227920711,1.00074553,1.00375426,1.00115025,0.998903632
proche_identite,1.00011265,4.11343972e-05,1.25618699e-05,-0.000248334749,0.999761403,-0.000374936964,0.000222101255,0.000277403771,1.00037372,1.00042927,1.00008583,0.999732733
proche_identite,1.00639641,-0.00546663161,0.00378288142,0.00223639677,0.998883784,0.00152181461,-0.00221768464,-0.000363163417,0.994119048,1.00677395,0.998672426,0.993977547
proche_identite,0.999281287,0.00332305604,-0.00295287813,-0.00218794541,0.997890949,-0.000873024925,0.00336441095,-0.00146707182,1.00402236,1.00424647,0.999483943,0.997481704
proche_identite,1.00700831,0.00650686165,-0.00479101669,0.00546499575,1.00626361,0.00465133181,-0.00560112903,0.00760561554,1.00011969,1.0126574,1.00838923,0.992347598
proche_identite,1.0020318,0.00355062541,-0.000530827383,0.00682822242,1.00639033,-0.00697257556,-0.00235885475,0.00189583085,1.00038719,1.01067388,0.999605298,0.998553216
proche_identite,0.993640482,0.0062588104,0.0052761226,0.00574976811,0.998702228,0.00512237567,0.00300385617,0.00667769834,1.00272989,1.00991535,0.995506585,0.989652574
proche_identite,1.00192964,-0.00539803365,7.59573741e-05,-0.00535277231,0.997564375,0.000488689693,0.00136948272,-0.00070861273,1.00505555,1.00601041,1.00460327,0.993936598
proche_identite,1.00308061,-0.000918756763,-0.00360907405,0.0038534787,0.995601475,-0.00129913969,-9.48925754e-06,0.00328615773,1.00254452,1.00467455,1.00147963,0.99508667
proche_identite,0.996602356,-9.09642677e-06,0.00367406639,-0.000968768902,1.00788569,0.00476552965,-0.000748832128,0.00379699585,0.995329022,1.00920725,0.997322261,0.993292868
proche_identite,1.00282848,-0.00269102817,-0.000187792641,-0.00159211457,0.999375999,-0.00249819621,-0.000992845162,-0.00138980651,0.999478757,1.00387883,1.00098085,0.996824324
proche_identite,1.00094414,0.000748658436,-0.000360328908,0.00247083604,0.999044418,0.00100978266,0.00132451893,0.00231944956,0.998385251,1.00229859,0.999184191,0.996892869
proche_identite,0.995265901,0.00361929927,0.00311991549,-0.00136492425,1.00582433,-0.00278272713,-0.00411025668,0.0054998002,0.99509424,1.00610864,0.995689452,0.994422853
proche_identite,1.00311792,-0.000880928943,0.00221163593,-0.00898800604,0.999034286,0.0053556175,-0.00739892852,-0.00393493054,0.992526472,1.00688636,0.995943785,0.991909802
proche_identite,1.00011027,0.000121311095,-1.91841391e-05,6.92658887e-06,1.00014234,7.36687216e-05,2.97257648e-05,0.000164945464,1.00004721,1.00024676,1.00009382,0.999959111
proche_identite,1.00478637,3.52093593e-05,-0.00369709893,-0.00230763108,1.00047433,-0.00214744173,-0.0048708492,0.00326892408,0.998444855,1.00718522,1.00023901,0.996290386
proche_identite,0.996769309,-0.00308902608,-0.00286584836,-0.00372246304,1.00399172,-0.000248609664,0.00101612986,-0.000321733824,1.00360024,1.00534821,1.00371087,0.995306075
proche_identite,0.999250531,-0.000383911014,0.00129564514,-0.00473078014,0.993791282,0.000103537212,-0.000404680148,0.00539775472,1.00084996,1.0018872,1.00006878,0.991948187
proche_identite,0.998362422,0.000643045758,0.000981029007,0.000318072882,0.999306738,0.000842414214,-0.000161013217,-0.0011840557,1.00012076,1.00021732,0.999508977,0.998064995
proche_identite,1.00936759,0.00230224477,-0.00762837054,0.0066054943,1.00105214,-0.00482260808,0.000582270324,0.00455653062,0.991795421,1.01186311,0.999320805,0.991074622
proche_identite,1.00211895,-0.00162263727,-0.00337209436,-0.00183592748,0.99373138,0.00249643368,-0.00508408202,-0.00643254071,1.00511956,1.00814033,1.00014174,0.992708623
proche_identite,0.994096518,-0.00681669358,-0.000493195315,-0.00461406726,0.995455742,0.0024477907,-0.00503564952,-0.00598999159,0.995611429,1.00059724,0.996889889,0.987700999
proche_identite,0.99985826,0.00723413657,-0.00514900777,0.00248017814,0.992081106,0.00626527891,0.00591856008,0.00761084724,1.00078201,1.00601482,0.999808669,0.986934662
proche_identite,0.998150587,0.00188315811,-0.00015397933,-0.00164491299,0.99767369,-0.000467043137,0.000433477719,0.000313990895,0.999139309,0.999161363,0.998166144,0.997639418
proche_identite,0.994259953,-0.00680252863,-0.0045801471,-0.00303296652,0.997766137,0.00157111941,0.00443611108,-0.00206499058,0.99527669,1.00124824,0.995293021,0.990788817
proche_identite,0.99387151,0.00238101487,0.000250250247,-0.00417003082,1.00092161,-0.00555909239,-0.00643341662,0.00202610204,0.996616304,1.00156879,0.998316646,0.99156028
proche_identite,0.997815192,-0.00304868934,-0.00288969348,-0.00159898016,0.998302162,-0.0018138109,-0.00426292792,-0.0036088482,1.0013957,1.00388682,1.00036871,0.99325937
proche_identite,1.00544083,0.00293656578,0.00149303651,0.00084056356,0.998452663,0.00363429124,0.00187021482,-0.00414820854,1.00079656,1.00636423,1.00052249,0.997819722
proche_identite,1.00309038,0.000975132862,0.00108617451,0.00156856736,1.00119495,0.00174489373,-0.00248059514,0.00204059388,0.999248028,1.00374579,1.0020014,0.997789621
proche_identite,0.997941852,-0.00536779221,-0.00646315888,0.00258361944,0.997529984,0.00297355861,-0.000184378718,0.00652804598,1.00132084,1.00609565,0.99660784,0.994118035
proche_identite,1.00611317,0.00262818858,-0.00366995158,0.000208381578,0.995110631,0.00517566269,0.00519708404,0.00698909769,1.00621557,1.00940704,1.00569403,0.992360175
proche_identite,0.999809921,0.00177535682,-0.00607222831,-0.00664447108,0.99976939,0.00357814669,-0.00616333541,0.00329128839,1.00604701,1.01132667,0.998281479,0.996035933
proche_identite,1.00327027,-0.00589874666,-0.00406709081,0.00241534645,1.00607538,-0.00320945634,0.00216662395,0.00408921484,1.00712132,1.00789642,1.00625336,1.00235724
proche_identite,1.002406,0.000921269238,-0.00248730578,-0.00102656847,0.998098254,-0.00245870044,0.000234962528,0.000667786691,1.00228262,1.00353718,1.00135684,0.997898102
proche_identite,1.00121844,0.000392713991,0.000166186132,0.00104928913,0.999195814,0.00115686969,-0.000830709934,-0.000651050126,1.00065053,1.00151908,1.00064909,0.998897791
proche_identite,1.00150645,-0.00239953957,0.000799163186,0.00656151399,0.999439061,0.00471053412,0.00368884485,-0.00698132021,1.00586677,1.00684988,1.00242543,0.997593105
proche_identite,0.998356104,-0.00135721499,-0.00232831039,0.00237919064,1.0014199,-0.000748463382,0.00346000423,0.00153997261,0.998733222,1.00159013,0.998987913,0.997944236
proche_identite,0.997212768,0.00582595775,-0.00335474149,0.00536229787,0.996992826,-0.00088558736,-0.004471594,0.00273854262,1.00118542,1.00455379,1.00044262,0.990398228
proche_identite,0.996320248,0.006696973,0.00192982366,-0.00725068105,0.992999434,-0.00332293916,-0.00645617396,-0.00301819458,1.00060678,1.00244641,0.995909452,0.99163729
proche_identite,1.00010252,-0.00293987873,-0.0020310299,-3.37257443e-05,1.00290787,0.00145079871,-0.00278181233,-2.34323852e-05,0.998761415,1.00411749,1.00074196,0.996914983
proche_identite,1.0007503,-0.00585991517,0.00496317353,0.0050817919,0.998899162,0.00593439769,-0.00137049565,0.00159362005,1.00107503,1.00434494,1.00072873,0.995695591
proche_identite,0.996732056,-0.00657051383,0.00372910174,0.00530286459,0.995519817,-0.00678975787,0.0057618795,-0.00163997768,0.995941579,1.00277054,0.995450079,0.990016103
proche_identite,1.00328946,0.000571442477,-0.00122536463,-0.00132516259,1.00252914,0.000916756457,-0.00068528991,-0.000885371934,0.998304546,1.00359762,1.00239992,0.998127401
proche_identite,0.995230913,0.00233169505,0.00609886274,-0.0049583097,0.996669292,-0.00285393931,-0.00281155622,0.00605061464,0.994722903,0.997681379,0.996664762,0.992330074
proche_identite,1.00365818,0.000283871748,-0.00202407734,0.00118104916,0.997997344,-0.00120680803,0.00351992971,-0.00163366634,1.00317895,1.00422084,1.00311828,0.997503281
proche_identite,0.997563183,-0.00276710815,0.0035396968,-0.00209425762,0.997572005,-0.00425007101,-0.00403281627,-0.00190248818,1.0031091,1.00457799,0.999237716,0.99444437
proche_identite,1.00179613,0.00305460137,-0.00135808857,0.00059347332,0.997289121,0.00190077047,-0.00194163714,-0.00300691184,1.00179279,1.00389063,1.00034869,0.996646464
proche_identite,1.00108325,0.00073310174,-0.000561702007,0.000287961011,1.00074172,-0.000720238604,-0.000634116528,-0.000221896669,1.00041854,1.00185394,1.00037634,1.00001323
proche_identite,0.995430827,0.00377058447,0.000935987046,-0.00482379599,0.99746722,0.00106137653,0.0046729981,0.0023816321,0.997692823,1.00013161,0.997401953,0.993079722
proche_identite,0.99799341,0.00606881687,0.00673108175,-0.0044212644,0.998780429,0.0041408306,-0.00516840862,0.0052017998,1.00093937,1.00487053,0.99784869,0.995057106
proche_identite,1.00503004,0.00473643839,-0.000988618121,0.0059730676,0.994568706,-0.00594111346,-0.00172969594,-0.00584740471,1.00672388,1.01119959,1.00438893,0.990734577
proche_identite,0.993097544,-0.00399373658,-0.00147659692,-0.00711984327,1.0023874,-0.00159297616,-0.0067976662,0.00515897432,0.997499406,1.00636327,0.997334957,0.989306986
proche_identite,1.0012033,0.00046935174,-0.0012819746,-0.00135577377,1.0006876,-0.00106592407,0.000932397204,-0.000407372368,0.999391079,1.00148809,1.00079215,0.999003947
proche_identite,0.999465942,0.000647543347,0.000776563305,0.000681556296,1.00049424,0.000478439761,-0.000723768782,-0.00048208973,0.999461234,1.00082064,0.999463439,0.999138117
proche_identite,1.00129426,-0.00336811109,-0.000859413936,-0.00233265269,1.00004447,0.000170695334,0.00481567252,0.00250640814,0.999149323,1.00372219,1.00073218,0.996043444
proche_identite,1.00079894,-0.000425531412,0.000336452445,0.000892955228,0.999208033,-0.000148351086,0.000511774269,0.000918592035,1.00004232,1.00106525,0.999929547,0.999055207
proche_identite,0.994494259,0.000533942482,-0.00421490893,-0.00424505724,1.00114822,0.00582368067,0.0020368977,-0.00682332879,1.00937665,1.00949824,1.00165176,0.993924439
proche_identite,1.00185907,0.00149303721,-0.00154167763,-0.000347757596,1.001436,-0.00156422076,-0.00257701147,0.000792040315,0.998059869,1.00304806,1.00115407,0.997155368
proche_identite,0.99553895,-0.00556965545,0.00144391891,-0.00331301172,0.995464444,-0.00414050044,-0.00200140243,-0.0017847881,0.996178925,1.00081706,0.996240973,0.990129888
proche_identite,0.997485042,0.0033058275,0.00684423512,0.00251406478,1.00769389,-0.00763721857,0.00287291524,-0.0055356482,1.00111854,1.01176906,1.00293338,0.991600335
proche_identite,1.00097263,-0.00106404303,0.00126751559,-0.00164975657,1.0011152,-0.000418463402,-0.0019508691,-0.00198218669,0.999114811,1.00253665,1.00044072,0.99822855
proche_identite,0.997620106,0.00437348243,-0.00198738999,0.00112888624,0.997633517,-0.00623666774,0.00436392939,0.00592943653,1.00376368,1.00403404,1.00025642,0.994776547
proche_identite,0.990333378,-0.00580769498,-0.00397315016,0.00399307813,1.00241303,0.00667215046,-0.00740964897,0.000777454872,0.991632938,1.00413859,0.995203018,0.985073745
proche_identite,1.00218928,-0.000142937875,-0.000315428799,8.17889595e-05,1.00237119,-0.000662399398,0.00215695146,0.00286552822,1.00262237,1.00389576,1.00229561,1.00099599
proche_identite,0.993189037,-0.00390056684,-0.00473242486,0.00129000191,0.996926308,0.00284499046,-0.0054847952,-0.00542559987,0.999780893,1.00261545,0.997337461,0.989967465
proche_identite,1.00220299,0.00298828841,0.00332453963,0.000494965701,1.00287056,-0.00208530622,-0.000314365432,-0.00277951593,1.00100577,1.00475144,1.00322366,0.998109162
proche_identite,0.997154951,0.000503777177,-0.00102466496,-0.00174933497,1.00392139,0.00137778441,-0.00497381017,-0.00455664704,1.00034606,1.00457323,1.00171876,0.995144427
proche_identite,1.00115669,0.000143577898,-0.00117282488,-0.00135959499,1.00149727,0.00118188071,-0.00151294807,-0.00111034559,1.00119805,1.00269997,1.00141811,0.999735773
proche_identite,0.997998476,-0.0014881629,-0.00502420403,-0.00137074315,0.995313227,0.00362326321,0.00275180163,-7.35723052e-06,1.00507081,1.00565434,0.998201191,0.9945454
proche_identite,1.00207555,7.6378783e-05,0.0063078762,0.00136692543,1.00503898,0.00383592187,-0.00722366851,0.00157884427,1.00249279,1.00679219,1.00243425,1.00042832
proche_identite,0.997555554,0.00361880218,-0.000569310214,0.00561910914,0.994920373,-0.00154256483,-0.00272644125,0.000964912935,1.00166023,1.00290442,0.999856651,0.991378903
proche_identite,0.999457777,-0.000271867873,0.00028407629,-0.000169346022,1.00081456,0.000645486813,-0.000953219016,2.57865449e-05,1.00055027,1.001127,1.00034332,0.999352694
proche_identite,1.00209451,-0.00712894835,-0.00671950448,-0.000526266464,1.00430071,0.00594805973,-0.00408296427,-0.00408603437,0.996529162,1.00868845,1.00116146,0.993112266
proche_identite,0.999662459,-5.53003047e-05,2.8550452e-05,0.000169768959,0.99999851,-3.78154873e-05,-0.000126912913,-3.32357595e-05,0.999724925,1.00001442,0.99973917,0.99963218
proche_identite,1.0045948,-0.00333935488,0.00511727808,0.00342471804,1.0005517,-0.0047163032,-0.00347753777,-0.00141738541,0.994508684,1.00468886,1.0018208,0.993178129
proche_identite,1.00490904,0.0043739276,-0.00538064307,0.00388324028,0.993515491,0.00295288768,-0.000407629617,-0.00187685934,1.00308061,1.0077312,1.00179005,0.991995931
proche_identite,0.999887645,-0.000749280851,-0.0011870059,0.000965381216,1.00050282,0.000945529144,0.000376624201,0.00119486835,1.00048029,1.00158894,1.00006521,0.999217927
proche_identite,0.999503314,6.33031668e-05,0.00050853414,0.000255701016,0.999964178,0.000362282823,6.25184839e-05,0.000247412041,1.0000788,1.00044239,0.999720454,0.99938345
proche_identite,0.99667412,-0.0021922756,-0.00389796542,-0.0050009219,0.992274225,-0.00460856687,-0.0016129025,-0.00761324307,0.999767601,1.00327218,0.998639822,0.986809552
proche_identite,1.00174975,-0.00294207106,-0.0031230757,-0.00128643052,1.00305545,0.00092393771,-0.00170101842,0.0028427809,0.999039531,1.0059042,1.0003897,0.997552931
proche_identite,0.992325723,-0.00420258753,0.00260210992,-0.00621769996,1.00355005,-0.00521534961,0.00728606619,0.00800305605,0.997227371,1.00564873,0.999922633,0.987582088
proche_identite,0.997285068,-0.00355263799,0.00252979225,0.00381277478,1.00231397,-0.00117275701,0.0048911944,0.00446709152,0.996702671,1.0030793,1.00010228,0.993143082
proche_identite,1.00111139,-0.000578048639,-0.00234477525,2.67847008e-05,0.999893725,0.00212543947,-0.00206044433,0.00199628389,1.0008291,1.0038873,1.00021172,0.997735441
proche_identite,1.00118589,-0.00325163803,-0.00527283549,-0.00112947682,0.997891843,0.00555877108,-0.00122675288,0.00125955604,0.997055531,1.0048945,0.997388661,0.993860126
proche_identite,0.992700875,-0.000793238636,-0.00286659249,0.00050641672,1.00462985,-0.00112408551,-0.0022133484,0.00321060629,0.997205377,1.00479734,0.99819231,0.991551638
proche_identite,1.00761116,0.000126868792,-0.00789743662,-0.000329642789,1.00460517,-0.00275177206,-0.000291288161,-0.00556343701,1.00765789,1.01287019,1.00632739,1.00069308
proche_identite,0.997977555,-0.00349171879,0.00394967385,0.0057086125,0.991835237,0.00408835243,0.00814022403,0.00552305626,0.997048676,1.00491524,0.993664682,0.988307714
proche_identite,1.00045455,0.00233606901,-0.00684548263,0.00753533281,1.0084368,-0.00629227189,0.00327525637,0.00239934819,0.991553843,1.01114106,0.998190403,0.991164863
proche_identite,0.994605541,-0.00357279228,-0.0015671486,0.00376671576,0.995568752,0.00435691141,-0.00305673387,0.00518160407,1.00778353,1.00973344,0.994975686,0.993263006
proche_identite,1.00102448,0.00117275282,0.00272653648,-0.00126406539,0.99958539,0.00154364097,0.00135793095,-0.00023910348,0.999739707,1.00256526,0.999746025,0.998040974
proche_identite,0.997912765,-0.00102261896,0.000232970706,-0.00410720753,0.999116778,-0.00391222723,0.00583899487,-0.00513291266,0.999953389,1.0060277,0.995990455,0.994975388
proche_identite,1.00390804,0.00437940378,0.00209549442,-0.00601898553,0.999744117,-0.00544866174,-0.000324712746,-0.000534276711,0.998013914,1.00449741,1.00143301,0.995770216
proche_identite,0.994122624,-0.0051187817,0.00391012011,-0.00341482158,1.00625241,-0.00400769059,-0.00421782071,-0.00150963035,1.00636566,1.00966966,1.00438404,0.992705822
proche_identite,0.998741865,-0.000692782283,0.000141370794,0.00107414392,0.999265015,0.00052174041,-0.00181179843,-0.00196843455,0.99789834,0.999860406,0.998804092,0.997244
proche_identite,0.998255551,-0.000296963815,-0.00586412055,0.00562975835,0.99487251,-0.00272954418,-0.00463400362,0.0029299655,0.99354738,1.00232065,0.99471128,0.98966074
proche_identite,0.994862139,-0.00412658323,0.0011450547,0.00597465038,1.0047344,-0.000130640983,-0.00454251422,0.00265055243,0.993789673,1.00494337,0.996123314,0.992355108
proche_identite,1.00071537,-0.000754952023,-0.00153311144,0.000268405303,1.00072992,-0.000564112153,-0.00114984845,-9.57212137e-07,0.999153018,1.00149357,1.00077903,0.998326063
proche_identite,0.997082114,0.00107946759,-0.00194046961,-9.87253952e-05,1.00229001,-0.0038046476,-0.00282209949,0.00114956405,1.00379527,1.00523579,1.00161493,0.996323466
proche_identite,0.998505712,-0.00136811147,0.00364682986,-0.00350755872,0.997321129,-0.00241668592,-0.00269732415,-0.00238727871,1.00056469,1.00254846,0.998951256,0.994903028
proche_identite,0.991503,-0.00127600413,0.00569117814,-0.0086583402,0.998858273,-0.00682903407,0.00376628479,-0.00795939285,0.993848145,1.00712597,0.98941952,0.987678885
proche_identite,1.00170505,-0.00375345536,0.00112671999,-1.72758555e-05,1.00306213,-0.00155631686,-0.00242660334,0.00363964424,1.00518823,1.00608349,1.00350451,1.00038064
proche_identite,1.00304914,-0.000275856873,0.00243322039,0.0014626513,1.00047612,-0.000440534961,-0.000526877993,0.00193809357,0.997078419,1.00337231,1.00042093,0.996814728
proche_identite,1.00600791,-0.00120192429,0.00606908882,5.34914398e-05,0.993534207,0.00627626432,-0.00192252814,0.00217103749,1.00510526,1.00810337,1.00450635,0.992058098
proche_identite,0.992329657,-0.0058786883,-0.00555280689,-0.000306777132,1.00875974,0.00747846905,0.0063553513,-0.00324618234,1.0075407,1.01067197,1.0062865,0.991743207
proche_identite,0.993002951,-0.00787845813,-0.00564472144,0.00787354354,1.00206125,-0.00107128394,3.39873332e-05,-0.00833470188,0.996060073,1.00481892,0.995650649,0.990738392
proche_identite,1.00682878,-0.00441309111,0.00714087579,-0.00849937648,0.996293962,-0.00647914875,-0.00612429995,0.00283071934,0.993757188,1.01002371,0.994899035,0.992026985
proche_identite,0.999692321,-0.00767604308,-0.00725214602,-0.000751763233,0.999473274,-0.00630941754,-0.000752039952,0.00484099658,1.00758862,1.00939655,1.00290155,0.994509637
proche_identite,0.999478042,-0.000666311476,0.000155341622,-0.000777558133,1.0006237,0.00013451236,0.000245654752,0.000955790514,1.00116301,1.00152874,1.00069261,0.999043584
proche_identite,1.00106597,-0.00460390002,0.00418812782,0.000660626392,0.997343004,0.0031007051,0.000633153133,-0.00383359543,1.00045133,1.00368226,0.998820305,0.996379852
proche_identite,1.00080967,-0.000516435772,-0.000488812628,0.000407081709,0.999406099,0.000151659871,0.00018473051,6.71525995e-05,0.999542952,1.00083101,0.999583066,0.999345005
proche_identite,1.00072217,-0.000870624615,0.00245202798,0.00241775555,1.00231719,-0.00134605088,-0.0013954672,0.00208437815,0.998292089,1.00269902,1.00046623,0.998175442
proche_identite,1.0007174,-0.00444910582,0.00102489407,-0.000386061874,1.00191629,0.00529764174,0.00285215932,-0.000961791782,1.00119233,1.0040251,1.00291479,0.996900797
proche_identite,0.993218184,-0.00425463822,0.00506839994,0.00123884866,0.992655098,0.00600631442,-0.00838463847,0.00734847132,1.00471032,1.00799894,0.993082583,0.989555597
proche_identite,1.00047958,0.00138521206,0.00196932489,-0.0049286806,0.998837292,-0.00244715274,-0.00484823482,-0.00219439389,0.998324275,1.00162125,1.00076401,0.995277524
proche_identite,1.00022388,-0.000456000445,-0.000567756128,-0.000370252354,1.00038874,0.000970279856,0.000609368668,0.000348983187,0.999905348,1.00099599,1.00015938,0.999363124
proche_identite,1.00327635,0.00425588386,0.00309403613,-0.00302384957,1.00329673,-0.000208836369,0.00140425912,0.00128239708,0.998297751,1.00460589,1.00286055,0.997419059
proche_identite,0.999975383,0.00028461832,0.000276108301,-0.000524818897,0.999620378,-0.000471810199,0.00031327008,-0.000446355465,1.00006306,1.00052953,0.999802828,0.999326646
proche_identite,0.992414117,0.00344075914,0.00107571087,0.00291858497,0.991865039,0.00104204507,-0.00912023894,-0.00389064709,1.00731635,1.00863457,0.99421519,0.988777876
proche_identite,0.999872744,-0.00113371259,0.000546219235,-0.00447406573,0.997223318,0.00239229877,0.000539343746,-0.00467385538,0.995821834,1.00184381,0.996215165,0.994874299
proche_identite,1.00098586,0.00127504475,0.00129771978,0.000642609142,1.00142825,0.000525715761,-0.00157864846,-0.000328282622,1.00023174,1.0021919,1.00039983,1.00005651
proche_identite,1.00250876,0.00154599908,-0.00302096782,0.00195019075,0.996745884,8.29884375e-05,0.0025753465,0.00381309795,1.00241113,1.00328791,1.00269079,0.995698452
proche_identite,0.999009073,-0.00169133663,-0.00753803551,0.00619249372,1.00031137,0.000835673534,-0.00203177053,0.000227053009,1.00035822,1.00480497,1.00073206,0.994164765
proche_identite,0.999921918,9.61138139e-05,8.9019406e-05,0.000520462869,1.00029516,0.000363972329,0.000357119919,0.000372006121,1.0001936,1.00078297,0.999880552,0.999747217
proche_identite,0.998976827,-0.000481071096,-0.00034963584,-0.000906724599,0.998542786,-0.000625626941,-0.000164240861,0.000270320714,1.00159848,1.00162768,0.999482155,0.998008549
proche_identite,1.00106239,0.000454970956,-0.00258891261,-0.000460974756,0.998265326,-0.00159946049,-0.00326381461,-0.00303272437,0.99761945,1.00304878,0.999157906,0.994741261
proche_identite,0.999780715,-0.00881324522,-0.00279828953,-0.0089885788,0.994660437,0.00589437457,-0.00637422269,0.00896086264,1.00281501,1.01314569,0.996979415,0.987136722
proche_identite,1.00085652,-0.0071458607,0.00505122216,-0.00402914872,0.995330513,0.0069556362,0.0051300209,0.00454946095,1.00114858,1.00610912,1.00363207,0.9875983
proche_identite,0.997303128,-0.00303557399,-0.00261228997,-0.00560222333,0.998735428,-0.00552734034,-0.00045997274,0.00129181065,0.995183766,1.00245953,0.997026324,0.991751015
proche_identite,1.00021768,0.000314263394,-0.000240941139,-0.000201569695,0.99998945,0.000134144153,-7.45068246e-05,-0.00021960189,1.00000787,1.0003171,0.999976814,0.999921143
proche_identite,1.00426304,-0.00461405935,0.00538088428,0.0029350603,0.994722068,0.000934290176,-0.0011745661,-0.00455293898,1.00349426,1.00631773,1.00183988,0.994354308
proche_identite,0.99702245,0.000807390083,0.00255920761,0.0072394656,1.00845289,0.00715414016,0.00252031512,0.00722084288,0.993323505,1.01272464,0.995763004,0.990321457
proche_identite,1.00060213,-0.000665485975,0.000819312176,0.000856266881,1.00037313,-2.17693178e-05,-0.000142092453,-0.000459618663,1.00078726,1.00107419,1.00056231,1.00012684
proche_identite,1.00730658,-0.00367556885,0.00678490056,0.00354303909,0.99862498,0.00525939418,0.00451749517,0.00443260092,1.00240421,1.01160097,1.00238132,0.994367957
proche_identite,0.998180449,-0.000558900763,0.000201758536,-0.000492817373,1.00140715,-4.95784589e-05,0.00224915985,-0.00188964035,1.00205994,1.00310433,1.0007354,0.997809649
proche_identite,0.996805787,9.97358802e-05,-0.000110685389,0.000293288787,0.999799013,0.00295888656,0.00368807791,0.000160333351,0.995393217,1.00046384,0.997609198,0.993930578
proche_identite,1.00114954,0.000785575423,0.000571339217,0.00143176888,1.00203013,-0.000869847951,-0.000207472171,0.000699746248,1.00075924,1.00278342,1.00084651,1.00030982
proche_identite,1.0014838,-0.00049615535,0.000765555131,0.0012844553,0.998642147,0.00129099714,-0.00104353228,0.000236425578,1.00100899,1.00154197,1.00123286,0.998362064
proche_identite,0.997646332,0.00504366774,0.00293372059,0.00653301924,1.00284684,-0.000144088699,0.00703376485,0.000877270882,0.999570787,1.00786495,1.00049138,0.99171257
proche_identite,1.00202465,-0.00364364544,-0.0038413906,-0.000657161057,0.999681532,0.00247406098,-0.00266722706,0.00259543816,1.00289917,1.00721347,0.999181271,0.998213232
proche_identite,1.00613451,-0.00809492357,-0.00475797523,0.000490073115,0.996720493,-0.00708502391,0.00365422573,-0.00540086906,1.00430012,1.00883806,1.00606465,0.992289364
proche_identite,1.00286961,-5.8413254e-05,0.00904199202,0.00470663561,1.0067116,-0.00793009438,-0.00150988833,-0.00151411793,0.996850252,1.00874543,1.00469482,0.993035078
proche_identite,1.00132537,-0.00501676043,0.00434679072,-0.00238364888,0.999662578,-0.0059590782,0.00325277657,0.00207105675,0.993419826,1.00572181,0.99683398,0.991870284
proche_identite,1.00835407,0.00641591987,0.00537204091,0.00931107253,0.997924268,0.00678001344,-0.00227542664,0.00696816808,0.992209494,1.01364481,0.997763872,0.987095833
proche_identite,1.00371277,0.000214346117,0.00315466197,-0.00110090745,1.00152957,0.00373556046,-0.00468031317,-0.00373365311,0.997209072,1.00388908,1.00145757,0.997134566
